yr,mon,dep_hour,delay_type,type_count
2010,1,0,None,570
2010,1,0,Slight,139
2010,1,0,Moderate,31
2010,1,0,Severe,49
2010,1,1,None,297
2010,1,1,Slight,52
2010,1,1,Moderate,17
2010,1,1,Severe,12
2010,1,2,None,73
2010,1,2,Slight,9
2010,1,2,Moderate,5
2010,1,2,Severe,5
2010,1,3,None,2
2010,1,3,Slight,2
2010,1,3,Moderate,0
2010,1,3,Severe,1
2010,1,4,None,33
2010,1,4,Slight,4
2010,1,4,Moderate,8
2010,1,4,Severe,9
2010,1,5,None,4269
2010,1,5,Slight,761
2010,1,5,Moderate,147
2010,1,5,Severe,170
2010,1,6,None,29359
2010,1,6,Slight,4565
2010,1,6,Moderate,1288
2010,1,6,Severe,1006
2010,1,7,None,28018
2010,1,7,Slight,5848
2010,1,7,Moderate,1748
2010,1,7,Severe,1217
2010,1,8,None,27078
2010,1,8,Slight,6952
2010,1,8,Moderate,2543
2010,1,8,Severe,1699
2010,1,9,None,22757
2010,1,9,Slight,6613
2010,1,9,Moderate,2816
2010,1,9,Severe,1793
2010,1,10,None,21776
2010,1,10,Slight,7063
2010,1,10,Moderate,3158
2010,1,10,Severe,2067
2010,1,11,None,23049
2010,1,11,Slight,7451
2010,1,11,Moderate,3468
2010,1,11,Severe,2313
2010,1,12,None,20796
2010,1,12,Slight,6841
2010,1,12,Moderate,3392
2010,1,12,Severe,2385
2010,1,13,None,22506
2010,1,13,Slight,8100
2010,1,13,Moderate,3946
2010,1,13,Severe,2852
2010,1,14,None,18948
2010,1,14,Slight,7204
2010,1,14,Moderate,3782
2010,1,14,Severe,2594
2010,1,15,None,18730
2010,1,15,Slight,7205
2010,1,15,Moderate,3868
2010,1,15,Severe,2845
2010,1,16,None,20207
2010,1,16,Slight,7613
2010,1,16,Moderate,4249
2010,1,16,Severe,3120
2010,1,17,None,20638
2010,1,17,Slight,7600
2010,1,17,Moderate,4618
2010,1,17,Severe,3513
2010,1,18,None,17535
2010,1,18,Slight,6888
2010,1,18,Moderate,4293
2010,1,18,Severe,3392
2010,1,19,None,16015
2010,1,19,Slight,6240
2010,1,19,Moderate,3922
2010,1,19,Severe,3150
2010,1,20,None,10003
2010,1,20,Slight,3637
2010,1,20,Moderate,2503
2010,1,20,Severe,2008
2010,1,21,None,8922
2010,1,21,Slight,2818
2010,1,21,Moderate,1583
2010,1,21,Severe,1193
2010,1,22,None,4698
2010,1,22,Slight,1310
2010,1,22,Moderate,677
2010,1,22,Severe,539
2010,1,23,None,1829
2010,1,23,Slight,438
2010,1,23,Moderate,207
2010,1,23,Severe,177
2010,2,0,None,496
2010,2,0,Slight,159
2010,2,0,Moderate,59
2010,2,0,Severe,32
2010,2,1,None,362
2010,2,1,Slight,91
2010,2,1,Moderate,30
2010,2,1,Severe,4
2010,2,2,None,54
2010,2,2,Slight,12
2010,2,2,Moderate,9
2010,2,2,Severe,2
2010,2,3,None,0
2010,2,3,Slight,0
2010,2,3,Moderate,0
2010,2,3,Severe,0
2010,2,4,None,23
2010,2,4,Slight,10
2010,2,4,Moderate,7
2010,2,4,Severe,4
2010,2,5,None,3800
2010,2,5,Slight,754
2010,2,5,Moderate,199
2010,2,5,Severe,172
2010,2,6,None,25860
2010,2,6,Slight,4773
2010,2,6,Moderate,1197
2010,2,6,Severe,965
2010,2,7,None,24217
2010,2,7,Slight,5661
2010,2,7,Moderate,1588
2010,2,7,Severe,1235
2010,2,8,None,23350
2010,2,8,Slight,6511
2010,2,8,Moderate,2277
2010,2,8,Severe,1532
2010,2,9,None,19193
2010,2,9,Slight,6554
2010,2,9,Moderate,2555
2010,2,9,Severe,1720
2010,2,10,None,18305
2010,2,10,Slight,6922
2010,2,10,Moderate,3197
2010,2,10,Severe,2058
2010,2,11,None,19418
2010,2,11,Slight,7185
2010,2,11,Moderate,3394
2010,2,11,Severe,2270
2010,2,12,None,16998
2010,2,12,Slight,6746
2010,2,12,Moderate,3412
2010,2,12,Severe,2405
2010,2,13,None,18574
2010,2,13,Slight,7662
2010,2,13,Moderate,3817
2010,2,13,Severe,2828
2010,2,14,None,15615
2010,2,14,Slight,6926
2010,2,14,Moderate,3619
2010,2,14,Severe,2644
2010,2,15,None,15542
2010,2,15,Slight,7255
2010,2,15,Moderate,3873
2010,2,15,Severe,2806
2010,2,16,None,16828
2010,2,16,Slight,7577
2010,2,16,Moderate,3971
2010,2,16,Severe,3103
2010,2,17,None,17214
2010,2,17,Slight,7540
2010,2,17,Moderate,4261
2010,2,17,Severe,3139
2010,2,18,None,14927
2010,2,18,Slight,6714
2010,2,18,Moderate,3801
2010,2,18,Severe,3169
2010,2,19,None,13970
2010,2,19,Slight,6208
2010,2,19,Moderate,3980
2010,2,19,Severe,3088
2010,2,20,None,8340
2010,2,20,Slight,3405
2010,2,20,Moderate,2252
2010,2,20,Severe,1725
2010,2,21,None,8515
2010,2,21,Slight,3044
2010,2,21,Moderate,1757
2010,2,21,Severe,1351
2010,2,22,None,4015
2010,2,22,Slight,1428
2010,2,22,Moderate,702
2010,2,22,Severe,541
2010,2,23,None,1573
2010,2,23,Slight,544
2010,2,23,Moderate,210
2010,2,23,Severe,161
2010,3,0,None,582
2010,3,0,Slight,233
2010,3,0,Moderate,78
2010,3,0,Severe,58
2010,3,1,None,422
2010,3,1,Slight,116
2010,3,1,Moderate,28
2010,3,1,Severe,26
2010,3,2,None,52
2010,3,2,Slight,11
2010,3,2,Moderate,5
2010,3,2,Severe,5
2010,3,3,None,20
2010,3,3,Slight,2
2010,3,3,Moderate,5
2010,3,3,Severe,8
2010,3,4,None,26
2010,3,4,Slight,13
2010,3,4,Moderate,5
2010,3,4,Severe,0
2010,3,5,None,4813
2010,3,5,Slight,876
2010,3,5,Moderate,186
2010,3,5,Severe,119
2010,3,6,None,32116
2010,3,6,Slight,5911
2010,3,6,Moderate,1290
2010,3,6,Severe,955
2010,3,7,None,29269
2010,3,7,Slight,6882
2010,3,7,Moderate,1838
2010,3,7,Severe,1222
2010,3,8,None,28664
2010,3,8,Slight,7310
2010,3,8,Moderate,2249
2010,3,8,Severe,1685
2010,3,9,None,23116
2010,3,9,Slight,7189
2010,3,9,Moderate,2564
2010,3,9,Severe,1656
2010,3,10,None,23026
2010,3,10,Slight,7896
2010,3,10,Moderate,3335
2010,3,10,Severe,2152
2010,3,11,None,22868
2010,3,11,Slight,7793
2010,3,11,Moderate,3453
2010,3,11,Severe,2297
2010,3,12,None,20844
2010,3,12,Slight,7635
2010,3,12,Moderate,3553
2010,3,12,Severe,2502
2010,3,13,None,22354
2010,3,13,Slight,8491
2010,3,13,Moderate,4023
2010,3,13,Severe,3010
2010,3,14,None,18294
2010,3,14,Slight,7898
2010,3,14,Moderate,3944
2010,3,14,Severe,3012
2010,3,15,None,19015
2010,3,15,Slight,8195
2010,3,15,Moderate,4255
2010,3,15,Severe,3316
2010,3,16,None,19169
2010,3,16,Slight,8314
2010,3,16,Moderate,4666
2010,3,16,Severe,3801
2010,3,17,None,19876
2010,3,17,Slight,8718
2010,3,17,Moderate,4811
2010,3,17,Severe,4284
2010,3,18,None,17853
2010,3,18,Slight,7492
2010,3,18,Moderate,4432
2010,3,18,Severe,4053
2010,3,19,None,16507
2010,3,19,Slight,7291
2010,3,19,Moderate,4427
2010,3,19,Severe,4011
2010,3,20,None,10143
2010,3,20,Slight,4361
2010,3,20,Moderate,2877
2010,3,20,Severe,2812
2010,3,21,None,9848
2010,3,21,Slight,3781
2010,3,21,Moderate,2146
2010,3,21,Severe,1942
2010,3,22,None,4772
2010,3,22,Slight,1769
2010,3,22,Moderate,807
2010,3,22,Severe,701
2010,3,23,None,1835
2010,3,23,Slight,609
2010,3,23,Moderate,274
2010,3,23,Severe,165
2010,4,0,None,667
2010,4,0,Slight,260
2010,4,0,Moderate,66
2010,4,0,Severe,44
2010,4,1,None,325
2010,4,1,Slight,63
2010,4,1,Moderate,24
2010,4,1,Severe,6
2010,4,2,None,68
2010,4,2,Slight,11
2010,4,2,Moderate,5
2010,4,2,Severe,4
2010,4,3,None,28
2010,4,3,Slight,1
2010,4,3,Moderate,1
2010,4,3,Severe,0
2010,4,4,None,27
2010,4,4,Slight,3
2010,4,4,Moderate,0
2010,4,4,Severe,0
2010,4,5,None,4030
2010,4,5,Slight,427
2010,4,5,Moderate,94
2010,4,5,Severe,76
2010,4,6,None,33436
2010,4,6,Slight,4307
2010,4,6,Moderate,864
2010,4,6,Severe,686
2010,4,7,None,31250
2010,4,7,Slight,5752
2010,4,7,Moderate,1286
2010,4,7,Severe,886
2010,4,8,None,30499
2010,4,8,Slight,6452
2010,4,8,Moderate,1729
2010,4,8,Severe,1093
2010,4,9,None,23602
2010,4,9,Slight,5825
2010,4,9,Moderate,1735
2010,4,9,Severe,1032
2010,4,10,None,25945
2010,4,10,Slight,7220
2010,4,10,Moderate,2402
2010,4,10,Severe,1357
2010,4,11,None,24402
2010,4,11,Slight,6836
2010,4,11,Moderate,2408
2010,4,11,Severe,1410
2010,4,12,None,23314
2010,4,12,Slight,6696
2010,4,12,Moderate,2593
2010,4,12,Severe,1523
2010,4,13,None,24707
2010,4,13,Slight,7648
2010,4,13,Moderate,2889
2010,4,13,Severe,2036
2010,4,14,None,20018
2010,4,14,Slight,7384
2010,4,14,Moderate,3065
2010,4,14,Severe,1959
2010,4,15,None,21498
2010,4,15,Slight,7654
2010,4,15,Moderate,3421
2010,4,15,Severe,2315
2010,4,16,None,20738
2010,4,16,Slight,7275
2010,4,16,Moderate,3454
2010,4,16,Severe,2422
2010,4,17,None,21778
2010,4,17,Slight,7989
2010,4,17,Moderate,4103
2010,4,17,Severe,2702
2010,4,18,None,20125
2010,4,18,Slight,6982
2010,4,18,Moderate,3676
2010,4,18,Severe,2686
2010,4,19,None,18263
2010,4,19,Slight,6463
2010,4,19,Moderate,3485
2010,4,19,Severe,2721
2010,4,20,None,12163
2010,4,20,Slight,4192
2010,4,20,Moderate,2501
2010,4,20,Severe,1848
2010,4,21,None,9502
2010,4,21,Slight,3328
2010,4,21,Moderate,1713
2010,4,21,Severe,1247
2010,4,22,None,5438
2010,4,22,Slight,1585
2010,4,22,Moderate,689
2010,4,22,Severe,435
2010,4,23,None,1717
2010,4,23,Slight,523
2010,4,23,Moderate,225
2010,4,23,Severe,151
2010,5,0,None,708
2010,5,0,Slight,198
2010,5,0,Moderate,107
2010,5,0,Severe,55
2010,5,1,None,347
2010,5,1,Slight,68
2010,5,1,Moderate,22
2010,5,1,Severe,13
2010,5,2,None,61
2010,5,2,Slight,6
2010,5,2,Moderate,3
2010,5,2,Severe,1
2010,5,3,None,33
2010,5,3,Slight,4
2010,5,3,Moderate,3
2010,5,3,Severe,1
2010,5,4,None,0
2010,5,4,Slight,0
2010,5,4,Moderate,0
2010,5,4,Severe,0
2010,5,5,None,3720
2010,5,5,Slight,432
2010,5,5,Moderate,94
2010,5,5,Severe,107
2010,5,6,None,32604
2010,5,6,Slight,4661
2010,5,6,Moderate,1121
2010,5,6,Severe,1040
2010,5,7,None,31685
2010,5,7,Slight,5709
2010,5,7,Moderate,1580
2010,5,7,Severe,1230
2010,5,8,None,30505
2010,5,8,Slight,6625
2010,5,8,Moderate,2084
2010,5,8,Severe,1643
2010,5,9,None,23111
2010,5,9,Slight,6388
2010,5,9,Moderate,2153
2010,5,9,Severe,1531
2010,5,10,None,25864
2010,5,10,Slight,7792
2010,5,10,Moderate,3056
2010,5,10,Severe,2043
2010,5,11,None,23247
2010,5,11,Slight,7512
2010,5,11,Moderate,3091
2010,5,11,Severe,1933
2010,5,12,None,22549
2010,5,12,Slight,7430
2010,5,12,Moderate,3432
2010,5,12,Severe,2424
2010,5,13,None,22520
2010,5,13,Slight,8416
2010,5,13,Moderate,3769
2010,5,13,Severe,3021
2010,5,14,None,18665
2010,5,14,Slight,8037
2010,5,14,Moderate,3896
2010,5,14,Severe,2853
2010,5,15,None,19885
2010,5,15,Slight,8513
2010,5,15,Moderate,4432
2010,5,15,Severe,3374
2010,5,16,None,18531
2010,5,16,Slight,7628
2010,5,16,Moderate,3934
2010,5,16,Severe,3474
2010,5,17,None,18593
2010,5,17,Slight,8426
2010,5,17,Moderate,4853
2010,5,17,Severe,4285
2010,5,18,None,18088
2010,5,18,Slight,7574
2010,5,18,Moderate,4462
2010,5,18,Severe,4353
2010,5,19,None,15674
2010,5,19,Slight,6877
2010,5,19,Moderate,4296
2010,5,19,Severe,4268
2010,5,20,None,10698
2010,5,20,Slight,4239
2010,5,20,Moderate,2995
2010,5,20,Severe,2683
2010,5,21,None,8670
2010,5,21,Slight,3782
2010,5,21,Moderate,2168
2010,5,21,Severe,2093
2010,5,22,None,5161
2010,5,22,Slight,1783
2010,5,22,Moderate,885
2010,5,22,Severe,689
2010,5,23,None,1730
2010,5,23,Slight,567
2010,5,23,Moderate,260
2010,5,23,Severe,178
2010,6,0,None,688
2010,6,0,Slight,268
2010,6,0,Moderate,133
2010,6,0,Severe,88
2010,6,1,None,409
2010,6,1,Slight,120
2010,6,1,Moderate,27
2010,6,1,Severe,20
2010,6,2,None,62
2010,6,2,Slight,12
2010,6,2,Moderate,4
2010,6,2,Severe,8
2010,6,3,None,47
2010,6,3,Slight,4
2010,6,3,Moderate,8
2010,6,3,Severe,4
2010,6,4,None,1
2010,6,4,Slight,0
2010,6,4,Moderate,0
2010,6,4,Severe,0
2010,6,5,None,3725
2010,6,5,Slight,632
2010,6,5,Moderate,121
2010,6,5,Severe,82
2010,6,6,None,31371
2010,6,6,Slight,6146
2010,6,6,Moderate,1287
2010,6,6,Severe,1014
2010,6,7,None,30586
2010,6,7,Slight,7345
2010,6,7,Moderate,1934
2010,6,7,Severe,1467
2010,6,8,None,28022
2010,6,8,Slight,8001
2010,6,8,Moderate,2366
2010,6,8,Severe,1727
2010,6,9,None,22186
2010,6,9,Slight,7600
2010,6,9,Moderate,2594
2010,6,9,Severe,1800
2010,6,10,None,23885
2010,6,10,Slight,9336
2010,6,10,Moderate,3607
2010,6,10,Severe,2293
2010,6,11,None,21304
2010,6,11,Slight,8968
2010,6,11,Moderate,3544
2010,6,11,Severe,2326
2010,6,12,None,20155
2010,6,12,Slight,8542
2010,6,12,Moderate,3959
2010,6,12,Severe,2677
2010,6,13,None,19819
2010,6,13,Slight,9554
2010,6,13,Moderate,4228
2010,6,13,Severe,3252
2010,6,14,None,16327
2010,6,14,Slight,9065
2010,6,14,Moderate,4763
2010,6,14,Severe,3369
2010,6,15,None,17127
2010,6,15,Slight,9403
2010,6,15,Moderate,5110
2010,6,15,Severe,4071
2010,6,16,None,15781
2010,6,16,Slight,8499
2010,6,16,Moderate,5156
2010,6,16,Severe,4377
2010,6,17,None,15559
2010,6,17,Slight,9105
2010,6,17,Moderate,6182
2010,6,17,Severe,5286
2010,6,18,None,14841
2010,6,18,Slight,8032
2010,6,18,Moderate,5606
2010,6,18,Severe,5469
2010,6,19,None,13649
2010,6,19,Slight,7645
2010,6,19,Moderate,5608
2010,6,19,Severe,5819
2010,6,20,None,9088
2010,6,20,Slight,4653
2010,6,20,Moderate,3618
2010,6,20,Severe,3733
2010,6,21,None,7984
2010,6,21,Slight,4332
2010,6,21,Moderate,3060
2010,6,21,Severe,2896
2010,6,22,None,4812
2010,6,22,Slight,2163
2010,6,22,Moderate,1305
2010,6,22,Severe,1063
2010,6,23,None,1827
2010,6,23,Slight,937
2010,6,23,Moderate,504
2010,6,23,Severe,429
2010,7,0,None,629
2010,7,0,Slight,342
2010,7,0,Moderate,139
2010,7,0,Severe,74
2010,7,1,None,420
2010,7,1,Slight,216
2010,7,1,Moderate,69
2010,7,1,Severe,29
2010,7,2,None,75
2010,7,2,Slight,21
2010,7,2,Moderate,7
2010,7,2,Severe,7
2010,7,3,None,27
2010,7,3,Slight,14
2010,7,3,Moderate,11
2010,7,3,Severe,9
2010,7,4,None,0
2010,7,4,Slight,0
2010,7,4,Moderate,0
2010,7,4,Severe,0
2010,7,5,None,3864
2010,7,5,Slight,696
2010,7,5,Moderate,130
2010,7,5,Severe,161
2010,7,6,None,32795
2010,7,6,Slight,6078
2010,7,6,Moderate,1281
2010,7,6,Severe,1133
2010,7,7,None,31327
2010,7,7,Slight,7608
2010,7,7,Moderate,2138
2010,7,7,Severe,1598
2010,7,8,None,28689
2010,7,8,Slight,8229
2010,7,8,Moderate,2515
2010,7,8,Severe,1752
2010,7,9,None,23566
2010,7,9,Slight,8097
2010,7,9,Moderate,2790
2010,7,9,Severe,1898
2010,7,10,None,24869
2010,7,10,Slight,9523
2010,7,10,Moderate,3626
2010,7,10,Severe,2279
2010,7,11,None,21906
2010,7,11,Slight,9542
2010,7,11,Moderate,3925
2010,7,11,Severe,2384
2010,7,12,None,20789
2010,7,12,Slight,8798
2010,7,12,Moderate,4178
2010,7,12,Severe,2474
2010,7,13,None,20574
2010,7,13,Slight,9849
2010,7,13,Moderate,4496
2010,7,13,Severe,2995
2010,7,14,None,17075
2010,7,14,Slight,9441
2010,7,14,Moderate,5023
2010,7,14,Severe,3352
2010,7,15,None,17409
2010,7,15,Slight,9467
2010,7,15,Moderate,5320
2010,7,15,Severe,4240
2010,7,16,None,16774
2010,7,16,Slight,8604
2010,7,16,Moderate,5247
2010,7,16,Severe,4592
2010,7,17,None,16229
2010,7,17,Slight,9142
2010,7,17,Moderate,6039
2010,7,17,Severe,5652
2010,7,18,None,15012
2010,7,18,Slight,8234
2010,7,18,Moderate,5927
2010,7,18,Severe,5797
2010,7,19,None,13922
2010,7,19,Slight,7601
2010,7,19,Moderate,6036
2010,7,19,Severe,6080
2010,7,20,None,9565
2010,7,20,Slight,4808
2010,7,20,Moderate,3825
2010,7,20,Severe,3838
2010,7,21,None,8412
2010,7,21,Slight,4561
2010,7,21,Moderate,3245
2010,7,21,Severe,3077
2010,7,22,None,5384
2010,7,22,Slight,2168
2010,7,22,Moderate,1260
2010,7,22,Severe,1049
2010,7,23,None,2173
2010,7,23,Slight,968
2010,7,23,Moderate,574
2010,7,23,Severe,425
2010,8,0,None,702
2010,8,0,Slight,243
2010,8,0,Moderate,101
2010,8,0,Severe,43
2010,8,1,None,455
2010,8,1,Slight,156
2010,8,1,Moderate,40
2010,8,1,Severe,27
2010,8,2,None,70
2010,8,2,Slight,14
2010,8,2,Moderate,5
2010,8,2,Severe,8
2010,8,3,None,27
2010,8,3,Slight,9
2010,8,3,Moderate,8
2010,8,3,Severe,2
2010,8,4,None,0
2010,8,4,Slight,0
2010,8,4,Moderate,0
2010,8,4,Severe,0
2010,8,5,None,3974
2010,8,5,Slight,529
2010,8,5,Moderate,116
2010,8,5,Severe,104
2010,8,6,None,33977
2010,8,6,Slight,5392
2010,8,6,Moderate,1081
2010,8,6,Severe,911
2010,8,7,None,32918
2010,8,7,Slight,6596
2010,8,7,Moderate,1823
2010,8,7,Severe,1349
2010,8,8,None,29906
2010,8,8,Slight,7092
2010,8,8,Moderate,2280
2010,8,8,Severe,1553
2010,8,9,None,25341
2010,8,9,Slight,7148
2010,8,9,Moderate,2594
2010,8,9,Severe,1639
2010,8,10,None,26353
2010,8,10,Slight,8688
2010,8,10,Moderate,3428
2010,8,10,Severe,2014
2010,8,11,None,23662
2010,8,11,Slight,8371
2010,8,11,Moderate,3288
2010,8,11,Severe,2119
2010,8,12,None,23048
2010,8,12,Slight,8354
2010,8,12,Moderate,3588
2010,8,12,Severe,2103
2010,8,13,None,22880
2010,8,13,Slight,9044
2010,8,13,Moderate,3859
2010,8,13,Severe,2392
2010,8,14,None,19280
2010,8,14,Slight,9140
2010,8,14,Moderate,4392
2010,8,14,Severe,2442
2010,8,15,None,20445
2010,8,15,Slight,9300
2010,8,15,Moderate,4509
2010,8,15,Severe,2985
2010,8,16,None,19472
2010,8,16,Slight,8443
2010,8,16,Moderate,4594
2010,8,16,Severe,3334
2010,8,17,None,19953
2010,8,17,Slight,9298
2010,8,17,Moderate,5117
2010,8,17,Severe,3889
2010,8,18,None,18441
2010,8,18,Slight,8305
2010,8,18,Moderate,4845
2010,8,18,Severe,3995
2010,8,19,None,17447
2010,8,19,Slight,7902
2010,8,19,Moderate,4943
2010,8,19,Severe,4087
2010,8,20,None,11254
2010,8,20,Slight,4663
2010,8,20,Moderate,3056
2010,8,20,Severe,2694
2010,8,21,None,10388
2010,8,21,Slight,4133
2010,8,21,Moderate,2544
2010,8,21,Severe,2211
2010,8,22,None,5594
2010,8,22,Slight,2054
2010,8,22,Moderate,1050
2010,8,22,Severe,880
2010,8,23,None,2096
2010,8,23,Slight,862
2010,8,23,Moderate,400
2010,8,23,Severe,285
2010,9,0,None,583
2010,9,0,Slight,173
2010,9,0,Moderate,49
2010,9,0,Severe,24
2010,9,1,None,298
2010,9,1,Slight,65
2010,9,1,Moderate,13
2010,9,1,Severe,7
2010,9,2,None,51
2010,9,2,Slight,11
2010,9,2,Moderate,3
2010,9,2,Severe,1
2010,9,3,None,24
2010,9,3,Slight,2
2010,9,3,Moderate,1
2010,9,3,Severe,2
2010,9,4,None,0
2010,9,4,Slight,0
2010,9,4,Moderate,0
2010,9,4,Severe,0
2010,9,5,None,3880
2010,9,5,Slight,440
2010,9,5,Moderate,129
2010,9,5,Severe,86
2010,9,6,None,32880
2010,9,6,Slight,3754
2010,9,6,Moderate,861
2010,9,6,Severe,584
2010,9,7,None,32176
2010,9,7,Slight,4473
2010,9,7,Moderate,1291
2010,9,7,Severe,821
2010,9,8,None,30780
2010,9,8,Slight,5714
2010,9,8,Moderate,1585
2010,9,8,Severe,1006
2010,9,9,None,26341
2010,9,9,Slight,5640
2010,9,9,Moderate,1866
2010,9,9,Severe,1110
2010,9,10,None,27096
2010,9,10,Slight,6677
2010,9,10,Moderate,2233
2010,9,10,Severe,1391
2010,9,11,None,24449
2010,9,11,Slight,6643
2010,9,11,Moderate,2434
2010,9,11,Severe,1478
2010,9,12,None,25189
2010,9,12,Slight,6890
2010,9,12,Moderate,2706
2010,9,12,Severe,1722
2010,9,13,None,24244
2010,9,13,Slight,7251
2010,9,13,Moderate,2929
2010,9,13,Severe,1761
2010,9,14,None,20663
2010,9,14,Slight,7299
2010,9,14,Moderate,3173
2010,9,14,Severe,1745
2010,9,15,None,22204
2010,9,15,Slight,7885
2010,9,15,Moderate,3265
2010,9,15,Severe,2249
2010,9,16,None,21035
2010,9,16,Slight,7082
2010,9,16,Moderate,3445
2010,9,16,Severe,2236
2010,9,17,None,21576
2010,9,17,Slight,7935
2010,9,17,Moderate,3632
2010,9,17,Severe,2660
2010,9,18,None,20917
2010,9,18,Slight,6620
2010,9,18,Moderate,3385
2010,9,18,Severe,2590
2010,9,19,None,18974
2010,9,19,Slight,6256
2010,9,19,Moderate,3417
2010,9,19,Severe,2678
2010,9,20,None,11598
2010,9,20,Slight,3602
2010,9,20,Moderate,2144
2010,9,20,Severe,1666
2010,9,21,None,10728
2010,9,21,Slight,3301
2010,9,21,Moderate,1638
2010,9,21,Severe,1224
2010,9,22,None,5431
2010,9,22,Slight,1406
2010,9,22,Moderate,500
2010,9,22,Severe,413
2010,9,23,None,1569
2010,9,23,Slight,517
2010,9,23,Moderate,200
2010,9,23,Severe,143
2010,10,0,None,647
2010,10,0,Slight,175
2010,10,0,Moderate,58
2010,10,0,Severe,26
2010,10,1,None,308
2010,10,1,Slight,48
2010,10,1,Moderate,3
2010,10,1,Severe,9
2010,10,2,None,51
2010,10,2,Slight,7
2010,10,2,Moderate,2
2010,10,2,Severe,1
2010,10,3,None,26
2010,10,3,Slight,2
2010,10,3,Moderate,0
2010,10,3,Severe,1
2010,10,4,None,0
2010,10,4,Slight,0
2010,10,4,Moderate,0
2010,10,4,Severe,0
2010,10,5,None,4182
2010,10,5,Slight,506
2010,10,5,Moderate,94
2010,10,5,Severe,93
2010,10,6,None,33343
2010,10,6,Slight,4607
2010,10,6,Moderate,881
2010,10,6,Severe,770
2010,10,7,None,31771
2010,10,7,Slight,5768
2010,10,7,Moderate,1491
2010,10,7,Severe,986
2010,10,8,None,31064
2010,10,8,Slight,6837
2010,10,8,Moderate,1926
2010,10,8,Severe,1266
2010,10,9,None,25872
2010,10,9,Slight,6934
2010,10,9,Moderate,2217
2010,10,9,Severe,1413
2010,10,10,None,26134
2010,10,10,Slight,8002
2010,10,10,Moderate,2606
2010,10,10,Severe,1720
2010,10,11,None,24270
2010,10,11,Slight,7768
2010,10,11,Moderate,2776
2010,10,11,Severe,1888
2010,10,12,None,24597
2010,10,12,Slight,7595
2010,10,12,Moderate,3280
2010,10,12,Severe,2119
2010,10,13,None,23763
2010,10,13,Slight,8089
2010,10,13,Moderate,3323
2010,10,13,Severe,2289
2010,10,14,None,20087
2010,10,14,Slight,8241
2010,10,14,Moderate,3598
2010,10,14,Severe,2432
2010,10,15,None,21337
2010,10,15,Slight,8265
2010,10,15,Moderate,3897
2010,10,15,Severe,2817
2010,10,16,None,20621
2010,10,16,Slight,8003
2010,10,16,Moderate,3990
2010,10,16,Severe,2952
2010,10,17,None,21148
2010,10,17,Slight,8398
2010,10,17,Moderate,4455
2010,10,17,Severe,3021
2010,10,18,None,19922
2010,10,18,Slight,7252
2010,10,18,Moderate,3853
2010,10,18,Severe,2898
2010,10,19,None,19119
2010,10,19,Slight,7056
2010,10,19,Moderate,3938
2010,10,19,Severe,2921
2010,10,20,None,11412
2010,10,20,Slight,4169
2010,10,20,Moderate,2436
2010,10,20,Severe,1734
2010,10,21,None,10906
2010,10,21,Slight,3694
2010,10,21,Moderate,1789
2010,10,21,Severe,1228
2010,10,22,None,5543
2010,10,22,Slight,1489
2010,10,22,Moderate,578
2010,10,22,Severe,327
2010,10,23,None,1678
2010,10,23,Slight,425
2010,10,23,Moderate,185
2010,10,23,Severe,75
2010,11,0,None,674
2010,11,0,Slight,238
2010,11,0,Moderate,95
2010,11,0,Severe,31
2010,11,1,None,228
2010,11,1,Slight,69
2010,11,1,Moderate,22
2010,11,1,Severe,14
2010,11,2,None,52
2010,11,2,Slight,24
2010,11,2,Moderate,5
2010,11,2,Severe,4
2010,11,3,None,9
2010,11,3,Slight,1
2010,11,3,Moderate,3
2010,11,3,Severe,1
2010,11,4,None,50
2010,11,4,Slight,2
2010,11,4,Moderate,3
2010,11,4,Severe,2
2010,11,5,None,3784
2010,11,5,Slight,516
2010,11,5,Moderate,107
2010,11,5,Severe,81
2010,11,6,None,32553
2010,11,6,Slight,5034
2010,11,6,Moderate,981
2010,11,6,Severe,740
2010,11,7,None,30016
2010,11,7,Slight,5550
2010,11,7,Moderate,1428
2010,11,7,Severe,839
2010,11,8,None,28790
2010,11,8,Slight,6541
2010,11,8,Moderate,1926
2010,11,8,Severe,1121
2010,11,9,None,24130
2010,11,9,Slight,6599
2010,11,9,Moderate,2162
2010,11,9,Severe,1146
2010,11,10,None,24397
2010,11,10,Slight,7349
2010,11,10,Moderate,2729
2010,11,10,Severe,1440
2010,11,11,None,23807
2010,11,11,Slight,7904
2010,11,11,Moderate,3094
2010,11,11,Severe,1532
2010,11,12,None,22162
2010,11,12,Slight,7376
2010,11,12,Moderate,3042
2010,11,12,Severe,1714
2010,11,13,None,23069
2010,11,13,Slight,8132
2010,11,13,Moderate,3508
2010,11,13,Severe,2035
2010,11,14,None,19514
2010,11,14,Slight,7713
2010,11,14,Moderate,3508
2010,11,14,Severe,1960
2010,11,15,None,19506
2010,11,15,Slight,7559
2010,11,15,Moderate,3748
2010,11,15,Severe,2190
2010,11,16,None,20170
2010,11,16,Slight,7713
2010,11,16,Moderate,4119
2010,11,16,Severe,2605
2010,11,17,None,21166
2010,11,17,Slight,8213
2010,11,17,Moderate,4401
2010,11,17,Severe,2897
2010,11,18,None,17435
2010,11,18,Slight,6588
2010,11,18,Moderate,3688
2010,11,18,Severe,2596
2010,11,19,None,18374
2010,11,19,Slight,6910
2010,11,19,Moderate,3983
2010,11,19,Severe,2623
2010,11,20,None,10773
2010,11,20,Slight,3830
2010,11,20,Moderate,2502
2010,11,20,Severe,1707
2010,11,21,None,10089
2010,11,21,Slight,3423
2010,11,21,Moderate,1887
2010,11,21,Severe,1146
2010,11,22,None,5310
2010,11,22,Slight,1453
2010,11,22,Moderate,573
2010,11,22,Severe,335
2010,11,23,None,1748
2010,11,23,Slight,497
2010,11,23,Moderate,208
2010,11,23,Severe,114
2010,12,0,None,672
2010,12,0,Slight,328
2010,12,0,Moderate,185
2010,12,0,Severe,126
2010,12,1,None,271
2010,12,1,Slight,106
2010,12,1,Moderate,49
2010,12,1,Severe,31
2010,12,2,None,45
2010,12,2,Slight,24
2010,12,2,Moderate,10
2010,12,2,Severe,6
2010,12,3,None,0
2010,12,3,Slight,0
2010,12,3,Moderate,0
2010,12,3,Severe,0
2010,12,4,None,49
2010,12,4,Slight,10
2010,12,4,Moderate,12
2010,12,4,Severe,11
2010,12,5,None,3511
2010,12,5,Slight,895
2010,12,5,Moderate,198
2010,12,5,Severe,178
2010,12,6,None,29159
2010,12,6,Slight,7307
2010,12,6,Moderate,1764
2010,12,6,Severe,1316
2010,12,7,None,25697
2010,12,7,Slight,7550
2010,12,7,Moderate,2384
2010,12,7,Severe,1749
2010,12,8,None,24539
2010,12,8,Slight,8395
2010,12,8,Moderate,3334
2010,12,8,Severe,2080
2010,12,9,None,19520
2010,12,9,Slight,8189
2010,12,9,Moderate,3621
2010,12,9,Severe,2157
2010,12,10,None,19761
2010,12,10,Slight,8609
2010,12,10,Moderate,4371
2010,12,10,Severe,2774
2010,12,11,None,19289
2010,12,11,Slight,9148
2010,12,11,Moderate,4779
2010,12,11,Severe,3142
2010,12,12,None,17536
2010,12,12,Slight,8252
2010,12,12,Moderate,5050
2010,12,12,Severe,3287
2010,12,13,None,17907
2010,12,13,Slight,8800
2010,12,13,Moderate,5370
2010,12,13,Severe,3705
2010,12,14,None,15779
2010,12,14,Slight,8293
2010,12,14,Moderate,5174
2010,12,14,Severe,3919
2010,12,15,None,15536
2010,12,15,Slight,7960
2010,12,15,Moderate,5215
2010,12,15,Severe,4052
2010,12,16,None,15695
2010,12,16,Slight,8049
2010,12,16,Moderate,5681
2010,12,16,Severe,4452
2010,12,17,None,17113
2010,12,17,Slight,8513
2010,12,17,Moderate,6144
2010,12,17,Severe,4957
2010,12,18,None,13392
2010,12,18,Slight,7021
2010,12,18,Moderate,4897
2010,12,18,Severe,4247
2010,12,19,None,14391
2010,12,19,Slight,6898
2010,12,19,Moderate,5353
2010,12,19,Severe,4952
2010,12,20,None,8374
2010,12,20,Slight,4232
2010,12,20,Moderate,3279
2010,12,20,Severe,3391
2010,12,21,None,7759
2010,12,21,Slight,3591
2010,12,21,Moderate,2581
2010,12,21,Severe,2243
2010,12,22,None,4438
2010,12,22,Slight,1859
2010,12,22,Moderate,1083
2010,12,22,Severe,745
2010,12,23,None,1560
2010,12,23,Slight,672
2010,12,23,Moderate,357
2010,12,23,Severe,244
2011,1,0,None,657
2011,1,0,Slight,253
2011,1,0,Moderate,110
2011,1,0,Severe,42
2011,1,1,None,262
2011,1,1,Slight,76
2011,1,1,Moderate,27
2011,1,1,Severe,14
2011,1,2,None,47
2011,1,2,Slight,13
2011,1,2,Moderate,6
2011,1,2,Severe,4
2011,1,3,None,3
2011,1,3,Slight,3
2011,1,3,Moderate,0
2011,1,3,Severe,1
2011,1,4,None,57
2011,1,4,Slight,14
2011,1,4,Moderate,3
2011,1,4,Severe,4
2011,1,5,None,3249
2011,1,5,Slight,520
2011,1,5,Moderate,116
2011,1,5,Severe,135
2011,1,6,None,28665
2011,1,6,Slight,5114
2011,1,6,Moderate,1278
2011,1,6,Severe,992
2011,1,7,None,25478
2011,1,7,Slight,5845
2011,1,7,Moderate,1709
2011,1,7,Severe,1202
2011,1,8,None,24593
2011,1,8,Slight,6857
2011,1,8,Moderate,2313
2011,1,8,Severe,1537
2011,1,9,None,19558
2011,1,9,Slight,6550
2011,1,9,Moderate,2599
2011,1,9,Severe,1640
2011,1,10,None,20414
2011,1,10,Slight,7553
2011,1,10,Moderate,3317
2011,1,10,Severe,2159
2011,1,11,None,19766
2011,1,11,Slight,7962
2011,1,11,Moderate,3708
2011,1,11,Severe,2389
2011,1,12,None,18147
2011,1,12,Slight,7012
2011,1,12,Moderate,3602
2011,1,12,Severe,2307
2011,1,13,None,19192
2011,1,13,Slight,7655
2011,1,13,Moderate,4059
2011,1,13,Severe,2629
2011,1,14,None,16487
2011,1,14,Slight,7412
2011,1,14,Moderate,3897
2011,1,14,Severe,2488
2011,1,15,None,16600
2011,1,15,Slight,7484
2011,1,15,Moderate,4206
2011,1,15,Severe,2848
2011,1,16,None,17349
2011,1,16,Slight,7203
2011,1,16,Moderate,4382
2011,1,16,Severe,2815
2011,1,17,None,18215
2011,1,17,Slight,8106
2011,1,17,Moderate,4827
2011,1,17,Severe,3270
2011,1,18,None,15126
2011,1,18,Slight,6309
2011,1,18,Moderate,4176
2011,1,18,Severe,2778
2011,1,19,None,15869
2011,1,19,Slight,6649
2011,1,19,Moderate,4594
2011,1,19,Severe,3133
2011,1,20,None,9277
2011,1,20,Slight,3935
2011,1,20,Moderate,2861
2011,1,20,Severe,2056
2011,1,21,None,7692
2011,1,21,Slight,3286
2011,1,21,Moderate,2010
2011,1,21,Severe,1332
2011,1,22,None,5362
2011,1,22,Slight,1708
2011,1,22,Moderate,824
2011,1,22,Severe,463
2011,1,23,None,1737
2011,1,23,Slight,471
2011,1,23,Moderate,242
2011,1,23,Severe,144
2011,2,0,None,558
2011,2,0,Slight,206
2011,2,0,Moderate,93
2011,2,0,Severe,54
2011,2,1,None,242
2011,2,1,Slight,49
2011,2,1,Moderate,32
2011,2,1,Severe,18
2011,2,2,None,53
2011,2,2,Slight,6
2011,2,2,Moderate,4
2011,2,2,Severe,1
2011,2,3,None,2
2011,2,3,Slight,2
2011,2,3,Moderate,3
2011,2,3,Severe,1
2011,2,4,None,51
2011,2,4,Slight,5
2011,2,4,Moderate,4
2011,2,4,Severe,7
2011,2,5,None,3023
2011,2,5,Slight,425
2011,2,5,Moderate,104
2011,2,5,Severe,89
2011,2,6,None,26496
2011,2,6,Slight,4704
2011,2,6,Moderate,1118
2011,2,6,Severe,1069
2011,2,7,None,23402
2011,2,7,Slight,5025
2011,2,7,Moderate,1495
2011,2,7,Severe,1112
2011,2,8,None,22914
2011,2,8,Slight,5978
2011,2,8,Moderate,2214
2011,2,8,Severe,1565
2011,2,9,None,17691
2011,2,9,Slight,5696
2011,2,9,Moderate,2370
2011,2,9,Severe,1425
2011,2,10,None,18588
2011,2,10,Slight,6706
2011,2,10,Moderate,3082
2011,2,10,Severe,1827
2011,2,11,None,18016
2011,2,11,Slight,7153
2011,2,11,Moderate,3395
2011,2,11,Severe,2162
2011,2,12,None,16167
2011,2,12,Slight,6262
2011,2,12,Moderate,3283
2011,2,12,Severe,2150
2011,2,13,None,17127
2011,2,13,Slight,7058
2011,2,13,Moderate,3538
2011,2,13,Severe,2518
2011,2,14,None,14603
2011,2,14,Slight,6721
2011,2,14,Moderate,3665
2011,2,14,Severe,2415
2011,2,15,None,14898
2011,2,15,Slight,6672
2011,2,15,Moderate,3804
2011,2,15,Severe,2774
2011,2,16,None,14969
2011,2,16,Slight,6640
2011,2,16,Moderate,3864
2011,2,16,Severe,2918
2011,2,17,None,16653
2011,2,17,Slight,7306
2011,2,17,Moderate,4224
2011,2,17,Severe,3388
2011,2,18,None,13399
2011,2,18,Slight,5565
2011,2,18,Moderate,3693
2011,2,18,Severe,3141
2011,2,19,None,14567
2011,2,19,Slight,6134
2011,2,19,Moderate,3875
2011,2,19,Severe,3439
2011,2,20,None,8299
2011,2,20,Slight,3649
2011,2,20,Moderate,2530
2011,2,20,Severe,2153
2011,2,21,None,7327
2011,2,21,Slight,3203
2011,2,21,Moderate,1982
2011,2,21,Severe,1672
2011,2,22,None,5005
2011,2,22,Slight,1516
2011,2,22,Moderate,827
2011,2,22,Severe,620
2011,2,23,None,1695
2011,2,23,Slight,433
2011,2,23,Moderate,287
2011,2,23,Severe,186
2011,3,0,None,709
2011,3,0,Slight,262
2011,3,0,Moderate,86
2011,3,0,Severe,59
2011,3,1,None,440
2011,3,1,Slight,113
2011,3,1,Moderate,30
2011,3,1,Severe,9
2011,3,2,None,25
2011,3,2,Slight,9
2011,3,2,Moderate,4
2011,3,2,Severe,3
2011,3,3,None,36
2011,3,3,Slight,6
2011,3,3,Moderate,2
2011,3,3,Severe,6
2011,3,4,None,52
2011,3,4,Slight,1
2011,3,4,Moderate,4
2011,3,4,Severe,4
2011,3,5,None,4012
2011,3,5,Slight,532
2011,3,5,Moderate,120
2011,3,5,Severe,88
2011,3,6,None,34210
2011,3,6,Slight,5759
2011,3,6,Moderate,1141
2011,3,6,Severe,864
2011,3,7,None,29333
2011,3,7,Slight,5767
2011,3,7,Moderate,1593
2011,3,7,Severe,1124
2011,3,8,None,27637
2011,3,8,Slight,6706
2011,3,8,Moderate,2332
2011,3,8,Severe,1608
2011,3,9,None,21453
2011,3,9,Slight,6799
2011,3,9,Moderate,2523
2011,3,9,Severe,1577
2011,3,10,None,22329
2011,3,10,Slight,7622
2011,3,10,Moderate,3093
2011,3,10,Severe,2092
2011,3,11,None,21418
2011,3,11,Slight,8306
2011,3,11,Moderate,3616
2011,3,11,Severe,2346
2011,3,12,None,19559
2011,3,12,Slight,6861
2011,3,12,Moderate,3513
2011,3,12,Severe,2434
2011,3,13,None,20067
2011,3,13,Slight,8207
2011,3,13,Moderate,4003
2011,3,13,Severe,2951
2011,3,14,None,17806
2011,3,14,Slight,7795
2011,3,14,Moderate,3829
2011,3,14,Severe,2683
2011,3,15,None,18039
2011,3,15,Slight,8104
2011,3,15,Moderate,4153
2011,3,15,Severe,3019
2011,3,16,None,17494
2011,3,16,Slight,7543
2011,3,16,Moderate,4193
2011,3,16,Severe,3338
2011,3,17,None,19960
2011,3,17,Slight,8434
2011,3,17,Moderate,4879
2011,3,17,Severe,4000
2011,3,18,None,16605
2011,3,18,Slight,6819
2011,3,18,Moderate,4239
2011,3,18,Severe,3637
2011,3,19,None,17753
2011,3,19,Slight,7542
2011,3,19,Moderate,4774
2011,3,19,Severe,3951
2011,3,20,None,11231
2011,3,20,Slight,4569
2011,3,20,Moderate,3028
2011,3,20,Severe,2716
2011,3,21,None,10169
2011,3,21,Slight,4549
2011,3,21,Moderate,2900
2011,3,21,Severe,2160
2011,3,22,None,5666
2011,3,22,Slight,2083
2011,3,22,Moderate,1138
2011,3,22,Severe,660
2011,3,23,None,2256
2011,3,23,Slight,734
2011,3,23,Moderate,362
2011,3,23,Severe,231
2011,4,0,None,504
2011,4,0,Slight,199
2011,4,0,Moderate,98
2011,4,0,Severe,72
2011,4,1,None,370
2011,4,1,Slight,117
2011,4,1,Moderate,44
2011,4,1,Severe,27
2011,4,2,None,28
2011,4,2,Slight,1
2011,4,2,Moderate,1
2011,4,2,Severe,0
2011,4,3,None,58
2011,4,3,Slight,16
2011,4,3,Moderate,10
2011,4,3,Severe,11
2011,4,4,None,23
2011,4,4,Slight,0
2011,4,4,Moderate,2
2011,4,4,Severe,1
2011,4,5,None,3312
2011,4,5,Slight,455
2011,4,5,Moderate,111
2011,4,5,Severe,83
2011,4,6,None,33376
2011,4,6,Slight,5436
2011,4,6,Moderate,1305
2011,4,6,Severe,1024
2011,4,7,None,27698
2011,4,7,Slight,5275
2011,4,7,Moderate,1683
2011,4,7,Severe,1214
2011,4,8,None,26695
2011,4,8,Slight,6376
2011,4,8,Moderate,2373
2011,4,8,Severe,1759
2011,4,9,None,20488
2011,4,9,Slight,6318
2011,4,9,Moderate,2571
2011,4,9,Severe,1642
2011,4,10,None,21172
2011,4,10,Slight,7378
2011,4,10,Moderate,3354
2011,4,10,Severe,2262
2011,4,11,None,20239
2011,4,11,Slight,7717
2011,4,11,Moderate,3746
2011,4,11,Severe,2506
2011,4,12,None,18575
2011,4,12,Slight,6883
2011,4,12,Moderate,3679
2011,4,12,Severe,2733
2011,4,13,None,18898
2011,4,13,Slight,7631
2011,4,13,Moderate,3893
2011,4,13,Severe,3076
2011,4,14,None,15971
2011,4,14,Slight,7394
2011,4,14,Moderate,4266
2011,4,14,Severe,3213
2011,4,15,None,15900
2011,4,15,Slight,7547
2011,4,15,Moderate,4350
2011,4,15,Severe,3530
2011,4,16,None,16005
2011,4,16,Slight,7433
2011,4,16,Moderate,4528
2011,4,16,Severe,4031
2011,4,17,None,17188
2011,4,17,Slight,7860
2011,4,17,Moderate,5043
2011,4,17,Severe,4579
2011,4,18,None,15200
2011,4,18,Slight,6697
2011,4,18,Moderate,4423
2011,4,18,Severe,4216
2011,4,19,None,14844
2011,4,19,Slight,6639
2011,4,19,Moderate,4539
2011,4,19,Severe,4604
2011,4,20,None,10585
2011,4,20,Slight,4459
2011,4,20,Moderate,3435
2011,4,20,Severe,3269
2011,4,21,None,8507
2011,4,21,Slight,4094
2011,4,21,Moderate,2877
2011,4,21,Severe,2363
2011,4,22,None,5210
2011,4,22,Slight,1997
2011,4,22,Moderate,1106
2011,4,22,Severe,939
2011,4,23,None,2073
2011,4,23,Slight,693
2011,4,23,Moderate,373
2011,4,23,Severe,250
2011,5,0,None,564
2011,5,0,Slight,181
2011,5,0,Moderate,72
2011,5,0,Severe,41
2011,5,1,None,442
2011,5,1,Slight,117
2011,5,1,Moderate,24
2011,5,1,Severe,22
2011,5,2,None,32
2011,5,2,Slight,3
2011,5,2,Moderate,0
2011,5,2,Severe,2
2011,5,3,None,21
2011,5,3,Slight,3
2011,5,3,Moderate,1
2011,5,3,Severe,1
2011,5,4,None,27
2011,5,4,Slight,0
2011,5,4,Moderate,1
2011,5,4,Severe,2
2011,5,5,None,3445
2011,5,5,Slight,583
2011,5,5,Moderate,131
2011,5,5,Severe,96
2011,5,6,None,32672
2011,5,6,Slight,5770
2011,5,6,Moderate,1177
2011,5,6,Severe,980
2011,5,7,None,28542
2011,5,7,Slight,6155
2011,5,7,Moderate,1837
2011,5,7,Severe,1289
2011,5,8,None,27112
2011,5,8,Slight,6810
2011,5,8,Moderate,2119
2011,5,8,Severe,1596
2011,5,9,None,21649
2011,5,9,Slight,6860
2011,5,9,Moderate,2286
2011,5,9,Severe,1661
2011,5,10,None,22419
2011,5,10,Slight,7923
2011,5,10,Moderate,2956
2011,5,10,Severe,1924
2011,5,11,None,21727
2011,5,11,Slight,8165
2011,5,11,Moderate,3446
2011,5,11,Severe,2313
2011,5,12,None,19998
2011,5,12,Slight,7599
2011,5,12,Moderate,3516
2011,5,12,Severe,2516
2011,5,13,None,19989
2011,5,13,Slight,8397
2011,5,13,Moderate,3915
2011,5,13,Severe,2879
2011,5,14,None,16629
2011,5,14,Slight,8269
2011,5,14,Moderate,4443
2011,5,14,Severe,3063
2011,5,15,None,16530
2011,5,15,Slight,8249
2011,5,15,Moderate,4531
2011,5,15,Severe,3668
2011,5,16,None,16488
2011,5,16,Slight,7850
2011,5,16,Moderate,4623
2011,5,16,Severe,4087
2011,5,17,None,17022
2011,5,17,Slight,8264
2011,5,17,Moderate,5067
2011,5,17,Severe,4834
2011,5,18,None,15041
2011,5,18,Slight,6662
2011,5,18,Moderate,4696
2011,5,18,Severe,4629
2011,5,19,None,15243
2011,5,19,Slight,7021
2011,5,19,Moderate,4912
2011,5,19,Severe,4955
2011,5,20,None,10555
2011,5,20,Slight,4198
2011,5,20,Moderate,3294
2011,5,20,Severe,3402
2011,5,21,None,8513
2011,5,21,Slight,3728
2011,5,21,Moderate,2586
2011,5,21,Severe,2469
2011,5,22,None,5199
2011,5,22,Slight,2204
2011,5,22,Moderate,1372
2011,5,22,Severe,966
2011,5,23,None,2018
2011,5,23,Slight,691
2011,5,23,Moderate,363
2011,5,23,Severe,238
2011,6,0,None,706
2011,6,0,Slight,248
2011,6,0,Moderate,131
2011,6,0,Severe,85
2011,6,1,None,423
2011,6,1,Slight,124
2011,6,1,Moderate,41
2011,6,1,Severe,28
2011,6,2,None,67
2011,6,2,Slight,7
2011,6,2,Moderate,3
2011,6,2,Severe,4
2011,6,3,None,39
2011,6,3,Slight,11
2011,6,3,Moderate,11
2011,6,3,Severe,13
2011,6,4,None,13
2011,6,4,Slight,0
2011,6,4,Moderate,1
2011,6,4,Severe,1
2011,6,5,None,4082
2011,6,5,Slight,783
2011,6,5,Moderate,158
2011,6,5,Severe,147
2011,6,6,None,32901
2011,6,6,Slight,6408
2011,6,6,Moderate,1310
2011,6,6,Severe,1208
2011,6,7,None,28929
2011,6,7,Slight,6357
2011,6,7,Moderate,1864
2011,6,7,Severe,1528
2011,6,8,None,27227
2011,6,8,Slight,7161
2011,6,8,Moderate,2321
2011,6,8,Severe,1753
2011,6,9,None,21395
2011,6,9,Slight,7253
2011,6,9,Moderate,2716
2011,6,9,Severe,1791
2011,6,10,None,22332
2011,6,10,Slight,8324
2011,6,10,Moderate,3132
2011,6,10,Severe,2098
2011,6,11,None,21329
2011,6,11,Slight,8488
2011,6,11,Moderate,3473
2011,6,11,Severe,2447
2011,6,12,None,19370
2011,6,12,Slight,8135
2011,6,12,Moderate,3574
2011,6,12,Severe,2347
2011,6,13,None,19152
2011,6,13,Slight,8687
2011,6,13,Moderate,3882
2011,6,13,Severe,2822
2011,6,14,None,16036
2011,6,14,Slight,8766
2011,6,14,Moderate,4439
2011,6,14,Severe,2927
2011,6,15,None,16739
2011,6,15,Slight,8885
2011,6,15,Moderate,4553
2011,6,15,Severe,3511
2011,6,16,None,15570
2011,6,16,Slight,8423
2011,6,16,Moderate,4805
2011,6,16,Severe,3920
2011,6,17,None,16698
2011,6,17,Slight,8911
2011,6,17,Moderate,5412
2011,6,17,Severe,4838
2011,6,18,None,14503
2011,6,18,Slight,7461
2011,6,18,Moderate,4728
2011,6,18,Severe,4728
2011,6,19,None,14446
2011,6,19,Slight,7438
2011,6,19,Moderate,5479
2011,6,19,Severe,5471
2011,6,20,None,10719
2011,6,20,Slight,4918
2011,6,20,Moderate,3673
2011,6,20,Severe,3699
2011,6,21,None,8281
2011,6,21,Slight,4192
2011,6,21,Moderate,2862
2011,6,21,Severe,2773
2011,6,22,None,5875
2011,6,22,Slight,2612
2011,6,22,Moderate,1636
2011,6,22,Severe,1672
2011,6,23,None,2578
2011,6,23,Slight,1189
2011,6,23,Moderate,604
2011,6,23,Severe,637
2011,7,0,None,750
2011,7,0,Slight,255
2011,7,0,Moderate,139
2011,7,0,Severe,73
2011,7,1,None,406
2011,7,1,Slight,154
2011,7,1,Moderate,50
2011,7,1,Severe,34
2011,7,2,None,40
2011,7,2,Slight,12
2011,7,2,Moderate,8
2011,7,2,Severe,2
2011,7,3,None,48
2011,7,3,Slight,19
2011,7,3,Moderate,26
2011,7,3,Severe,30
2011,7,4,None,0
2011,7,4,Slight,0
2011,7,4,Moderate,0
2011,7,4,Severe,0
2011,7,5,None,4723
2011,7,5,Slight,886
2011,7,5,Moderate,150
2011,7,5,Severe,142
2011,7,6,None,33772
2011,7,6,Slight,6322
2011,7,6,Moderate,1372
2011,7,6,Severe,1125
2011,7,7,None,30237
2011,7,7,Slight,6563
2011,7,7,Moderate,2010
2011,7,7,Severe,1516
2011,7,8,None,28550
2011,7,8,Slight,7159
2011,7,8,Moderate,2271
2011,7,8,Severe,2023
2011,7,9,None,23085
2011,7,9,Slight,7235
2011,7,9,Moderate,2632
2011,7,9,Severe,2167
2011,7,10,None,23448
2011,7,10,Slight,8157
2011,7,10,Moderate,2945
2011,7,10,Severe,2485
2011,7,11,None,23024
2011,7,11,Slight,8122
2011,7,11,Moderate,3360
2011,7,11,Severe,2769
2011,7,12,None,20783
2011,7,12,Slight,8158
2011,7,12,Moderate,3391
2011,7,12,Severe,2834
2011,7,13,None,20134
2011,7,13,Slight,8671
2011,7,13,Moderate,3799
2011,7,13,Severe,3102
2011,7,14,None,16335
2011,7,14,Slight,8686
2011,7,14,Moderate,4404
2011,7,14,Severe,3599
2011,7,15,None,17492
2011,7,15,Slight,9067
2011,7,15,Moderate,4538
2011,7,15,Severe,4063
2011,7,16,None,15723
2011,7,16,Slight,8196
2011,7,16,Moderate,4777
2011,7,16,Severe,4383
2011,7,17,None,16982
2011,7,17,Slight,9451
2011,7,17,Moderate,5715
2011,7,17,Severe,5582
2011,7,18,None,14741
2011,7,18,Slight,7657
2011,7,18,Moderate,4962
2011,7,18,Severe,4974
2011,7,19,None,14562
2011,7,19,Slight,7859
2011,7,19,Moderate,5498
2011,7,19,Severe,5568
2011,7,20,None,11294
2011,7,20,Slight,5298
2011,7,20,Moderate,3658
2011,7,20,Severe,3846
2011,7,21,None,8257
2011,7,21,Slight,4106
2011,7,21,Moderate,2710
2011,7,21,Severe,2794
2011,7,22,None,6959
2011,7,22,Slight,3039
2011,7,22,Moderate,1921
2011,7,22,Severe,1732
2011,7,23,None,3290
2011,7,23,Slight,1338
2011,7,23,Moderate,693
2011,7,23,Severe,622
2011,8,0,None,584
2011,8,0,Slight,299
2011,8,0,Moderate,97
2011,8,0,Severe,63
2011,8,1,None,334
2011,8,1,Slight,163
2011,8,1,Moderate,44
2011,8,1,Severe,24
2011,8,2,None,32
2011,8,2,Slight,6
2011,8,2,Moderate,2
2011,8,2,Severe,5
2011,8,3,None,37
2011,8,3,Slight,18
2011,8,3,Moderate,15
2011,8,3,Severe,31
2011,8,4,None,0
2011,8,4,Slight,0
2011,8,4,Moderate,0
2011,8,4,Severe,0
2011,8,5,None,4790
2011,8,5,Slight,772
2011,8,5,Moderate,163
2011,8,5,Severe,125
2011,8,6,None,33715
2011,8,6,Slight,5994
2011,8,6,Moderate,1217
2011,8,6,Severe,912
2011,8,7,None,30282
2011,8,7,Slight,6013
2011,8,7,Moderate,1860
2011,8,7,Severe,1310
2011,8,8,None,28245
2011,8,8,Slight,6882
2011,8,8,Moderate,2097
2011,8,8,Severe,1793
2011,8,9,None,23890
2011,8,9,Slight,6726
2011,8,9,Moderate,2329
2011,8,9,Severe,1740
2011,8,10,None,23873
2011,8,10,Slight,7534
2011,8,10,Moderate,2735
2011,8,10,Severe,2066
2011,8,11,None,23350
2011,8,11,Slight,8062
2011,8,11,Moderate,3186
2011,8,11,Severe,2217
2011,8,12,None,21256
2011,8,12,Slight,7906
2011,8,12,Moderate,3195
2011,8,12,Severe,2339
2011,8,13,None,20900
2011,8,13,Slight,8390
2011,8,13,Moderate,3680
2011,8,13,Severe,2746
2011,8,14,None,17383
2011,8,14,Slight,8357
2011,8,14,Moderate,3827
2011,8,14,Severe,3029
2011,8,15,None,18625
2011,8,15,Slight,8819
2011,8,15,Moderate,4277
2011,8,15,Severe,3441
2011,8,16,None,17084
2011,8,16,Slight,8280
2011,8,16,Moderate,4260
2011,8,16,Severe,3617
2011,8,17,None,19039
2011,8,17,Slight,8920
2011,8,17,Moderate,4864
2011,8,17,Severe,4470
2011,8,18,None,16201
2011,8,18,Slight,7226
2011,8,18,Moderate,4295
2011,8,18,Severe,4305
2011,8,19,None,16421
2011,8,19,Slight,7232
2011,8,19,Moderate,4667
2011,8,19,Severe,4488
2011,8,20,None,12011
2011,8,20,Slight,4727
2011,8,20,Moderate,3119
2011,8,20,Severe,3283
2011,8,21,None,8713
2011,8,21,Slight,3697
2011,8,21,Moderate,2354
2011,8,21,Severe,2268
2011,8,22,None,6859
2011,8,22,Slight,2661
2011,8,22,Moderate,1527
2011,8,22,Severe,1380
2011,8,23,None,2992
2011,8,23,Slight,1229
2011,8,23,Moderate,601
2011,8,23,Severe,502
2011,9,0,None,554
2011,9,0,Slight,150
2011,9,0,Moderate,29
2011,9,0,Severe,14
2011,9,1,None,338
2011,9,1,Slight,74
2011,9,1,Moderate,16
2011,9,1,Severe,10
2011,9,2,None,27
2011,9,2,Slight,2
2011,9,2,Moderate,1
2011,9,2,Severe,0
2011,9,3,None,28
2011,9,3,Slight,6
2011,9,3,Moderate,4
2011,9,3,Severe,1
2011,9,4,None,0
2011,9,4,Slight,0
2011,9,4,Moderate,0
2011,9,4,Severe,0
2011,9,5,None,4545
2011,9,5,Slight,533
2011,9,5,Moderate,98
2011,9,5,Severe,88
2011,9,6,None,31343
2011,9,6,Slight,3935
2011,9,6,Moderate,797
2011,9,6,Severe,639
2011,9,7,None,29336
2011,9,7,Slight,4512
2011,9,7,Moderate,1348
2011,9,7,Severe,964
2011,9,8,None,28664
2011,9,8,Slight,5274
2011,9,8,Moderate,1492
2011,9,8,Severe,1076
2011,9,9,None,24799
2011,9,9,Slight,5404
2011,9,9,Moderate,1781
2011,9,9,Severe,1256
2011,9,10,None,24571
2011,9,10,Slight,6297
2011,9,10,Moderate,1956
2011,9,10,Severe,1355
2011,9,11,None,24632
2011,9,11,Slight,6550
2011,9,11,Moderate,2321
2011,9,11,Severe,1512
2011,9,12,None,22548
2011,9,12,Slight,6388
2011,9,12,Moderate,2404
2011,9,12,Severe,1595
2011,9,13,None,22952
2011,9,13,Slight,7445
2011,9,13,Moderate,2754
2011,9,13,Severe,1922
2011,9,14,None,18765
2011,9,14,Slight,7173
2011,9,14,Moderate,2799
2011,9,14,Severe,1990
2011,9,15,None,20113
2011,9,15,Slight,7491
2011,9,15,Moderate,3334
2011,9,15,Severe,2104
2011,9,16,None,19151
2011,9,16,Slight,7121
2011,9,16,Moderate,3408
2011,9,16,Severe,2523
2011,9,17,None,20474
2011,9,17,Slight,7667
2011,9,17,Moderate,3833
2011,9,17,Severe,2849
2011,9,18,None,17220
2011,9,18,Slight,6360
2011,9,18,Moderate,3336
2011,9,18,Severe,2802
2011,9,19,None,17290
2011,9,19,Slight,6241
2011,9,19,Moderate,3425
2011,9,19,Severe,2851
2011,9,20,None,11921
2011,9,20,Slight,3720
2011,9,20,Moderate,2296
2011,9,20,Severe,1937
2011,9,21,None,8872
2011,9,21,Slight,3027
2011,9,21,Moderate,1534
2011,9,21,Severe,1221
2011,9,22,None,6169
2011,9,22,Slight,1778
2011,9,22,Moderate,774
2011,9,22,Severe,581
2011,9,23,None,2104
2011,9,23,Slight,549
2011,9,23,Moderate,242
2011,9,23,Severe,127
2011,10,0,None,475
2011,10,0,Slight,177
2011,10,0,Moderate,49
2011,10,0,Severe,17
2011,10,1,None,277
2011,10,1,Slight,75
2011,10,1,Moderate,12
2011,10,1,Severe,6
2011,10,2,None,31
2011,10,2,Slight,0
2011,10,2,Moderate,0
2011,10,2,Severe,0
2011,10,3,None,29
2011,10,3,Slight,3
2011,10,3,Moderate,0
2011,10,3,Severe,1
2011,10,4,None,1
2011,10,4,Slight,0
2011,10,4,Moderate,0
2011,10,4,Severe,1
2011,10,5,None,4221
2011,10,5,Slight,508
2011,10,5,Moderate,118
2011,10,5,Severe,88
2011,10,6,None,32762
2011,10,6,Slight,4722
2011,10,6,Moderate,872
2011,10,6,Severe,625
2011,10,7,None,30319
2011,10,7,Slight,4871
2011,10,7,Moderate,1367
2011,10,7,Severe,768
2011,10,8,None,28394
2011,10,8,Slight,5931
2011,10,8,Moderate,1638
2011,10,8,Severe,955
2011,10,9,None,24901
2011,10,9,Slight,6073
2011,10,9,Moderate,1933
2011,10,9,Severe,1217
2011,10,10,None,25041
2011,10,10,Slight,6953
2011,10,10,Moderate,2144
2011,10,10,Severe,1417
2011,10,11,None,24724
2011,10,11,Slight,7182
2011,10,11,Moderate,2527
2011,10,11,Severe,1495
2011,10,12,None,22786
2011,10,12,Slight,6727
2011,10,12,Moderate,2428
2011,10,12,Severe,1653
2011,10,13,None,23479
2011,10,13,Slight,7995
2011,10,13,Moderate,2999
2011,10,13,Severe,1968
2011,10,14,None,19601
2011,10,14,Slight,7795
2011,10,14,Moderate,3115
2011,10,14,Severe,1891
2011,10,15,None,20983
2011,10,15,Slight,7622
2011,10,15,Moderate,3163
2011,10,15,Severe,2089
2011,10,16,None,20228
2011,10,16,Slight,7767
2011,10,16,Moderate,3460
2011,10,16,Severe,2354
2011,10,17,None,21932
2011,10,17,Slight,8109
2011,10,17,Moderate,3573
2011,10,17,Severe,2507
2011,10,18,None,18350
2011,10,18,Slight,6476
2011,10,18,Moderate,3090
2011,10,18,Severe,2283
2011,10,19,None,18968
2011,10,19,Slight,6294
2011,10,19,Moderate,3132
2011,10,19,Severe,2174
2011,10,20,None,12851
2011,10,20,Slight,4146
2011,10,20,Moderate,2157
2011,10,20,Severe,1484
2011,10,21,None,9191
2011,10,21,Slight,3436
2011,10,21,Moderate,1619
2011,10,21,Severe,886
2011,10,22,None,6552
2011,10,22,Slight,1977
2011,10,22,Moderate,756
2011,10,22,Severe,320
2011,10,23,None,1922
2011,10,23,Slight,560
2011,10,23,Moderate,244
2011,10,23,Severe,126
2011,11,0,None,652
2011,11,0,Slight,245
2011,11,0,Moderate,77
2011,11,0,Severe,39
2011,11,1,None,298
2011,11,1,Slight,65
2011,11,1,Moderate,15
2011,11,1,Severe,13
2011,11,2,None,38
2011,11,2,Slight,8
2011,11,2,Moderate,5
2011,11,2,Severe,0
2011,11,3,None,23
2011,11,3,Slight,3
2011,11,3,Moderate,0
2011,11,3,Severe,1
2011,11,4,None,64
2011,11,4,Slight,11
2011,11,4,Moderate,2
2011,11,4,Severe,2
2011,11,5,None,3655
2011,11,5,Slight,552
2011,11,5,Moderate,93
2011,11,5,Severe,76
2011,11,6,None,30336
2011,11,6,Slight,4987
2011,11,6,Moderate,964
2011,11,6,Severe,681
2011,11,7,None,27741
2011,11,7,Slight,4803
2011,11,7,Moderate,1267
2011,11,7,Severe,839
2011,11,8,None,26814
2011,11,8,Slight,5670
2011,11,8,Moderate,1593
2011,11,8,Severe,1196
2011,11,9,None,23466
2011,11,9,Slight,5784
2011,11,9,Moderate,1704
2011,11,9,Severe,1182
2011,11,10,None,22688
2011,11,10,Slight,6700
2011,11,10,Moderate,2154
2011,11,10,Severe,1449
2011,11,11,None,23124
2011,11,11,Slight,7123
2011,11,11,Moderate,2408
2011,11,11,Severe,1512
2011,11,12,None,20876
2011,11,12,Slight,6237
2011,11,12,Moderate,2497
2011,11,12,Severe,1563
2011,11,13,None,21653
2011,11,13,Slight,7354
2011,11,13,Moderate,2903
2011,11,13,Severe,1935
2011,11,14,None,19130
2011,11,14,Slight,7473
2011,11,14,Moderate,3067
2011,11,14,Severe,1975
2011,11,15,None,18788
2011,11,15,Slight,7065
2011,11,15,Moderate,2967
2011,11,15,Severe,1966
2011,11,16,None,18984
2011,11,16,Slight,7081
2011,11,16,Moderate,3100
2011,11,16,Severe,2286
2011,11,17,None,21149
2011,11,17,Slight,7909
2011,11,17,Moderate,3583
2011,11,17,Severe,2535
2011,11,18,None,16598
2011,11,18,Slight,6016
2011,11,18,Moderate,2887
2011,11,18,Severe,2141
2011,11,19,None,17801
2011,11,19,Slight,6588
2011,11,19,Moderate,3107
2011,11,19,Severe,2234
2011,11,20,None,10632
2011,11,20,Slight,3760
2011,11,20,Moderate,2000
2011,11,20,Severe,1373
2011,11,21,None,8951
2011,11,21,Slight,3433
2011,11,21,Moderate,1641
2011,11,21,Severe,903
2011,11,22,None,6249
2011,11,22,Slight,2023
2011,11,22,Moderate,723
2011,11,22,Severe,376
2011,11,23,None,1998
2011,11,23,Slight,539
2011,11,23,Moderate,289
2011,11,23,Severe,110
2011,12,0,None,810
2011,12,0,Slight,312
2011,12,0,Moderate,119
2011,12,0,Severe,38
2011,12,1,None,428
2011,12,1,Slight,128
2011,12,1,Moderate,41
2011,12,1,Severe,24
2011,12,2,None,72
2011,12,2,Slight,11
2011,12,2,Moderate,8
2011,12,2,Severe,6
2011,12,3,None,14
2011,12,3,Slight,4
2011,12,3,Moderate,4
2011,12,3,Severe,0
2011,12,4,None,91
2011,12,4,Slight,9
2011,12,4,Moderate,4
2011,12,4,Severe,5
2011,12,5,None,3957
2011,12,5,Slight,924
2011,12,5,Moderate,185
2011,12,5,Severe,148
2011,12,6,None,29841
2011,12,6,Slight,6178
2011,12,6,Moderate,1220
2011,12,6,Severe,898
2011,12,7,None,27253
2011,12,7,Slight,5864
2011,12,7,Moderate,1594
2011,12,7,Severe,1031
2011,12,8,None,26207
2011,12,8,Slight,6481
2011,12,8,Moderate,1908
2011,12,8,Severe,1215
2011,12,9,None,23262
2011,12,9,Slight,6561
2011,12,9,Moderate,2123
2011,12,9,Severe,1397
2011,12,10,None,21549
2011,12,10,Slight,7148
2011,12,10,Moderate,2730
2011,12,10,Severe,1698
2011,12,11,None,22513
2011,12,11,Slight,7686
2011,12,11,Moderate,2782
2011,12,11,Severe,1807
2011,12,12,None,20423
2011,12,12,Slight,6487
2011,12,12,Moderate,2806
2011,12,12,Severe,1758
2011,12,13,None,21367
2011,12,13,Slight,7576
2011,12,13,Moderate,3150
2011,12,13,Severe,2094
2011,12,14,None,19957
2011,12,14,Slight,7835
2011,12,14,Moderate,3445
2011,12,14,Severe,2134
2011,12,15,None,18426
2011,12,15,Slight,7207
2011,12,15,Moderate,3264
2011,12,15,Severe,2025
2011,12,16,None,19060
2011,12,16,Slight,7002
2011,12,16,Moderate,3236
2011,12,16,Severe,2369
2011,12,17,None,21349
2011,12,17,Slight,8058
2011,12,17,Moderate,3833
2011,12,17,Severe,2739
2011,12,18,None,17035
2011,12,18,Slight,6218
2011,12,18,Moderate,3173
2011,12,18,Severe,2379
2011,12,19,None,17519
2011,12,19,Slight,6605
2011,12,19,Moderate,3417
2011,12,19,Severe,2527
2011,12,20,None,10662
2011,12,20,Slight,3743
2011,12,20,Moderate,2066
2011,12,20,Severe,1598
2011,12,21,None,9318
2011,12,21,Slight,3720
2011,12,21,Moderate,1773
2011,12,21,Severe,1254
2011,12,22,None,6495
2011,12,22,Slight,1850
2011,12,22,Moderate,797
2011,12,22,Severe,411
2011,12,23,None,2149
2011,12,23,Slight,636
2011,12,23,Moderate,272
2011,12,23,Severe,109
2012,1,0,None,603
2012,1,0,Slight,163
2012,1,0,Moderate,71
2012,1,0,Severe,38
2012,1,1,None,226
2012,1,1,Slight,58
2012,1,1,Moderate,20
2012,1,1,Severe,22
2012,1,2,None,43
2012,1,2,Slight,14
2012,1,2,Moderate,12
2012,1,2,Severe,2
2012,1,3,None,2
2012,1,3,Slight,0
2012,1,3,Moderate,1
2012,1,3,Severe,1
2012,1,4,None,116
2012,1,4,Slight,15
2012,1,4,Moderate,3
2012,1,4,Severe,3
2012,1,5,None,4276
2012,1,5,Slight,653
2012,1,5,Moderate,147
2012,1,5,Severe,138
2012,1,6,None,29295
2012,1,6,Slight,4489
2012,1,6,Moderate,1144
2012,1,6,Severe,927
2012,1,7,None,27630
2012,1,7,Slight,4802
2012,1,7,Moderate,1438
2012,1,7,Severe,1093
2012,1,8,None,26870
2012,1,8,Slight,5454
2012,1,8,Moderate,2042
2012,1,8,Severe,1301
2012,1,9,None,23991
2012,1,9,Slight,5416
2012,1,9,Moderate,2032
2012,1,9,Severe,1430
2012,1,10,None,22155
2012,1,10,Slight,6306
2012,1,10,Moderate,2597
2012,1,10,Severe,1864
2012,1,11,None,23196
2012,1,11,Slight,6828
2012,1,11,Moderate,2768
2012,1,11,Severe,1895
2012,1,12,None,20645
2012,1,12,Slight,6141
2012,1,12,Moderate,2561
2012,1,12,Severe,1786
2012,1,13,None,22328
2012,1,13,Slight,6785
2012,1,13,Moderate,2884
2012,1,13,Severe,2218
2012,1,14,None,20572
2012,1,14,Slight,6713
2012,1,14,Moderate,2992
2012,1,14,Severe,2155
2012,1,15,None,19366
2012,1,15,Slight,6759
2012,1,15,Moderate,3108
2012,1,15,Severe,2160
2012,1,16,None,19783
2012,1,16,Slight,6703
2012,1,16,Moderate,3274
2012,1,16,Severe,2451
2012,1,17,None,22787
2012,1,17,Slight,7587
2012,1,17,Moderate,3821
2012,1,17,Severe,2906
2012,1,18,None,17331
2012,1,18,Slight,5709
2012,1,18,Moderate,3150
2012,1,18,Severe,2331
2012,1,19,None,17977
2012,1,19,Slight,6123
2012,1,19,Moderate,3349
2012,1,19,Severe,2444
2012,1,20,None,10807
2012,1,20,Slight,3217
2012,1,20,Moderate,1871
2012,1,20,Severe,1447
2012,1,21,None,9142
2012,1,21,Slight,3406
2012,1,21,Moderate,1772
2012,1,21,Severe,1044
2012,1,22,None,5962
2012,1,22,Slight,1505
2012,1,22,Moderate,650
2012,1,22,Severe,343
2012,1,23,None,1957
2012,1,23,Slight,524
2012,1,23,Moderate,173
2012,1,23,Severe,128
2012,2,0,None,537
2012,2,0,Slight,183
2012,2,0,Moderate,55
2012,2,0,Severe,22
2012,2,1,None,232
2012,2,1,Slight,34
2012,2,1,Moderate,16
2012,2,1,Severe,9
2012,2,2,None,26
2012,2,2,Slight,10
2012,2,2,Moderate,3
2012,2,2,Severe,0
2012,2,3,None,2
2012,2,3,Slight,0
2012,2,3,Moderate,0
2012,2,3,Severe,0
2012,2,4,None,65
2012,2,4,Slight,2
2012,2,4,Moderate,2
2012,2,4,Severe,12
2012,2,5,None,4321
2012,2,5,Slight,525
2012,2,5,Moderate,119
2012,2,5,Severe,113
2012,2,6,None,29554
2012,2,6,Slight,4193
2012,2,6,Moderate,877
2012,2,6,Severe,767
2012,2,7,None,27802
2012,2,7,Slight,4299
2012,2,7,Moderate,1102
2012,2,7,Severe,946
2012,2,8,None,26239
2012,2,8,Slight,5271
2012,2,8,Moderate,1636
2012,2,8,Severe,1087
2012,2,9,None,23308
2012,2,9,Slight,5139
2012,2,9,Moderate,1635
2012,2,9,Severe,1186
2012,2,10,None,21574
2012,2,10,Slight,5927
2012,2,10,Moderate,2160
2012,2,10,Severe,1243
2012,2,11,None,23201
2012,2,11,Slight,6402
2012,2,11,Moderate,2412
2012,2,11,Severe,1388
2012,2,12,None,20243
2012,2,12,Slight,5540
2012,2,12,Moderate,2217
2012,2,12,Severe,1333
2012,2,13,None,21864
2012,2,13,Slight,6314
2012,2,13,Moderate,2518
2012,2,13,Severe,1613
2012,2,14,None,19872
2012,2,14,Slight,6487
2012,2,14,Moderate,2679
2012,2,14,Severe,1639
2012,2,15,None,19407
2012,2,15,Slight,6696
2012,2,15,Moderate,2826
2012,2,15,Severe,1811
2012,2,16,None,19633
2012,2,16,Slight,6439
2012,2,16,Moderate,2685
2012,2,16,Severe,1920
2012,2,17,None,23113
2012,2,17,Slight,6936
2012,2,17,Moderate,3101
2012,2,17,Severe,2043
2012,2,18,None,17708
2012,2,18,Slight,5608
2012,2,18,Moderate,2692
2012,2,18,Severe,1772
2012,2,19,None,17811
2012,2,19,Slight,5828
2012,2,19,Moderate,2715
2012,2,19,Severe,1891
2012,2,20,None,11477
2012,2,20,Slight,3259
2012,2,20,Moderate,1758
2012,2,20,Severe,1153
2012,2,21,None,9641
2012,2,21,Slight,3322
2012,2,21,Moderate,1503
2012,2,21,Severe,859
2012,2,22,None,6129
2012,2,22,Slight,1448
2012,2,22,Moderate,538
2012,2,22,Severe,277
2012,2,23,None,1958
2012,2,23,Slight,526
2012,2,23,Moderate,198
2012,2,23,Severe,104
2012,3,0,None,685
2012,3,0,Slight,252
2012,3,0,Moderate,102
2012,3,0,Severe,54
2012,3,1,None,314
2012,3,1,Slight,88
2012,3,1,Moderate,23
2012,3,1,Severe,20
2012,3,2,None,36
2012,3,2,Slight,5
2012,3,2,Moderate,2
2012,3,2,Severe,2
2012,3,3,None,49
2012,3,3,Slight,4
2012,3,3,Moderate,3
2012,3,3,Severe,0
2012,3,4,None,80
2012,3,4,Slight,9
2012,3,4,Moderate,3
2012,3,4,Severe,8
2012,3,5,None,5213
2012,3,5,Slight,971
2012,3,5,Moderate,188
2012,3,5,Severe,153
2012,3,6,None,32124
2012,3,6,Slight,6127
2012,3,6,Moderate,1271
2012,3,6,Severe,923
2012,3,7,None,30624
2012,3,7,Slight,5999
2012,3,7,Moderate,1753
2012,3,7,Severe,1255
2012,3,8,None,27370
2012,3,8,Slight,7039
2012,3,8,Moderate,2197
2012,3,8,Severe,1613
2012,3,9,None,23098
2012,3,9,Slight,6557
2012,3,9,Moderate,2406
2012,3,9,Severe,1600
2012,3,10,None,21707
2012,3,10,Slight,7158
2012,3,10,Moderate,2657
2012,3,10,Severe,1785
2012,3,11,None,23156
2012,3,11,Slight,7631
2012,3,11,Moderate,2996
2012,3,11,Severe,2062
2012,3,12,None,20005
2012,3,12,Slight,7040
2012,3,12,Moderate,3125
2012,3,12,Severe,2038
2012,3,13,None,21054
2012,3,13,Slight,7978
2012,3,13,Moderate,3611
2012,3,13,Severe,2680
2012,3,14,None,18674
2012,3,14,Slight,8012
2012,3,14,Moderate,3789
2012,3,14,Severe,2736
2012,3,15,None,18535
2012,3,15,Slight,7981
2012,3,15,Moderate,4060
2012,3,15,Severe,2868
2012,3,16,None,18359
2012,3,16,Slight,8119
2012,3,16,Moderate,4158
2012,3,16,Severe,3161
2012,3,17,None,20973
2012,3,17,Slight,8641
2012,3,17,Moderate,4738
2012,3,17,Severe,3756
2012,3,18,None,17339
2012,3,18,Slight,7266
2012,3,18,Moderate,4180
2012,3,18,Severe,3230
2012,3,19,None,16889
2012,3,19,Slight,7048
2012,3,19,Moderate,4012
2012,3,19,Severe,3339
2012,3,20,None,12440
2012,3,20,Slight,4668
2012,3,20,Moderate,2801
2012,3,20,Severe,2228
2012,3,21,None,10514
2012,3,21,Slight,4571
2012,3,21,Moderate,2741
2012,3,21,Severe,1671
2012,3,22,None,6130
2012,3,22,Slight,2314
2012,3,22,Moderate,1017
2012,3,22,Severe,657
2012,3,23,None,2239
2012,3,23,Slight,919
2012,3,23,Moderate,399
2012,3,23,Severe,239
2012,4,0,None,681
2012,4,0,Slight,147
2012,4,0,Moderate,54
2012,4,0,Severe,46
2012,4,1,None,302
2012,4,1,Slight,73
2012,4,1,Moderate,22
2012,4,1,Severe,16
2012,4,2,None,28
2012,4,2,Slight,1
2012,4,2,Moderate,0
2012,4,2,Severe,0
2012,4,3,None,56
2012,4,3,Slight,1
2012,4,3,Moderate,2
2012,4,3,Severe,1
2012,4,4,None,50
2012,4,4,Slight,4
2012,4,4,Moderate,2
2012,4,4,Severe,4
2012,4,5,None,5127
2012,4,5,Slight,711
2012,4,5,Moderate,182
2012,4,5,Severe,73
2012,4,6,None,32560
2012,4,6,Slight,4751
2012,4,6,Moderate,888
2012,4,6,Severe,741
2012,4,7,None,30972
2012,4,7,Slight,4618
2012,4,7,Moderate,1265
2012,4,7,Severe,967
2012,4,8,None,29255
2012,4,8,Slight,6299
2012,4,8,Moderate,1810
2012,4,8,Severe,1161
2012,4,9,None,24349
2012,4,9,Slight,5597
2012,4,9,Moderate,1690
2012,4,9,Severe,1176
2012,4,10,None,23429
2012,4,10,Slight,6445
2012,4,10,Moderate,2108
2012,4,10,Severe,1320
2012,4,11,None,24114
2012,4,11,Slight,6587
2012,4,11,Moderate,2360
2012,4,11,Severe,1486
2012,4,12,None,22077
2012,4,12,Slight,6594
2012,4,12,Moderate,2327
2012,4,12,Severe,1622
2012,4,13,None,22742
2012,4,13,Slight,6688
2012,4,13,Moderate,2622
2012,4,13,Severe,1792
2012,4,14,None,20126
2012,4,14,Slight,6979
2012,4,14,Moderate,2869
2012,4,14,Severe,2014
2012,4,15,None,20442
2012,4,15,Slight,7407
2012,4,15,Moderate,3081
2012,4,15,Severe,2015
2012,4,16,None,20329
2012,4,16,Slight,7070
2012,4,16,Moderate,3068
2012,4,16,Severe,2226
2012,4,17,None,22276
2012,4,17,Slight,7594
2012,4,17,Moderate,3587
2012,4,17,Severe,2470
2012,4,18,None,19664
2012,4,18,Slight,6882
2012,4,18,Moderate,3064
2012,4,18,Severe,2244
2012,4,19,None,19134
2012,4,19,Slight,6577
2012,4,19,Moderate,3266
2012,4,19,Severe,2284
2012,4,20,None,13398
2012,4,20,Slight,4250
2012,4,20,Moderate,2237
2012,4,20,Severe,1655
2012,4,21,None,11094
2012,4,21,Slight,3954
2012,4,21,Moderate,1940
2012,4,21,Severe,1239
2012,4,22,None,6615
2012,4,22,Slight,1911
2012,4,22,Moderate,807
2012,4,22,Severe,442
2012,4,23,None,2172
2012,4,23,Slight,689
2012,4,23,Moderate,250
2012,4,23,Severe,160
2012,5,0,None,650
2012,5,0,Slight,221
2012,5,0,Moderate,87
2012,5,0,Severe,26
2012,5,1,None,311
2012,5,1,Slight,87
2012,5,1,Moderate,36
2012,5,1,Severe,12
2012,5,2,None,62
2012,5,2,Slight,7
2012,5,2,Moderate,4
2012,5,2,Severe,0
2012,5,3,None,60
2012,5,3,Slight,5
2012,5,3,Moderate,1
2012,5,3,Severe,0
2012,5,4,None,0
2012,5,4,Slight,0
2012,5,4,Moderate,0
2012,5,4,Severe,0
2012,5,5,None,5693
2012,5,5,Slight,822
2012,5,5,Moderate,153
2012,5,5,Severe,152
2012,5,6,None,32312
2012,5,6,Slight,5317
2012,5,6,Moderate,991
2012,5,6,Severe,836
2012,5,7,None,30666
2012,5,7,Slight,5019
2012,5,7,Moderate,1448
2012,5,7,Severe,1118
2012,5,8,None,29512
2012,5,8,Slight,6576
2012,5,8,Moderate,2010
2012,5,8,Severe,1293
2012,5,9,None,24777
2012,5,9,Slight,6244
2012,5,9,Moderate,2168
2012,5,9,Severe,1495
2012,5,10,None,23190
2012,5,10,Slight,6936
2012,5,10,Moderate,2514
2012,5,10,Severe,1708
2012,5,11,None,24449
2012,5,11,Slight,7405
2012,5,11,Moderate,2919
2012,5,11,Severe,1997
2012,5,12,None,22045
2012,5,12,Slight,6946
2012,5,12,Moderate,2811
2012,5,12,Severe,1978
2012,5,13,None,22320
2012,5,13,Slight,7382
2012,5,13,Moderate,3269
2012,5,13,Severe,2415
2012,5,14,None,19569
2012,5,14,Slight,7793
2012,5,14,Moderate,3329
2012,5,14,Severe,2474
2012,5,15,None,20107
2012,5,15,Slight,7983
2012,5,15,Moderate,3797
2012,5,15,Severe,2724
2012,5,16,None,19622
2012,5,16,Slight,7535
2012,5,16,Moderate,3614
2012,5,16,Severe,2712
2012,5,17,None,20569
2012,5,17,Slight,8225
2012,5,17,Moderate,4230
2012,5,17,Severe,3450
2012,5,18,None,17808
2012,5,18,Slight,7172
2012,5,18,Moderate,3837
2012,5,18,Severe,3156
2012,5,19,None,17844
2012,5,19,Slight,6824
2012,5,19,Moderate,4062
2012,5,19,Severe,3253
2012,5,20,None,12376
2012,5,20,Slight,4075
2012,5,20,Moderate,2531
2012,5,20,Severe,2250
2012,5,21,None,10133
2012,5,21,Slight,4246
2012,5,21,Moderate,2634
2012,5,21,Severe,1796
2012,5,22,None,6566
2012,5,22,Slight,2078
2012,5,22,Moderate,990
2012,5,22,Severe,634
2012,5,23,None,2171
2012,5,23,Slight,617
2012,5,23,Moderate,285
2012,5,23,Severe,147
2012,6,0,None,702
2012,6,0,Slight,280
2012,6,0,Moderate,158
2012,6,0,Severe,90
2012,6,1,None,263
2012,6,1,Slight,120
2012,6,1,Moderate,53
2012,6,1,Severe,29
2012,6,2,None,95
2012,6,2,Slight,9
2012,6,2,Moderate,10
2012,6,2,Severe,11
2012,6,3,None,65
2012,6,3,Slight,7
2012,6,3,Moderate,4
2012,6,3,Severe,4
2012,6,4,None,50
2012,6,4,Slight,12
2012,6,4,Moderate,2
2012,6,4,Severe,0
2012,6,5,None,6737
2012,6,5,Slight,1433
2012,6,5,Moderate,247
2012,6,5,Severe,205
2012,6,6,None,30861
2012,6,6,Slight,6290
2012,6,6,Moderate,1365
2012,6,6,Severe,968
2012,6,7,None,29221
2012,6,7,Slight,6159
2012,6,7,Moderate,1871
2012,6,7,Severe,1266
2012,6,8,None,28259
2012,6,8,Slight,7468
2012,6,8,Moderate,2224
2012,6,8,Severe,1549
2012,6,9,None,23157
2012,6,9,Slight,7208
2012,6,9,Moderate,2452
2012,6,9,Severe,1642
2012,6,10,None,22227
2012,6,10,Slight,8398
2012,6,10,Moderate,2956
2012,6,10,Severe,1930
2012,6,11,None,23081
2012,6,11,Slight,7911
2012,6,11,Moderate,3091
2012,6,11,Severe,2120
2012,6,12,None,19672
2012,6,12,Slight,7794
2012,6,12,Moderate,3107
2012,6,12,Severe,2196
2012,6,13,None,20439
2012,6,13,Slight,8433
2012,6,13,Moderate,3637
2012,6,13,Severe,2665
2012,6,14,None,17821
2012,6,14,Slight,8513
2012,6,14,Moderate,3933
2012,6,14,Severe,2961
2012,6,15,None,18089
2012,6,15,Slight,8521
2012,6,15,Moderate,4256
2012,6,15,Severe,3384
2012,6,16,None,17057
2012,6,16,Slight,7891
2012,6,16,Moderate,4219
2012,6,16,Severe,3532
2012,6,17,None,18692
2012,6,17,Slight,9123
2012,6,17,Moderate,5399
2012,6,17,Severe,4479
2012,6,18,None,16031
2012,6,18,Slight,7390
2012,6,18,Moderate,4562
2012,6,18,Severe,3887
2012,6,19,None,16152
2012,6,19,Slight,7435
2012,6,19,Moderate,4745
2012,6,19,Severe,4567
2012,6,20,None,11390
2012,6,20,Slight,5043
2012,6,20,Moderate,3473
2012,6,20,Severe,3276
2012,6,21,None,9431
2012,6,21,Slight,4581
2012,6,21,Moderate,3166
2012,6,21,Severe,2451
2012,6,22,None,6205
2012,6,22,Slight,2464
2012,6,22,Moderate,1254
2012,6,22,Severe,1119
2012,6,23,None,2589
2012,6,23,Slight,1160
2012,6,23,Moderate,563
2012,6,23,Severe,470
2012,7,0,None,672
2012,7,0,Slight,264
2012,7,0,Moderate,136
2012,7,0,Severe,95
2012,7,1,None,363
2012,7,1,Slight,147
2012,7,1,Moderate,61
2012,7,1,Severe,32
2012,7,2,None,109
2012,7,2,Slight,20
2012,7,2,Moderate,13
2012,7,2,Severe,4
2012,7,3,None,38
2012,7,3,Slight,8
2012,7,3,Moderate,8
2012,7,3,Severe,8
2012,7,4,None,0
2012,7,4,Slight,0
2012,7,4,Moderate,0
2012,7,4,Severe,0
2012,7,5,None,6404
2012,7,5,Slight,1535
2012,7,5,Moderate,338
2012,7,5,Severe,256
2012,7,6,None,31440
2012,7,6,Slight,6659
2012,7,6,Moderate,1522
2012,7,6,Severe,1367
2012,7,7,None,29200
2012,7,7,Slight,6610
2012,7,7,Moderate,2174
2012,7,7,Severe,1903
2012,7,8,None,27784
2012,7,8,Slight,7599
2012,7,8,Moderate,2596
2012,7,8,Severe,2242
2012,7,9,None,23089
2012,7,9,Slight,7237
2012,7,9,Moderate,2765
2012,7,9,Severe,2428
2012,7,10,None,22644
2012,7,10,Slight,8734
2012,7,10,Moderate,3402
2012,7,10,Severe,2727
2012,7,11,None,21947
2012,7,11,Slight,7896
2012,7,11,Moderate,3519
2012,7,11,Severe,2771
2012,7,12,None,19438
2012,7,12,Slight,7952
2012,7,12,Moderate,3715
2012,7,12,Severe,3022
2012,7,13,None,20341
2012,7,13,Slight,8630
2012,7,13,Moderate,4160
2012,7,13,Severe,3558
2012,7,14,None,16764
2012,7,14,Slight,8506
2012,7,14,Moderate,4535
2012,7,14,Severe,3849
2012,7,15,None,17020
2012,7,15,Slight,8701
2012,7,15,Moderate,4985
2012,7,15,Severe,4290
2012,7,16,None,15686
2012,7,16,Slight,8252
2012,7,16,Moderate,5079
2012,7,16,Severe,4703
2012,7,17,None,16787
2012,7,17,Slight,9039
2012,7,17,Moderate,6184
2012,7,17,Severe,6245
2012,7,18,None,14172
2012,7,18,Slight,7417
2012,7,18,Moderate,5390
2012,7,18,Severe,5750
2012,7,19,None,14333
2012,7,19,Slight,7494
2012,7,19,Moderate,5878
2012,7,19,Severe,6398
2012,7,20,None,9928
2012,7,20,Slight,5178
2012,7,20,Moderate,4393
2012,7,20,Severe,4764
2012,7,21,None,8435
2012,7,21,Slight,4460
2012,7,21,Moderate,3672
2012,7,21,Severe,3695
2012,7,22,None,5515
2012,7,22,Slight,2623
2012,7,22,Moderate,1677
2012,7,22,Severe,1665
2012,7,23,None,2840
2012,7,23,Slight,1188
2012,7,23,Moderate,699
2012,7,23,Severe,650
2012,8,0,None,652
2012,8,0,Slight,225
2012,8,0,Moderate,85
2012,8,0,Severe,48
2012,8,1,None,317
2012,8,1,Slight,108
2012,8,1,Moderate,47
2012,8,1,Severe,39
2012,8,2,None,89
2012,8,2,Slight,19
2012,8,2,Moderate,6
2012,8,2,Severe,6
2012,8,3,None,35
2012,8,3,Slight,4
2012,8,3,Moderate,8
2012,8,3,Severe,11
2012,8,4,None,6
2012,8,4,Slight,1
2012,8,4,Moderate,0
2012,8,4,Severe,0
2012,8,5,None,6861
2012,8,5,Slight,1396
2012,8,5,Moderate,258
2012,8,5,Severe,208
2012,8,6,None,31558
2012,8,6,Slight,6200
2012,8,6,Moderate,1359
2012,8,6,Severe,997
2012,8,7,None,30394
2012,8,7,Slight,6212
2012,8,7,Moderate,1844
2012,8,7,Severe,1508
2012,8,8,None,28184
2012,8,8,Slight,7659
2012,8,8,Moderate,2388
2012,8,8,Severe,1904
2012,8,9,None,24005
2012,8,9,Slight,7209
2012,8,9,Moderate,2626
2012,8,9,Severe,1875
2012,8,10,None,23502
2012,8,10,Slight,8586
2012,8,10,Moderate,3310
2012,8,10,Severe,2343
2012,8,11,None,22710
2012,8,11,Slight,8151
2012,8,11,Moderate,3200
2012,8,11,Severe,2342
2012,8,12,None,20613
2012,8,12,Slight,7867
2012,8,12,Moderate,3363
2012,8,12,Severe,2464
2012,8,13,None,21562
2012,8,13,Slight,8927
2012,8,13,Moderate,3982
2012,8,13,Severe,3146
2012,8,14,None,17711
2012,8,14,Slight,8522
2012,8,14,Moderate,4360
2012,8,14,Severe,3353
2012,8,15,None,18060
2012,8,15,Slight,8884
2012,8,15,Moderate,4642
2012,8,15,Severe,3745
2012,8,16,None,17255
2012,8,16,Slight,8658
2012,8,16,Moderate,4707
2012,8,16,Severe,4012
2012,8,17,None,18797
2012,8,17,Slight,9264
2012,8,17,Moderate,5748
2012,8,17,Severe,5033
2012,8,18,None,15855
2012,8,18,Slight,7706
2012,8,18,Moderate,4912
2012,8,18,Severe,4421
2012,8,19,None,16865
2012,8,19,Slight,7598
2012,8,19,Moderate,5142
2012,8,19,Severe,4782
2012,8,20,None,11034
2012,8,20,Slight,5097
2012,8,20,Moderate,3597
2012,8,20,Severe,3469
2012,8,21,None,8698
2012,8,21,Slight,4761
2012,8,21,Moderate,3147
2012,8,21,Severe,2542
2012,8,22,None,5791
2012,8,22,Slight,2505
2012,8,22,Moderate,1543
2012,8,22,Severe,1020
2012,8,23,None,2702
2012,8,23,Slight,1117
2012,8,23,Moderate,628
2012,8,23,Severe,534
2012,9,0,None,495
2012,9,0,Slight,151
2012,9,0,Moderate,66
2012,9,0,Severe,33
2012,9,1,None,237
2012,9,1,Slight,44
2012,9,1,Moderate,26
2012,9,1,Severe,12
2012,9,2,None,29
2012,9,2,Slight,5
2012,9,2,Moderate,2
2012,9,2,Severe,0
2012,9,3,None,27
2012,9,3,Slight,0
2012,9,3,Moderate,0
2012,9,3,Severe,0
2012,9,4,None,17
2012,9,4,Slight,0
2012,9,4,Moderate,0
2012,9,4,Severe,1
2012,9,5,None,6189
2012,9,5,Slight,856
2012,9,5,Moderate,208
2012,9,5,Severe,161
2012,9,6,None,29135
2012,9,6,Slight,4048
2012,9,6,Moderate,924
2012,9,6,Severe,746
2012,9,7,None,29702
2012,9,7,Slight,4276
2012,9,7,Moderate,1314
2012,9,7,Severe,1065
2012,9,8,None,28339
2012,9,8,Slight,5752
2012,9,8,Moderate,1866
2012,9,8,Severe,1487
2012,9,9,None,23969
2012,9,9,Slight,5386
2012,9,9,Moderate,1987
2012,9,9,Severe,1486
2012,9,10,None,24603
2012,9,10,Slight,6980
2012,9,10,Moderate,2773
2012,9,10,Severe,1943
2012,9,11,None,23495
2012,9,11,Slight,6240
2012,9,11,Moderate,2550
2012,9,11,Severe,1891
2012,9,12,None,21776
2012,9,12,Slight,6349
2012,9,12,Moderate,2907
2012,9,12,Severe,2015
2012,9,13,None,22358
2012,9,13,Slight,7150
2012,9,13,Moderate,3274
2012,9,13,Severe,2416
2012,9,14,None,19701
2012,9,14,Slight,6945
2012,9,14,Moderate,3227
2012,9,14,Severe,2559
2012,9,15,None,19285
2012,9,15,Slight,7359
2012,9,15,Moderate,3482
2012,9,15,Severe,2715
2012,9,16,None,19357
2012,9,16,Slight,7185
2012,9,16,Moderate,3652
2012,9,16,Severe,2857
2012,9,17,None,20537
2012,9,17,Slight,7670
2012,9,17,Moderate,3949
2012,9,17,Severe,3437
2012,9,18,None,16993
2012,9,18,Slight,6147
2012,9,18,Moderate,3714
2012,9,18,Severe,3175
2012,9,19,None,17400
2012,9,19,Slight,5908
2012,9,19,Moderate,3300
2012,9,19,Severe,3089
2012,9,20,None,10976
2012,9,20,Slight,3653
2012,9,20,Moderate,2318
2012,9,20,Severe,1868
2012,9,21,None,9832
2012,9,21,Slight,3279
2012,9,21,Moderate,1878
2012,9,21,Severe,1399
2012,9,22,None,5483
2012,9,22,Slight,1626
2012,9,22,Moderate,836
2012,9,22,Severe,557
2012,9,23,None,2204
2012,9,23,Slight,705
2012,9,23,Moderate,279
2012,9,23,Severe,149
2012,10,0,None,510
2012,10,0,Slight,169
2012,10,0,Moderate,85
2012,10,0,Severe,31
2012,10,1,None,192
2012,10,1,Slight,62
2012,10,1,Moderate,25
2012,10,1,Severe,11
2012,10,2,None,25
2012,10,2,Slight,3
2012,10,2,Moderate,1
2012,10,2,Severe,2
2012,10,3,None,28
2012,10,3,Slight,0
2012,10,3,Moderate,1
2012,10,3,Severe,0
2012,10,4,None,3
2012,10,4,Slight,0
2012,10,4,Moderate,0
2012,10,4,Severe,0
2012,10,5,None,6415
2012,10,5,Slight,1138
2012,10,5,Moderate,245
2012,10,5,Severe,178
2012,10,6,None,29109
2012,10,6,Slight,5004
2012,10,6,Moderate,1007
2012,10,6,Severe,811
2012,10,7,None,30106
2012,10,7,Slight,5056
2012,10,7,Moderate,1434
2012,10,7,Severe,1112
2012,10,8,None,27920
2012,10,8,Slight,7074
2012,10,8,Moderate,2069
2012,10,8,Severe,1561
2012,10,9,None,23145
2012,10,9,Slight,6505
2012,10,9,Moderate,2537
2012,10,9,Severe,1536
2012,10,10,None,23163
2012,10,10,Slight,8306
2012,10,10,Moderate,3283
2012,10,10,Severe,2023
2012,10,11,None,21563
2012,10,11,Slight,7705
2012,10,11,Moderate,3334
2012,10,11,Severe,1954
2012,10,12,None,20796
2012,10,12,Slight,7836
2012,10,12,Moderate,3652
2012,10,12,Severe,2269
2012,10,13,None,20676
2012,10,13,Slight,8053
2012,10,13,Moderate,3624
2012,10,13,Severe,2306
2012,10,14,None,18238
2012,10,14,Slight,8017
2012,10,14,Moderate,4013
2012,10,14,Severe,2556
2012,10,15,None,18806
2012,10,15,Slight,8645
2012,10,15,Moderate,4220
2012,10,15,Severe,2743
2012,10,16,None,18921
2012,10,16,Slight,8062
2012,10,16,Moderate,4196
2012,10,16,Severe,2798
2012,10,17,None,19794
2012,10,17,Slight,8658
2012,10,17,Moderate,4660
2012,10,17,Severe,3271
2012,10,18,None,16946
2012,10,18,Slight,6957
2012,10,18,Moderate,4237
2012,10,18,Severe,2985
2012,10,19,None,16600
2012,10,19,Slight,6899
2012,10,19,Moderate,4274
2012,10,19,Severe,2896
2012,10,20,None,10582
2012,10,20,Slight,4427
2012,10,20,Moderate,2734
2012,10,20,Severe,1961
2012,10,21,None,8743
2012,10,21,Slight,3613
2012,10,21,Moderate,2161
2012,10,21,Severe,1316
2012,10,22,None,5272
2012,10,22,Slight,1776
2012,10,22,Moderate,945
2012,10,22,Severe,534
2012,10,23,None,2006
2012,10,23,Slight,822
2012,10,23,Moderate,343
2012,10,23,Severe,162
2012,11,0,None,752
2012,11,0,Slight,200
2012,11,0,Moderate,49
2012,11,0,Severe,33
2012,11,1,None,308
2012,11,1,Slight,62
2012,11,1,Moderate,31
2012,11,1,Severe,10
2012,11,2,None,28
2012,11,2,Slight,11
2012,11,2,Moderate,2
2012,11,2,Severe,1
2012,11,3,None,29
2012,11,3,Slight,2
2012,11,3,Moderate,2
2012,11,3,Severe,0
2012,11,4,None,57
2012,11,4,Slight,5
2012,11,4,Moderate,0
2012,11,4,Severe,1
2012,11,5,None,5927
2012,11,5,Slight,1089
2012,11,5,Moderate,215
2012,11,5,Severe,205
2012,11,6,None,28139
2012,11,6,Slight,5082
2012,11,6,Moderate,980
2012,11,6,Severe,915
2012,11,7,None,27909
2012,11,7,Slight,5065
2012,11,7,Moderate,1342
2012,11,7,Severe,1009
2012,11,8,None,27431
2012,11,8,Slight,6228
2012,11,8,Moderate,1836
2012,11,8,Severe,1460
2012,11,9,None,23002
2012,11,9,Slight,5945
2012,11,9,Moderate,1984
2012,11,9,Severe,1301
2012,11,10,None,23099
2012,11,10,Slight,7199
2012,11,10,Moderate,2354
2012,11,10,Severe,1625
2012,11,11,None,23322
2012,11,11,Slight,7099
2012,11,11,Moderate,2580
2012,11,11,Severe,1613
2012,11,12,None,20837
2012,11,12,Slight,6762
2012,11,12,Moderate,2671
2012,11,12,Severe,1645
2012,11,13,None,21819
2012,11,13,Slight,7469
2012,11,13,Moderate,3087
2012,11,13,Severe,1965
2012,11,14,None,19237
2012,11,14,Slight,7356
2012,11,14,Moderate,2939
2012,11,14,Severe,2031
2012,11,15,None,19512
2012,11,15,Slight,7746
2012,11,15,Moderate,3258
2012,11,15,Severe,1997
2012,11,16,None,19775
2012,11,16,Slight,7556
2012,11,16,Moderate,3454
2012,11,16,Severe,2165
2012,11,17,None,20921
2012,11,17,Slight,8131
2012,11,17,Moderate,3726
2012,11,17,Severe,2431
2012,11,18,None,16657
2012,11,18,Slight,6311
2012,11,18,Moderate,3200
2012,11,18,Severe,2171
2012,11,19,None,17763
2012,11,19,Slight,6766
2012,11,19,Moderate,3433
2012,11,19,Severe,2188
2012,11,20,None,11208
2012,11,20,Slight,4139
2012,11,20,Moderate,2163
2012,11,20,Severe,1444
2012,11,21,None,9313
2012,11,21,Slight,3396
2012,11,21,Moderate,1789
2012,11,21,Severe,999
2012,11,22,None,5775
2012,11,22,Slight,1729
2012,11,22,Moderate,712
2012,11,22,Severe,390
2012,11,23,None,2405
2012,11,23,Slight,742
2012,11,23,Moderate,285
2012,11,23,Severe,168
2012,12,0,None,776
2012,12,0,Slight,268
2012,12,0,Moderate,154
2012,12,0,Severe,77
2012,12,1,None,254
2012,12,1,Slight,90
2012,12,1,Moderate,42
2012,12,1,Severe,27
2012,12,2,None,76
2012,12,2,Slight,30
2012,12,2,Moderate,10
2012,12,2,Severe,5
2012,12,3,None,14
2012,12,3,Slight,1
2012,12,3,Moderate,4
2012,12,3,Severe,4
2012,12,4,None,56
2012,12,4,Slight,5
2012,12,4,Moderate,7
2012,12,4,Severe,3
2012,12,5,None,4317
2012,12,5,Slight,1034
2012,12,5,Moderate,236
2012,12,5,Severe,228
2012,12,6,None,26350
2012,12,6,Slight,6410
2012,12,6,Moderate,1597
2012,12,6,Severe,1288
2012,12,7,None,25810
2012,12,7,Slight,6379
2012,12,7,Moderate,2018
2012,12,7,Severe,1564
2012,12,8,None,25130
2012,12,8,Slight,7290
2012,12,8,Moderate,3008
2012,12,8,Severe,1851
2012,12,9,None,20067
2012,12,9,Slight,6982
2012,12,9,Moderate,3196
2012,12,9,Severe,1973
2012,12,10,None,19843
2012,12,10,Slight,8090
2012,12,10,Moderate,3957
2012,12,10,Severe,2536
2012,12,11,None,20188
2012,12,11,Slight,8188
2012,12,11,Moderate,4348
2012,12,11,Severe,2701
2012,12,12,None,18058
2012,12,12,Slight,7383
2012,12,12,Moderate,4190
2012,12,12,Severe,2781
2012,12,13,None,18534
2012,12,13,Slight,8014
2012,12,13,Moderate,4541
2012,12,13,Severe,3202
2012,12,14,None,16898
2012,12,14,Slight,7576
2012,12,14,Moderate,4611
2012,12,14,Severe,3254
2012,12,15,None,16594
2012,12,15,Slight,7929
2012,12,15,Moderate,4717
2012,12,15,Severe,3414
2012,12,16,None,16869
2012,12,16,Slight,7710
2012,12,16,Moderate,4662
2012,12,16,Severe,3681
2012,12,17,None,18718
2012,12,17,Slight,8129
2012,12,17,Moderate,5366
2012,12,17,Severe,4275
2012,12,18,None,13490
2012,12,18,Slight,6276
2012,12,18,Moderate,4259
2012,12,18,Severe,3716
2012,12,19,None,14681
2012,12,19,Slight,6515
2012,12,19,Moderate,4571
2012,12,19,Severe,3761
2012,12,20,None,9233
2012,12,20,Slight,4137
2012,12,20,Moderate,3006
2012,12,20,Severe,2475
2012,12,21,None,7328
2012,12,21,Slight,3299
2012,12,21,Moderate,2441
2012,12,21,Severe,2161
2012,12,22,None,4672
2012,12,22,Slight,1935
2012,12,22,Moderate,1075
2012,12,22,Severe,796
2012,12,23,None,1934
2012,12,23,Slight,877
2012,12,23,Moderate,636
2012,12,23,Severe,363
