yr,mon,arr_hour,delay_type,type_count
2010,1,0,None,2100
2010,1,0,Slight,809
2010,1,0,Moderate,470
2010,1,0,Severe,411
2010,1,1,None,231
2010,1,1,Slight,69
2010,1,1,Moderate,44
2010,1,1,Severe,30
2010,1,2,None,31
2010,1,2,Slight,9
2010,1,2,Moderate,6
2010,1,2,Severe,7
2010,1,3,None,43
2010,1,3,Slight,6
2010,1,3,Moderate,2
2010,1,3,Severe,9
2010,1,4,None,158
2010,1,4,Slight,39
2010,1,4,Moderate,13
2010,1,4,Severe,5
2010,1,5,None,1993
2010,1,5,Slight,518
2010,1,5,Moderate,183
2010,1,5,Severe,151
2010,1,6,None,3939
2010,1,6,Slight,736
2010,1,6,Moderate,268
2010,1,6,Severe,230
2010,1,7,None,12052
2010,1,7,Slight,1818
2010,1,7,Moderate,544
2010,1,7,Severe,480
2010,1,8,None,19386
2010,1,8,Slight,3283
2010,1,8,Moderate,1040
2010,1,8,Severe,826
2010,1,9,None,21478
2010,1,9,Slight,4465
2010,1,9,Moderate,1523
2010,1,9,Severe,1062
2010,1,10,None,25346
2010,1,10,Slight,6037
2010,1,10,Moderate,2302
2010,1,10,Severe,1510
2010,1,11,None,22174
2010,1,11,Slight,6149
2010,1,11,Moderate,2630
2010,1,11,Severe,1782
2010,1,12,None,23239
2010,1,12,Slight,6427
2010,1,12,Moderate,2910
2010,1,12,Severe,2009
2010,1,13,None,22683
2010,1,13,Slight,7240
2010,1,13,Moderate,3204
2010,1,13,Severe,2119
2010,1,14,None,20770
2010,1,14,Slight,6872
2010,1,14,Moderate,3326
2010,1,14,Severe,2177
2010,1,15,None,20296
2010,1,15,Slight,7215
2010,1,15,Moderate,3300
2010,1,15,Severe,2243
2010,1,16,None,23019
2010,1,16,Slight,8311
2010,1,16,Moderate,4055
2010,1,16,Severe,2675
2010,1,17,None,19376
2010,1,17,Slight,7831
2010,1,17,Moderate,4145
2010,1,17,Severe,2813
2010,1,18,None,19753
2010,1,18,Slight,7179
2010,1,18,Moderate,4116
2010,1,18,Severe,3149
2010,1,19,None,18577
2010,1,19,Slight,7266
2010,1,19,Moderate,4170
2010,1,19,Severe,3280
2010,1,20,None,21007
2010,1,20,Slight,7778
2010,1,20,Moderate,4570
2010,1,20,Severe,3614
2010,1,21,None,16422
2010,1,21,Slight,6112
2010,1,21,Moderate,3788
2010,1,21,Severe,3146
2010,1,22,None,13740
2010,1,22,Slight,5273
2010,1,22,Moderate,3337
2010,1,22,Severe,2714
2010,1,23,None,10295
2010,1,23,Slight,3911
2010,1,23,Moderate,2323
2010,1,23,Severe,1667
2010,2,0,None,1893
2010,2,0,Slight,840
2010,2,0,Moderate,422
2010,2,0,Severe,377
2010,2,1,None,183
2010,2,1,Slight,63
2010,2,1,Moderate,27
2010,2,1,Severe,25
2010,2,2,None,25
2010,2,2,Slight,14
2010,2,2,Moderate,3
2010,2,2,Severe,4
2010,2,3,None,18
2010,2,3,Slight,7
2010,2,3,Moderate,5
2010,2,3,Severe,5
2010,2,4,None,194
2010,2,4,Slight,50
2010,2,4,Moderate,29
2010,2,4,Severe,12
2010,2,5,None,1847
2010,2,5,Slight,554
2010,2,5,Moderate,205
2010,2,5,Severe,146
2010,2,6,None,3544
2010,2,6,Slight,848
2010,2,6,Moderate,301
2010,2,6,Severe,204
2010,2,7,None,10879
2010,2,7,Slight,1870
2010,2,7,Moderate,498
2010,2,7,Severe,451
2010,2,8,None,17077
2010,2,8,Slight,3140
2010,2,8,Moderate,899
2010,2,8,Severe,815
2010,2,9,None,19119
2010,2,9,Slight,4363
2010,2,9,Moderate,1469
2010,2,9,Severe,1054
2010,2,10,None,21594
2010,2,10,Slight,5926
2010,2,10,Moderate,2122
2010,2,10,Severe,1425
2010,2,11,None,18499
2010,2,11,Slight,6222
2010,2,11,Moderate,2574
2010,2,11,Severe,1736
2010,2,12,None,19305
2010,2,12,Slight,6332
2010,2,12,Moderate,2736
2010,2,12,Severe,1991
2010,2,13,None,19051
2010,2,13,Slight,6850
2010,2,13,Moderate,3270
2010,2,13,Severe,2130
2010,2,14,None,17519
2010,2,14,Slight,6745
2010,2,14,Moderate,3176
2010,2,14,Severe,2264
2010,2,15,None,16766
2010,2,15,Slight,7007
2010,2,15,Moderate,3375
2010,2,15,Severe,2432
2010,2,16,None,18927
2010,2,16,Slight,8083
2010,2,16,Moderate,3934
2010,2,16,Severe,2768
2010,2,17,None,15936
2010,2,17,Slight,7684
2010,2,17,Moderate,3916
2010,2,17,Severe,2752
2010,2,18,None,16861
2010,2,18,Slight,7327
2010,2,18,Moderate,4070
2010,2,18,Severe,3059
2010,2,19,None,15137
2010,2,19,Slight,7070
2010,2,19,Moderate,3805
2010,2,19,Severe,2827
2010,2,20,None,17889
2010,2,20,Slight,7671
2010,2,20,Moderate,4231
2010,2,20,Severe,3436
2010,2,21,None,13881
2010,2,21,Slight,5897
2010,2,21,Moderate,3530
2010,2,21,Severe,2889
2010,2,22,None,11734
2010,2,22,Slight,5185
2010,2,22,Moderate,3297
2010,2,22,Severe,2545
2010,2,23,None,9311
2010,2,23,Slight,3933
2010,2,23,Moderate,2273
2010,2,23,Severe,1607
2010,3,0,None,2226
2010,3,0,Slight,1012
2010,3,0,Moderate,580
2010,3,0,Severe,574
2010,3,1,None,259
2010,3,1,Slight,94
2010,3,1,Moderate,58
2010,3,1,Severe,57
2010,3,2,None,37
2010,3,2,Slight,14
2010,3,2,Moderate,8
2010,3,2,Severe,4
2010,3,3,None,36
2010,3,3,Slight,17
2010,3,3,Moderate,15
2010,3,3,Severe,6
2010,3,4,None,273
2010,3,4,Slight,51
2010,3,4,Moderate,26
2010,3,4,Severe,19
2010,3,5,None,2103
2010,3,5,Slight,695
2010,3,5,Moderate,223
2010,3,5,Severe,156
2010,3,6,None,4629
2010,3,6,Slight,1147
2010,3,6,Moderate,361
2010,3,6,Severe,266
2010,3,7,None,13921
2010,3,7,Slight,2270
2010,3,7,Moderate,533
2010,3,7,Severe,436
2010,3,8,None,20795
2010,3,8,Slight,3811
2010,3,8,Moderate,1068
2010,3,8,Severe,772
2010,3,9,None,24412
2010,3,9,Slight,5230
2010,3,9,Moderate,1530
2010,3,9,Severe,1072
2010,3,10,None,25676
2010,3,10,Slight,6515
2010,3,10,Moderate,2081
2010,3,10,Severe,1334
2010,3,11,None,23359
2010,3,11,Slight,6930
2010,3,11,Moderate,2432
2010,3,11,Severe,1609
2010,3,12,None,24116
2010,3,12,Slight,7106
2010,3,12,Moderate,2835
2010,3,12,Severe,1940
2010,3,13,None,22075
2010,3,13,Slight,7645
2010,3,13,Moderate,3141
2010,3,13,Severe,2150
2010,3,14,None,21393
2010,3,14,Slight,7722
2010,3,14,Moderate,3622
2010,3,14,Severe,2353
2010,3,15,None,19847
2010,3,15,Slight,7846
2010,3,15,Moderate,3677
2010,3,15,Severe,2675
2010,3,16,None,22101
2010,3,16,Slight,9132
2010,3,16,Moderate,4266
2010,3,16,Severe,3130
2010,3,17,None,19282
2010,3,17,Slight,8713
2010,3,17,Moderate,4379
2010,3,17,Severe,3395
2010,3,18,None,19876
2010,3,18,Slight,8349
2010,3,18,Moderate,4357
2010,3,18,Severe,3731
2010,3,19,None,18323
2010,3,19,Slight,8013
2010,3,19,Moderate,4489
2010,3,19,Severe,3880
2010,3,20,None,20026
2010,3,20,Slight,8487
2010,3,20,Moderate,4706
2010,3,20,Severe,4419
2010,3,21,None,16114
2010,3,21,Slight,6853
2010,3,21,Moderate,4262
2010,3,21,Severe,4004
2010,3,22,None,13687
2010,3,22,Slight,6238
2010,3,22,Moderate,3814
2010,3,22,Severe,3444
2010,3,23,None,10918
2010,3,23,Slight,4896
2010,3,23,Moderate,2788
2010,3,23,Severe,2366
2010,4,0,None,2387
2010,4,0,Slight,870
2010,4,0,Moderate,442
2010,4,0,Severe,332
2010,4,1,None,246
2010,4,1,Slight,107
2010,4,1,Moderate,50
2010,4,1,Severe,22
2010,4,2,None,39
2010,4,2,Slight,19
2010,4,2,Moderate,5
2010,4,2,Severe,1
2010,4,3,None,70
2010,4,3,Slight,12
2010,4,3,Moderate,15
2010,4,3,Severe,6
2010,4,4,None,151
2010,4,4,Slight,57
2010,4,4,Moderate,10
2010,4,4,Severe,9
2010,4,5,None,1834
2010,4,5,Slight,653
2010,4,5,Moderate,258
2010,4,5,Severe,126
2010,4,6,None,5162
2010,4,6,Slight,920
2010,4,6,Moderate,314
2010,4,6,Severe,195
2010,4,7,None,14745
2010,4,7,Slight,1714
2010,4,7,Moderate,398
2010,4,7,Severe,346
2010,4,8,None,21026
2010,4,8,Slight,3020
2010,4,8,Moderate,728
2010,4,8,Severe,501
2010,4,9,None,26470
2010,4,9,Slight,4344
2010,4,9,Moderate,1157
2010,4,9,Severe,804
2010,4,10,None,25953
2010,4,10,Slight,5201
2010,4,10,Moderate,1432
2010,4,10,Severe,873
2010,4,11,None,25709
2010,4,11,Slight,5802
2010,4,11,Moderate,1667
2010,4,11,Severe,1055
2010,4,12,None,25708
2010,4,12,Slight,6089
2010,4,12,Moderate,2023
2010,4,12,Severe,1317
2010,4,13,None,23225
2010,4,13,Slight,6531
2010,4,13,Moderate,2109
2010,4,13,Severe,1244
2010,4,14,None,24477
2010,4,14,Slight,6718
2010,4,14,Moderate,2503
2010,4,14,Severe,1551
2010,4,15,None,21874
2010,4,15,Slight,7031
2010,4,15,Moderate,2661
2010,4,15,Severe,1694
2010,4,16,None,24072
2010,4,16,Slight,8539
2010,4,16,Moderate,3364
2010,4,16,Severe,2061
2010,4,17,None,21766
2010,4,17,Slight,8066
2010,4,17,Moderate,3364
2010,4,17,Severe,2202
2010,4,18,None,21344
2010,4,18,Slight,7491
2010,4,18,Moderate,3574
2010,4,18,Severe,2572
2010,4,19,None,20929
2010,4,19,Slight,7643
2010,4,19,Moderate,3645
2010,4,19,Severe,2554
2010,4,20,None,21862
2010,4,20,Slight,7917
2010,4,20,Moderate,3947
2010,4,20,Severe,2919
2010,4,21,None,17498
2010,4,21,Slight,6132
2010,4,21,Moderate,3402
2010,4,21,Severe,2481
2010,4,22,None,15510
2010,4,22,Slight,5754
2010,4,22,Moderate,3195
2010,4,22,Severe,2272
2010,4,23,None,11483
2010,4,23,Slight,4246
2010,4,23,Moderate,2165
2010,4,23,Severe,1502
2010,5,0,None,1933
2010,5,0,Slight,831
2010,5,0,Moderate,551
2010,5,0,Severe,504
2010,5,1,None,268
2010,5,1,Slight,107
2010,5,1,Moderate,33
2010,5,1,Severe,35
2010,5,2,None,49
2010,5,2,Slight,17
2010,5,2,Moderate,9
2010,5,2,Severe,3
2010,5,3,None,40
2010,5,3,Slight,13
2010,5,3,Moderate,5
2010,5,3,Severe,6
2010,5,4,None,188
2010,5,4,Slight,41
2010,5,4,Moderate,11
2010,5,4,Severe,9
2010,5,5,None,1955
2010,5,5,Slight,596
2010,5,5,Moderate,255
2010,5,5,Severe,169
2010,5,6,None,5299
2010,5,6,Slight,1080
2010,5,6,Moderate,396
2010,5,6,Severe,305
2010,5,7,None,14582
2010,5,7,Slight,1907
2010,5,7,Moderate,534
2010,5,7,Severe,510
2010,5,8,None,20483
2010,5,8,Slight,2873
2010,5,8,Moderate,782
2010,5,8,Severe,710
2010,5,9,None,26613
2010,5,9,Slight,4599
2010,5,9,Moderate,1432
2010,5,9,Severe,1131
2010,5,10,None,25908
2010,5,10,Slight,5727
2010,5,10,Moderate,1792
2010,5,10,Severe,1352
2010,5,11,None,24835
2010,5,11,Slight,6184
2010,5,11,Moderate,2251
2010,5,11,Severe,1568
2010,5,12,None,25061
2010,5,12,Slight,6912
2010,5,12,Moderate,2684
2010,5,12,Severe,1897
2010,5,13,None,22278
2010,5,13,Slight,6939
2010,5,13,Moderate,2755
2010,5,13,Severe,1787
2010,5,14,None,23293
2010,5,14,Slight,7498
2010,5,14,Moderate,3279
2010,5,14,Severe,2218
2010,5,15,None,20493
2010,5,15,Slight,7389
2010,5,15,Moderate,3355
2010,5,15,Severe,2573
2010,5,16,None,22232
2010,5,16,Slight,9341
2010,5,16,Moderate,4143
2010,5,16,Severe,3000
2010,5,17,None,20596
2010,5,17,Slight,8623
2010,5,17,Moderate,4146
2010,5,17,Severe,3242
2010,5,18,None,19062
2010,5,18,Slight,8259
2010,5,18,Moderate,4478
2010,5,18,Severe,3849
2010,5,19,None,18464
2010,5,19,Slight,8139
2010,5,19,Moderate,4330
2010,5,19,Severe,3914
2010,5,20,None,19358
2010,5,20,Slight,8337
2010,5,20,Moderate,4880
2010,5,20,Severe,4731
2010,5,21,None,15669
2010,5,21,Slight,6359
2010,5,21,Moderate,4087
2010,5,21,Severe,3739
2010,5,22,None,13605
2010,5,22,Slight,6066
2010,5,22,Moderate,3688
2010,5,22,Severe,3595
2010,5,23,None,10385
2010,5,23,Slight,4830
2010,5,23,Moderate,2820
2010,5,23,Severe,2445
2010,6,0,None,1812
2010,6,0,Slight,1071
2010,6,0,Moderate,746
2010,6,0,Severe,700
2010,6,1,None,360
2010,6,1,Slight,158
2010,6,1,Moderate,84
2010,6,1,Severe,88
2010,6,2,None,57
2010,6,2,Slight,20
2010,6,2,Moderate,10
2010,6,2,Severe,10
2010,6,3,None,48
2010,6,3,Slight,24
2010,6,3,Moderate,4
2010,6,3,Severe,4
2010,6,4,None,301
2010,6,4,Slight,73
2010,6,4,Moderate,29
2010,6,4,Severe,9
2010,6,5,None,1952
2010,6,5,Slight,809
2010,6,5,Moderate,355
2010,6,5,Severe,252
2010,6,6,None,5368
2010,6,6,Slight,1444
2010,6,6,Moderate,593
2010,6,6,Severe,447
2010,6,7,None,14390
2010,6,7,Slight,2643
2010,6,7,Moderate,679
2010,6,7,Severe,533
2010,6,8,None,19902
2010,6,8,Slight,3892
2010,6,8,Moderate,1109
2010,6,8,Severe,881
2010,6,9,None,25798
2010,6,9,Slight,6050
2010,6,9,Moderate,1652
2010,6,9,Severe,1289
2010,6,10,None,24596
2010,6,10,Slight,7080
2010,6,10,Moderate,2257
2010,6,10,Severe,1574
2010,6,11,None,22423
2010,6,11,Slight,7241
2010,6,11,Moderate,2416
2010,6,11,Severe,1673
2010,6,12,None,23326
2010,6,12,Slight,8451
2010,6,12,Moderate,3108
2010,6,12,Severe,2096
2010,6,13,None,20392
2010,6,13,Slight,8085
2010,6,13,Moderate,3204
2010,6,13,Severe,2214
2010,6,14,None,21130
2010,6,14,Slight,8868
2010,6,14,Moderate,3808
2010,6,14,Severe,2523
2010,6,15,None,17804
2010,6,15,Slight,8386
2010,6,15,Moderate,3741
2010,6,15,Severe,2684
2010,6,16,None,19888
2010,6,16,Slight,10537
2010,6,16,Moderate,4934
2010,6,16,Severe,3557
2010,6,17,None,16854
2010,6,17,Slight,9359
2010,6,17,Moderate,5012
2010,6,17,Severe,3899
2010,6,18,None,17020
2010,6,18,Slight,9105
2010,6,18,Moderate,5596
2010,6,18,Severe,4840
2010,6,19,None,15132
2010,6,19,Slight,8795
2010,6,19,Moderate,5477
2010,6,19,Severe,4905
2010,6,20,None,16619
2010,6,20,Slight,9273
2010,6,20,Moderate,6469
2010,6,20,Severe,6061
2010,6,21,None,13045
2010,6,21,Slight,6955
2010,6,21,Moderate,4954
2010,6,21,Severe,4933
2010,6,22,None,11705
2010,6,22,Slight,6620
2010,6,22,Moderate,4633
2010,6,22,Severe,4652
2010,6,23,None,9333
2010,6,23,Slight,5423
2010,6,23,Moderate,3854
2010,6,23,Severe,3446
2010,7,0,None,1829
2010,7,0,Slight,1187
2010,7,0,Moderate,846
2010,7,0,Severe,640
2010,7,1,None,436
2010,7,1,Slight,209
2010,7,1,Moderate,127
2010,7,1,Severe,108
2010,7,2,None,34
2010,7,2,Slight,25
2010,7,2,Moderate,14
2010,7,2,Severe,21
2010,7,3,None,38
2010,7,3,Slight,25
2010,7,3,Moderate,18
2010,7,3,Severe,12
2010,7,4,None,363
2010,7,4,Slight,85
2010,7,4,Moderate,25
2010,7,4,Severe,21
2010,7,5,None,2131
2010,7,5,Slight,905
2010,7,5,Moderate,442
2010,7,5,Severe,318
2010,7,6,None,5815
2010,7,6,Slight,1491
2010,7,6,Moderate,543
2010,7,6,Severe,453
2010,7,7,None,15244
2010,7,7,Slight,2495
2010,7,7,Moderate,680
2010,7,7,Severe,572
2010,7,8,None,20351
2010,7,8,Slight,4265
2010,7,8,Moderate,1117
2010,7,8,Severe,952
2010,7,9,None,26829
2010,7,9,Slight,6312
2010,7,9,Moderate,1863
2010,7,9,Severe,1298
2010,7,10,None,25150
2010,7,10,Slight,7552
2010,7,10,Moderate,2385
2010,7,10,Severe,1880
2010,7,11,None,23185
2010,7,11,Slight,7363
2010,7,11,Moderate,2624
2010,7,11,Severe,1659
2010,7,12,None,24111
2010,7,12,Slight,8880
2010,7,12,Moderate,3420
2010,7,12,Severe,2030
2010,7,13,None,21179
2010,7,13,Slight,8625
2010,7,13,Moderate,3329
2010,7,13,Severe,2062
2010,7,14,None,21648
2010,7,14,Slight,9355
2010,7,14,Moderate,4100
2010,7,14,Severe,2494
2010,7,15,None,18613
2010,7,15,Slight,8442
2010,7,15,Moderate,4007
2010,7,15,Severe,2612
2010,7,16,None,20522
2010,7,16,Slight,10832
2010,7,16,Moderate,5133
2010,7,16,Severe,3588
2010,7,17,None,17300
2010,7,17,Slight,9357
2010,7,17,Moderate,5211
2010,7,17,Severe,3953
2010,7,18,None,17746
2010,7,18,Slight,9288
2010,7,18,Moderate,5536
2010,7,18,Severe,4916
2010,7,19,None,16348
2010,7,19,Slight,8780
2010,7,19,Moderate,5735
2010,7,19,Severe,5222
2010,7,20,None,17131
2010,7,20,Slight,9240
2010,7,20,Moderate,6546
2010,7,20,Severe,6377
2010,7,21,None,13732
2010,7,21,Slight,7144
2010,7,21,Moderate,5214
2010,7,21,Severe,5257
2010,7,22,None,11823
2010,7,22,Slight,6583
2010,7,22,Moderate,4817
2010,7,22,Severe,4734
2010,7,23,None,9927
2010,7,23,Slight,5567
2010,7,23,Moderate,4069
2010,7,23,Severe,3716
2010,8,0,None,2086
2010,8,0,Slight,1093
2010,8,0,Moderate,675
2010,8,0,Severe,530
2010,8,1,None,367
2010,8,1,Slight,162
2010,8,1,Moderate,88
2010,8,1,Severe,73
2010,8,2,None,34
2010,8,2,Slight,21
2010,8,2,Moderate,12
2010,8,2,Severe,11
2010,8,3,None,54
2010,8,3,Slight,16
2010,8,3,Moderate,7
2010,8,3,Severe,13
2010,8,4,None,328
2010,8,4,Slight,91
2010,8,4,Moderate,18
2010,8,4,Severe,13
2010,8,5,None,2201
2010,8,5,Slight,872
2010,8,5,Moderate,325
2010,8,5,Severe,233
2010,8,6,None,6018
2010,8,6,Slight,1236
2010,8,6,Moderate,416
2010,8,6,Severe,327
2010,8,7,None,15732
2010,8,7,Slight,2143
2010,8,7,Moderate,529
2010,8,7,Severe,492
2010,8,8,None,21093
2010,8,8,Slight,3672
2010,8,8,Moderate,1002
2010,8,8,Severe,726
2010,8,9,None,28066
2010,8,9,Slight,5394
2010,8,9,Moderate,1671
2010,8,9,Severe,1150
2010,8,10,None,26604
2010,8,10,Slight,6334
2010,8,10,Moderate,2148
2010,8,10,Severe,1599
2010,8,11,None,24849
2010,8,11,Slight,6671
2010,8,11,Moderate,2310
2010,8,11,Severe,1464
2010,8,12,None,25851
2010,8,12,Slight,7815
2010,8,12,Moderate,2933
2010,8,12,Severe,1979
2010,8,13,None,22759
2010,8,13,Slight,7675
2010,8,13,Moderate,3073
2010,8,13,Severe,1793
2010,8,14,None,23786
2010,8,14,Slight,8443
2010,8,14,Moderate,3551
2010,8,14,Severe,2069
2010,8,15,None,20497
2010,8,15,Slight,8164
2010,8,15,Moderate,3627
2010,8,15,Severe,2036
2010,8,16,None,23464
2010,8,16,Slight,10095
2010,8,16,Moderate,4414
2010,8,16,Severe,2668
2010,8,17,None,20374
2010,8,17,Slight,9195
2010,8,17,Moderate,4448
2010,8,17,Severe,2856
2010,8,18,None,20574
2010,8,18,Slight,9368
2010,8,18,Moderate,4849
2010,8,18,Severe,3445
2010,8,19,None,19687
2010,8,19,Slight,8807
2010,8,19,Moderate,4594
2010,8,19,Severe,3571
2010,8,20,None,20809
2010,8,20,Slight,9459
2010,8,20,Moderate,5412
2010,8,20,Severe,4306
2010,8,21,None,16555
2010,8,21,Slight,7365
2010,8,21,Moderate,4455
2010,8,21,Severe,3756
2010,8,22,None,14355
2010,8,22,Slight,6332
2010,8,22,Moderate,3868
2010,8,22,Severe,3309
2010,8,23,None,11540
2010,8,23,Slight,5313
2010,8,23,Moderate,3236
2010,8,23,Severe,2647
2010,9,0,None,1686
2010,9,0,Slight,600
2010,9,0,Moderate,262
2010,9,0,Severe,177
2010,9,1,None,171
2010,9,1,Slight,42
2010,9,1,Moderate,21
2010,9,1,Severe,17
2010,9,2,None,46
2010,9,2,Slight,12
2010,9,2,Moderate,2
2010,9,2,Severe,5
2010,9,3,None,43
2010,9,3,Slight,8
2010,9,3,Moderate,2
2010,9,3,Severe,7
2010,9,4,None,173
2010,9,4,Slight,62
2010,9,4,Moderate,7
2010,9,4,Severe,3
2010,9,5,None,2119
2010,9,5,Slight,595
2010,9,5,Moderate,188
2010,9,5,Severe,158
2010,9,6,None,5283
2010,9,6,Slight,948
2010,9,6,Moderate,308
2010,9,6,Severe,193
2010,9,7,None,15097
2010,9,7,Slight,1565
2010,9,7,Moderate,412
2010,9,7,Severe,373
2010,9,8,None,20295
2010,9,8,Slight,2475
2010,9,8,Moderate,712
2010,9,8,Severe,471
2010,9,9,None,27328
2010,9,9,Slight,3892
2010,9,9,Moderate,1108
2010,9,9,Severe,725
2010,9,10,None,27248
2010,9,10,Slight,4390
2010,9,10,Moderate,1418
2010,9,10,Severe,868
2010,9,11,None,26534
2010,9,11,Slight,5374
2010,9,11,Moderate,1634
2010,9,11,Severe,1069
2010,9,12,None,26285
2010,9,12,Slight,6046
2010,9,12,Moderate,2005
2010,9,12,Severe,1331
2010,9,13,None,24376
2010,9,13,Slight,6133
2010,9,13,Moderate,2235
2010,9,13,Severe,1319
2010,9,14,None,24518
2010,9,14,Slight,6484
2010,9,14,Moderate,2404
2010,9,14,Severe,1444
2010,9,15,None,22888
2010,9,15,Slight,7084
2010,9,15,Moderate,2724
2010,9,15,Severe,1610
2010,9,16,None,24820
2010,9,16,Slight,8204
2010,9,16,Moderate,3350
2010,9,16,Severe,2006
2010,9,17,None,22162
2010,9,17,Slight,7851
2010,9,17,Moderate,3291
2010,9,17,Severe,2077
2010,9,18,None,22526
2010,9,18,Slight,7936
2010,9,18,Moderate,3559
2010,9,18,Severe,2298
2010,9,19,None,21125
2010,9,19,Slight,7308
2010,9,19,Moderate,3480
2010,9,19,Severe,2435
2010,9,20,None,22596
2010,9,20,Slight,7641
2010,9,20,Moderate,3685
2010,9,20,Severe,2792
2010,9,21,None,18045
2010,9,21,Slight,6109
2010,9,21,Moderate,3291
2010,9,21,Severe,2783
2010,9,22,None,15104
2010,9,22,Slight,4925
2010,9,22,Moderate,2720
2010,9,22,Severe,2020
2010,9,23,None,12218
2010,9,23,Slight,3952
2010,9,23,Moderate,2081
2010,9,23,Severe,1416
2010,10,0,None,1775
2010,10,0,Slight,662
2010,10,0,Moderate,389
2010,10,0,Severe,216
2010,10,1,None,171
2010,10,1,Slight,41
2010,10,1,Moderate,24
2010,10,1,Severe,15
2010,10,2,None,45
2010,10,2,Slight,12
2010,10,2,Moderate,4
2010,10,2,Severe,4
2010,10,3,None,34
2010,10,3,Slight,5
2010,10,3,Moderate,5
2010,10,3,Severe,0
2010,10,4,None,311
2010,10,4,Slight,60
2010,10,4,Moderate,23
2010,10,4,Severe,14
2010,10,5,None,2073
2010,10,5,Slight,583
2010,10,5,Moderate,176
2010,10,5,Severe,99
2010,10,6,None,5450
2010,10,6,Slight,984
2010,10,6,Moderate,259
2010,10,6,Severe,162
2010,10,7,None,14595
2010,10,7,Slight,1831
2010,10,7,Moderate,407
2010,10,7,Severe,374
2010,10,8,None,20880
2010,10,8,Slight,3221
2010,10,8,Moderate,821
2010,10,8,Severe,625
2010,10,9,None,27371
2010,10,9,Slight,4737
2010,10,9,Moderate,1287
2010,10,9,Severe,895
2010,10,10,None,26822
2010,10,10,Slight,5466
2010,10,10,Moderate,1543
2010,10,10,Severe,1066
2010,10,11,None,26330
2010,10,11,Slight,6591
2010,10,11,Moderate,1985
2010,10,11,Severe,1311
2010,10,12,None,26215
2010,10,12,Slight,7008
2010,10,12,Moderate,2334
2010,10,12,Severe,1620
2010,10,13,None,23700
2010,10,13,Slight,7399
2010,10,13,Moderate,2734
2010,10,13,Severe,1714
2010,10,14,None,23588
2010,10,14,Slight,7383
2010,10,14,Moderate,2824
2010,10,14,Severe,1823
2010,10,15,None,22534
2010,10,15,Slight,7871
2010,10,15,Moderate,3238
2010,10,15,Severe,2158
2010,10,16,None,24503
2010,10,16,Slight,9146
2010,10,16,Moderate,3768
2010,10,16,Severe,2592
2010,10,17,None,21504
2010,10,17,Slight,8376
2010,10,17,Moderate,3687
2010,10,17,Severe,2669
2010,10,18,None,21952
2010,10,18,Slight,8629
2010,10,18,Moderate,4342
2010,10,18,Severe,3034
2010,10,19,None,19750
2010,10,19,Slight,8055
2010,10,19,Moderate,3982
2010,10,19,Severe,2834
2010,10,20,None,23173
2010,10,20,Slight,8018
2010,10,20,Moderate,4307
2010,10,20,Severe,3107
2010,10,21,None,17642
2010,10,21,Slight,7015
2010,10,21,Moderate,3893
2010,10,21,Severe,2815
2010,10,22,None,15115
2010,10,22,Slight,5910
2010,10,22,Moderate,3204
2010,10,22,Severe,2358
2010,10,23,None,12268
2010,10,23,Slight,4327
2010,10,23,Moderate,2140
2010,10,23,Severe,1481
2010,11,0,None,1736
2010,11,0,Slight,699
2010,11,0,Moderate,426
2010,11,0,Severe,225
2010,11,1,None,237
2010,11,1,Slight,100
2010,11,1,Moderate,42
2010,11,1,Severe,29
2010,11,2,None,39
2010,11,2,Slight,18
2010,11,2,Moderate,6
2010,11,2,Severe,5
2010,11,3,None,38
2010,11,3,Slight,2
2010,11,3,Moderate,4
2010,11,3,Severe,2
2010,11,4,None,170
2010,11,4,Slight,39
2010,11,4,Moderate,22
2010,11,4,Severe,6
2010,11,5,None,2262
2010,11,5,Slight,667
2010,11,5,Moderate,255
2010,11,5,Severe,128
2010,11,6,None,4274
2010,11,6,Slight,864
2010,11,6,Moderate,304
2010,11,6,Severe,169
2010,11,7,None,13920
2010,11,7,Slight,1944
2010,11,7,Moderate,448
2010,11,7,Severe,314
2010,11,8,None,20061
2010,11,8,Slight,3189
2010,11,8,Moderate,732
2010,11,8,Severe,525
2010,11,9,None,25178
2010,11,9,Slight,4531
2010,11,9,Moderate,1294
2010,11,9,Severe,797
2010,11,10,None,26217
2010,11,10,Slight,5791
2010,11,10,Moderate,1741
2010,11,10,Severe,955
2010,11,11,None,23889
2010,11,11,Slight,5942
2010,11,11,Moderate,1899
2010,11,11,Severe,1053
2010,11,12,None,24877
2010,11,12,Slight,6695
2010,11,12,Moderate,2370
2010,11,12,Severe,1326
2010,11,13,None,23693
2010,11,13,Slight,7267
2010,11,13,Moderate,2711
2010,11,13,Severe,1439
2010,11,14,None,21864
2010,11,14,Slight,7041
2010,11,14,Moderate,2854
2010,11,14,Severe,1481
2010,11,15,None,21389
2010,11,15,Slight,7726
2010,11,15,Moderate,3146
2010,11,15,Severe,1796
2010,11,16,None,23601
2010,11,16,Slight,9142
2010,11,16,Moderate,3871
2010,11,16,Severe,2162
2010,11,17,None,19681
2010,11,17,Slight,8021
2010,11,17,Moderate,3769
2010,11,17,Severe,2243
2010,11,18,None,20884
2010,11,18,Slight,7972
2010,11,18,Moderate,4185
2010,11,18,Severe,2519
2010,11,19,None,18446
2010,11,19,Slight,7585
2010,11,19,Moderate,4043
2010,11,19,Severe,2642
2010,11,20,None,21743
2010,11,20,Slight,7755
2010,11,20,Moderate,4255
2010,11,20,Severe,2872
2010,11,21,None,17464
2010,11,21,Slight,6478
2010,11,21,Moderate,3796
2010,11,21,Severe,2525
2010,11,22,None,14298
2010,11,22,Slight,5666
2010,11,22,Moderate,3243
2010,11,22,Severe,2223
2010,11,23,None,11845
2010,11,23,Slight,4100
2010,11,23,Moderate,2306
2010,11,23,Severe,1437
2010,12,0,None,1466
2010,12,0,Slight,807
2010,12,0,Moderate,656
2010,12,0,Severe,540
2010,12,1,None,264
2010,12,1,Slight,150
2010,12,1,Moderate,93
2010,12,1,Severe,47
2010,12,2,None,37
2010,12,2,Slight,39
2010,12,2,Moderate,13
2010,12,2,Severe,20
2010,12,3,None,22
2010,12,3,Slight,9
2010,12,3,Moderate,12
2010,12,3,Severe,9
2010,12,4,None,159
2010,12,4,Slight,45
2010,12,4,Moderate,32
2010,12,4,Severe,16
2010,12,5,None,1935
2010,12,5,Slight,780
2010,12,5,Moderate,404
2010,12,5,Severe,298
2010,12,6,None,3557
2010,12,6,Slight,1104
2010,12,6,Moderate,483
2010,12,6,Severe,349
2010,12,7,None,12079
2010,12,7,Slight,2688
2010,12,7,Moderate,718
2010,12,7,Severe,605
2010,12,8,None,17472
2010,12,8,Slight,4386
2010,12,8,Moderate,1262
2010,12,8,Severe,980
2010,12,9,None,21961
2010,12,9,Slight,6309
2010,12,9,Moderate,2339
2010,12,9,Severe,1542
2010,12,10,None,22329
2010,12,10,Slight,7685
2010,12,10,Moderate,3041
2010,12,10,Severe,1861
2010,12,11,None,19562
2010,12,11,Slight,7414
2010,12,11,Moderate,3279
2010,12,11,Severe,2029
2010,12,12,None,20441
2010,12,12,Slight,8309
2010,12,12,Moderate,3901
2010,12,12,Severe,2650
2010,12,13,None,19226
2010,12,13,Slight,8566
2010,12,13,Moderate,4356
2010,12,13,Severe,2838
2010,12,14,None,17401
2010,12,14,Slight,7953
2010,12,14,Moderate,4427
2010,12,14,Severe,2948
2010,12,15,None,16904
2010,12,15,Slight,8232
2010,12,15,Moderate,4691
2010,12,15,Severe,3239
2010,12,16,None,19162
2010,12,16,Slight,10275
2010,12,16,Moderate,6074
2010,12,16,Severe,4249
2010,12,17,None,15115
2010,12,17,Slight,8068
2010,12,17,Moderate,5096
2010,12,17,Severe,3723
2010,12,18,None,17066
2010,12,18,Slight,8520
2010,12,18,Moderate,5969
2010,12,18,Severe,4608
2010,12,19,None,14206
2010,12,19,Slight,7871
2010,12,19,Moderate,5520
2010,12,19,Severe,4603
2010,12,20,None,17099
2010,12,20,Slight,8112
2010,12,20,Moderate,5799
2010,12,20,Severe,4973
2010,12,21,None,13761
2010,12,21,Slight,6857
2010,12,21,Moderate,5129
2010,12,21,Severe,4821
2010,12,22,None,10769
2010,12,22,Slight,5599
2010,12,22,Moderate,4168
2010,12,22,Severe,3828
2010,12,23,None,10000
2010,12,23,Slight,4923
2010,12,23,Moderate,3429
2010,12,23,Severe,2988
2011,1,0,None,1824
2011,1,0,Slight,757
2011,1,0,Moderate,519
2011,1,0,Severe,340
2011,1,1,None,213
2011,1,1,Slight,104
2011,1,1,Moderate,55
2011,1,1,Severe,26
2011,1,2,None,38
2011,1,2,Slight,24
2011,1,2,Moderate,9
2011,1,2,Severe,4
2011,1,3,None,25
2011,1,3,Slight,16
2011,1,3,Moderate,6
2011,1,3,Severe,2
2011,1,4,None,253
2011,1,4,Slight,62
2011,1,4,Moderate,25
2011,1,4,Severe,14
2011,1,5,None,1915
2011,1,5,Slight,610
2011,1,5,Moderate,276
2011,1,5,Severe,155
2011,1,6,None,3512
2011,1,6,Slight,787
2011,1,6,Moderate,289
2011,1,6,Severe,175
2011,1,7,None,11126
2011,1,7,Slight,1765
2011,1,7,Moderate,490
2011,1,7,Severe,409
2011,1,8,None,17300
2011,1,8,Slight,3135
2011,1,8,Moderate,932
2011,1,8,Severe,676
2011,1,9,None,21556
2011,1,9,Slight,4845
2011,1,9,Moderate,1522
2011,1,9,Severe,1103
2011,1,10,None,22713
2011,1,10,Slight,6086
2011,1,10,Moderate,2115
2011,1,10,Severe,1427
2011,1,11,None,19332
2011,1,11,Slight,6111
2011,1,11,Moderate,2402
2011,1,11,Severe,1618
2011,1,12,None,20526
2011,1,12,Slight,6663
2011,1,12,Moderate,2962
2011,1,12,Severe,1963
2011,1,13,None,19406
2011,1,13,Slight,7386
2011,1,13,Moderate,3263
2011,1,13,Severe,2071
2011,1,14,None,18361
2011,1,14,Slight,6798
2011,1,14,Moderate,3349
2011,1,14,Severe,2129
2011,1,15,None,17984
2011,1,15,Slight,7140
2011,1,15,Moderate,3613
2011,1,15,Severe,2373
2011,1,16,None,20152
2011,1,16,Slight,9059
2011,1,16,Moderate,4513
2011,1,16,Severe,2834
2011,1,17,None,16555
2011,1,17,Slight,7546
2011,1,17,Moderate,4109
2011,1,17,Severe,2600
2011,1,18,None,17888
2011,1,18,Slight,7716
2011,1,18,Moderate,4665
2011,1,18,Severe,3069
2011,1,19,None,16307
2011,1,19,Slight,7521
2011,1,19,Moderate,4448
2011,1,19,Severe,2933
2011,1,20,None,18321
2011,1,20,Slight,7328
2011,1,20,Moderate,4596
2011,1,20,Severe,3184
2011,1,21,None,15796
2011,1,21,Slight,6533
2011,1,21,Moderate,4237
2011,1,21,Severe,2928
2011,1,22,None,12138
2011,1,22,Slight,5540
2011,1,22,Moderate,3722
2011,1,22,Severe,2474
2011,1,23,None,10561
2011,1,23,Slight,4458
2011,1,23,Moderate,2749
2011,1,23,Severe,1875
2011,2,0,None,1742
2011,2,0,Slight,800
2011,2,0,Moderate,468
2011,2,0,Severe,401
2011,2,1,None,225
2011,2,1,Slight,121
2011,2,1,Moderate,53
2011,2,1,Severe,44
2011,2,2,None,40
2011,2,2,Slight,16
2011,2,2,Moderate,2
2011,2,2,Severe,5
2011,2,3,None,27
2011,2,3,Slight,7
2011,2,3,Moderate,2
2011,2,3,Severe,10
2011,2,4,None,277
2011,2,4,Slight,73
2011,2,4,Moderate,19
2011,2,4,Severe,20
2011,2,5,None,1660
2011,2,5,Slight,550
2011,2,5,Moderate,300
2011,2,5,Severe,187
2011,2,6,None,3305
2011,2,6,Slight,706
2011,2,6,Moderate,318
2011,2,6,Severe,204
2011,2,7,None,10691
2011,2,7,Slight,1615
2011,2,7,Moderate,473
2011,2,7,Severe,496
2011,2,8,None,15793
2011,2,8,Slight,2834
2011,2,8,Moderate,796
2011,2,8,Severe,701
2011,2,9,None,19753
2011,2,9,Slight,4152
2011,2,9,Moderate,1361
2011,2,9,Severe,1084
2011,2,10,None,21083
2011,2,10,Slight,5336
2011,2,10,Moderate,2044
2011,2,10,Severe,1323
2011,2,11,None,17518
2011,2,11,Slight,5469
2011,2,11,Moderate,2303
2011,2,11,Severe,1439
2011,2,12,None,18676
2011,2,12,Slight,5891
2011,2,12,Moderate,2645
2011,2,12,Severe,1736
2011,2,13,None,17518
2011,2,13,Slight,6630
2011,2,13,Moderate,2983
2011,2,13,Severe,1910
2011,2,14,None,16600
2011,2,14,Slight,6065
2011,2,14,Moderate,2881
2011,2,14,Severe,1919
2011,2,15,None,16040
2011,2,15,Slight,6582
2011,2,15,Moderate,3275
2011,2,15,Severe,2197
2011,2,16,None,18303
2011,2,16,Slight,8031
2011,2,16,Moderate,4031
2011,2,16,Severe,2656
2011,2,17,None,14805
2011,2,17,Slight,6607
2011,2,17,Moderate,3709
2011,2,17,Severe,2662
2011,2,18,None,15669
2011,2,18,Slight,7302
2011,2,18,Moderate,4136
2011,2,18,Severe,3113
2011,2,19,None,14474
2011,2,19,Slight,6631
2011,2,19,Moderate,3940
2011,2,19,Severe,3045
2011,2,20,None,16443
2011,2,20,Slight,6563
2011,2,20,Moderate,3995
2011,2,20,Severe,3475
2011,2,21,None,14245
2011,2,21,Slight,5812
2011,2,21,Moderate,3855
2011,2,21,Severe,3265
2011,2,22,None,11101
2011,2,22,Slight,5204
2011,2,22,Moderate,3285
2011,2,22,Severe,2764
2011,2,23,None,9757
2011,2,23,Slight,4117
2011,2,23,Moderate,2612
2011,2,23,Severe,2048
2011,3,0,None,2488
2011,3,0,Slight,1330
2011,3,0,Moderate,914
2011,3,0,Severe,662
2011,3,1,None,405
2011,3,1,Slight,160
2011,3,1,Moderate,81
2011,3,1,Severe,37
2011,3,2,None,61
2011,3,2,Slight,22
2011,3,2,Moderate,5
2011,3,2,Severe,13
2011,3,3,None,64
2011,3,3,Slight,14
2011,3,3,Moderate,5
2011,3,3,Severe,11
2011,3,4,None,345
2011,3,4,Slight,61
2011,3,4,Moderate,25
2011,3,4,Severe,13
2011,3,5,None,2241
2011,3,5,Slight,799
2011,3,5,Moderate,360
2011,3,5,Severe,254
2011,3,6,None,4509
2011,3,6,Slight,1072
2011,3,6,Moderate,402
2011,3,6,Severe,241
2011,3,7,None,14627
2011,3,7,Slight,2157
2011,3,7,Moderate,569
2011,3,7,Severe,395
2011,3,8,None,19889
2011,3,8,Slight,3156
2011,3,8,Moderate,836
2011,3,8,Severe,645
2011,3,9,None,25207
2011,3,9,Slight,4966
2011,3,9,Moderate,1521
2011,3,9,Severe,1127
2011,3,10,None,24797
2011,3,10,Slight,6047
2011,3,10,Moderate,2046
2011,3,10,Severe,1321
2011,3,11,None,22259
2011,3,11,Slight,6482
2011,3,11,Moderate,2362
2011,3,11,Severe,1637
2011,3,12,None,22325
2011,3,12,Slight,6971
2011,3,12,Moderate,2786
2011,3,12,Severe,1861
2011,3,13,None,20507
2011,3,13,Slight,7003
2011,3,13,Moderate,3103
2011,3,13,Severe,2064
2011,3,14,None,20107
2011,3,14,Slight,7159
2011,3,14,Moderate,3162
2011,3,14,Severe,2193
2011,3,15,None,18658
2011,3,15,Slight,7473
2011,3,15,Moderate,3438
2011,3,15,Severe,2347
2011,3,16,None,21842
2011,3,16,Slight,9311
2011,3,16,Moderate,4381
2011,3,16,Severe,3023
2011,3,17,None,17923
2011,3,17,Slight,8053
2011,3,17,Moderate,4110
2011,3,17,Severe,3082
2011,3,18,None,19113
2011,3,18,Slight,8218
2011,3,18,Moderate,4506
2011,3,18,Severe,3466
2011,3,19,None,18048
2011,3,19,Slight,7898
2011,3,19,Moderate,4318
2011,3,19,Severe,3721
2011,3,20,None,19551
2011,3,20,Slight,7778
2011,3,20,Moderate,4674
2011,3,20,Severe,3762
2011,3,21,None,16434
2011,3,21,Slight,7041
2011,3,21,Moderate,4387
2011,3,21,Severe,3587
2011,3,22,None,14329
2011,3,22,Slight,6445
2011,3,22,Moderate,4048
2011,3,22,Severe,3428
2011,3,23,None,12530
2011,3,23,Slight,5506
2011,3,23,Moderate,3516
2011,3,23,Severe,2670
2011,4,0,None,2180
2011,4,0,Slight,1140
2011,4,0,Moderate,860
2011,4,0,Severe,712
2011,4,1,None,336
2011,4,1,Slight,94
2011,4,1,Moderate,84
2011,4,1,Severe,74
2011,4,2,None,101
2011,4,2,Slight,15
2011,4,2,Moderate,15
2011,4,2,Severe,11
2011,4,3,None,62
2011,4,3,Slight,13
2011,4,3,Moderate,13
2011,4,3,Severe,15
2011,4,4,None,256
2011,4,4,Slight,75
2011,4,4,Moderate,22
2011,4,4,Severe,5
2011,4,5,None,2174
2011,4,5,Slight,707
2011,4,5,Moderate,423
2011,4,5,Severe,268
2011,4,6,None,4633
2011,4,6,Slight,1076
2011,4,6,Moderate,453
2011,4,6,Severe,257
2011,4,7,None,13782
2011,4,7,Slight,1943
2011,4,7,Moderate,551
2011,4,7,Severe,429
2011,4,8,None,19013
2011,4,8,Slight,3075
2011,4,8,Moderate,916
2011,4,8,Severe,700
2011,4,9,None,24770
2011,4,9,Slight,5115
2011,4,9,Moderate,1615
2011,4,9,Severe,1193
2011,4,10,None,22605
2011,4,10,Slight,5251
2011,4,10,Moderate,2012
2011,4,10,Severe,1365
2011,4,11,None,22575
2011,4,11,Slight,6328
2011,4,11,Moderate,2524
2011,4,11,Severe,1704
2011,4,12,None,21251
2011,4,12,Slight,6147
2011,4,12,Moderate,2859
2011,4,12,Severe,1939
2011,4,13,None,19159
2011,4,13,Slight,6916
2011,4,13,Moderate,3241
2011,4,13,Severe,2238
2011,4,14,None,19069
2011,4,14,Slight,7038
2011,4,14,Moderate,3387
2011,4,14,Severe,2444
2011,4,15,None,17169
2011,4,15,Slight,6933
2011,4,15,Moderate,3610
2011,4,15,Severe,2700
2011,4,16,None,19685
2011,4,16,Slight,8886
2011,4,16,Moderate,4680
2011,4,16,Severe,3467
2011,4,17,None,16442
2011,4,17,Slight,7867
2011,4,17,Moderate,4358
2011,4,17,Severe,3381
2011,4,18,None,16983
2011,4,18,Slight,7889
2011,4,18,Moderate,4637
2011,4,18,Severe,4150
2011,4,19,None,16342
2011,4,19,Slight,7550
2011,4,19,Moderate,4552
2011,4,19,Severe,4235
2011,4,20,None,16878
2011,4,20,Slight,7241
2011,4,20,Moderate,4810
2011,4,20,Severe,4603
2011,4,21,None,14470
2011,4,21,Slight,6512
2011,4,21,Moderate,4504
2011,4,21,Severe,4409
2011,4,22,None,12352
2011,4,22,Slight,5764
2011,4,22,Moderate,4147
2011,4,22,Severe,4016
2011,4,23,None,10632
2011,4,23,Slight,5040
2011,4,23,Moderate,3537
2011,4,23,Severe,3089
2011,5,0,None,2060
2011,5,0,Slight,1106
2011,5,0,Moderate,795
2011,5,0,Severe,618
2011,5,1,None,338
2011,5,1,Slight,151
2011,5,1,Moderate,88
2011,5,1,Severe,76
2011,5,2,None,67
2011,5,2,Slight,21
2011,5,2,Moderate,25
2011,5,2,Severe,7
2011,5,3,None,60
2011,5,3,Slight,8
2011,5,3,Moderate,10
2011,5,3,Severe,5
2011,5,4,None,286
2011,5,4,Slight,64
2011,5,4,Moderate,20
2011,5,4,Severe,24
2011,5,5,None,2412
2011,5,5,Slight,755
2011,5,5,Moderate,316
2011,5,5,Severe,189
2011,5,6,None,4501
2011,5,6,Slight,1145
2011,5,6,Moderate,435
2011,5,6,Severe,294
2011,5,7,None,13847
2011,5,7,Slight,2172
2011,5,7,Moderate,532
2011,5,7,Severe,419
2011,5,8,None,18531
2011,5,8,Slight,3476
2011,5,8,Moderate,916
2011,5,8,Severe,694
2011,5,9,None,25617
2011,5,9,Slight,5207
2011,5,9,Moderate,1593
2011,5,9,Severe,1174
2011,5,10,None,24020
2011,5,10,Slight,5626
2011,5,10,Moderate,1779
2011,5,10,Severe,1284
2011,5,11,None,23254
2011,5,11,Slight,6785
2011,5,11,Moderate,2336
2011,5,11,Severe,1670
2011,5,12,None,22267
2011,5,12,Slight,6913
2011,5,12,Moderate,2474
2011,5,12,Severe,1793
2011,5,13,None,20040
2011,5,13,Slight,7520
2011,5,13,Moderate,3178
2011,5,13,Severe,2059
2011,5,14,None,20127
2011,5,14,Slight,7979
2011,5,14,Moderate,3389
2011,5,14,Severe,2245
2011,5,15,None,17876
2011,5,15,Slight,7443
2011,5,15,Moderate,3484
2011,5,15,Severe,2531
2011,5,16,None,20285
2011,5,16,Slight,9544
2011,5,16,Moderate,4697
2011,5,16,Severe,3435
2011,5,17,None,17217
2011,5,17,Slight,8377
2011,5,17,Moderate,4336
2011,5,17,Severe,3411
2011,5,18,None,17296
2011,5,18,Slight,8319
2011,5,18,Moderate,4817
2011,5,18,Severe,4132
2011,5,19,None,16726
2011,5,19,Slight,8360
2011,5,19,Moderate,5070
2011,5,19,Severe,4697
2011,5,20,None,17270
2011,5,20,Slight,7264
2011,5,20,Moderate,4708
2011,5,20,Severe,4732
2011,5,21,None,14922
2011,5,21,Slight,6896
2011,5,21,Moderate,4858
2011,5,21,Severe,4889
2011,5,22,None,12480
2011,5,22,Slight,5748
2011,5,22,Moderate,4178
2011,5,22,Severe,4155
2011,5,23,None,10378
2011,5,23,Slight,4823
2011,5,23,Moderate,3334
2011,5,23,Severe,3100
2011,6,0,None,2566
2011,6,0,Slight,1796
2011,6,0,Moderate,1067
2011,6,0,Severe,1032
2011,6,1,None,536
2011,6,1,Slight,192
2011,6,1,Moderate,125
2011,6,1,Severe,134
2011,6,2,None,76
2011,6,2,Slight,28
2011,6,2,Moderate,27
2011,6,2,Severe,17
2011,6,3,None,53
2011,6,3,Slight,14
2011,6,3,Moderate,12
2011,6,3,Severe,10
2011,6,4,None,277
2011,6,4,Slight,97
2011,6,4,Moderate,27
2011,6,4,Severe,15
2011,6,5,None,2146
2011,6,5,Slight,904
2011,6,5,Moderate,391
2011,6,5,Severe,309
2011,6,6,None,5370
2011,6,6,Slight,1331
2011,6,6,Moderate,521
2011,6,6,Severe,462
2011,6,7,None,14667
2011,6,7,Slight,2682
2011,6,7,Moderate,675
2011,6,7,Severe,677
2011,6,8,None,19268
2011,6,8,Slight,3799
2011,6,8,Moderate,1030
2011,6,8,Severe,843
2011,6,9,None,25407
2011,6,9,Slight,5665
2011,6,9,Moderate,1788
2011,6,9,Severe,1419
2011,6,10,None,24095
2011,6,10,Slight,6367
2011,6,10,Moderate,2246
2011,6,10,Severe,1731
2011,6,11,None,22101
2011,6,11,Slight,6828
2011,6,11,Moderate,2362
2011,6,11,Severe,1753
2011,6,12,None,22090
2011,6,12,Slight,7327
2011,6,12,Moderate,2797
2011,6,12,Severe,1954
2011,6,13,None,19777
2011,6,13,Slight,7626
2011,6,13,Moderate,3002
2011,6,13,Severe,2065
2011,6,14,None,19847
2011,6,14,Slight,8638
2011,6,14,Moderate,3408
2011,6,14,Severe,2214
2011,6,15,None,17526
2011,6,15,Slight,7816
2011,6,15,Moderate,3485
2011,6,15,Severe,2362
2011,6,16,None,19643
2011,6,16,Slight,9719
2011,6,16,Moderate,4629
2011,6,16,Severe,3200
2011,6,17,None,16368
2011,6,17,Slight,8778
2011,6,17,Moderate,4399
2011,6,17,Severe,3136
2011,6,18,None,17340
2011,6,18,Slight,9307
2011,6,18,Moderate,5289
2011,6,18,Severe,4239
2011,6,19,None,16248
2011,6,19,Slight,8713
2011,6,19,Moderate,5059
2011,6,19,Severe,4461
2011,6,20,None,16414
2011,6,20,Slight,8007
2011,6,20,Moderate,5044
2011,6,20,Severe,5046
2011,6,21,None,13976
2011,6,21,Slight,6949
2011,6,21,Moderate,4902
2011,6,21,Severe,5031
2011,6,22,None,12482
2011,6,22,Slight,6239
2011,6,22,Moderate,4404
2011,6,22,Severe,4593
2011,6,23,None,11137
2011,6,23,Slight,5959
2011,6,23,Moderate,4119
2011,6,23,Severe,3745
2011,7,0,None,3160
2011,7,0,Slight,1979
2011,7,0,Moderate,1284
2011,7,0,Severe,1111
2011,7,1,None,670
2011,7,1,Slight,373
2011,7,1,Moderate,276
2011,7,1,Severe,176
2011,7,2,None,80
2011,7,2,Slight,34
2011,7,2,Moderate,23
2011,7,2,Severe,36
2011,7,3,None,44
2011,7,3,Slight,18
2011,7,3,Moderate,17
2011,7,3,Severe,14
2011,7,4,None,318
2011,7,4,Slight,66
2011,7,4,Moderate,28
2011,7,4,Severe,27
2011,7,5,None,2301
2011,7,5,Slight,860
2011,7,5,Moderate,343
2011,7,5,Severe,362
2011,7,6,None,5960
2011,7,6,Slight,1459
2011,7,6,Moderate,547
2011,7,6,Severe,450
2011,7,7,None,15512
2011,7,7,Slight,2712
2011,7,7,Moderate,715
2011,7,7,Severe,628
2011,7,8,None,20269
2011,7,8,Slight,3856
2011,7,8,Moderate,1144
2011,7,8,Severe,832
2011,7,9,None,26320
2011,7,9,Slight,5772
2011,7,9,Moderate,1676
2011,7,9,Severe,1474
2011,7,10,None,25623
2011,7,10,Slight,6548
2011,7,10,Moderate,2196
2011,7,10,Severe,1933
2011,7,11,None,23426
2011,7,11,Slight,6734
2011,7,11,Moderate,2336
2011,7,11,Severe,2033
2011,7,12,None,23070
2011,7,12,Slight,7053
2011,7,12,Moderate,2631
2011,7,12,Severe,2345
2011,7,13,None,20761
2011,7,13,Slight,7579
2011,7,13,Moderate,3067
2011,7,13,Severe,2505
2011,7,14,None,21106
2011,7,14,Slight,8448
2011,7,14,Moderate,3253
2011,7,14,Severe,2651
2011,7,15,None,18199
2011,7,15,Slight,7894
2011,7,15,Moderate,3562
2011,7,15,Severe,2823
2011,7,16,None,20410
2011,7,16,Slight,9715
2011,7,16,Moderate,4702
2011,7,16,Severe,3821
2011,7,17,None,16630
2011,7,17,Slight,8783
2011,7,17,Moderate,4330
2011,7,17,Severe,3630
2011,7,18,None,18057
2011,7,18,Slight,9662
2011,7,18,Moderate,5369
2011,7,18,Severe,4863
2011,7,19,None,16527
2011,7,19,Slight,8838
2011,7,19,Moderate,5121
2011,7,19,Severe,4894
2011,7,20,None,16444
2011,7,20,Slight,8249
2011,7,20,Moderate,5294
2011,7,20,Severe,5370
2011,7,21,None,14784
2011,7,21,Slight,7262
2011,7,21,Moderate,4830
2011,7,21,Severe,4978
2011,7,22,None,12900
2011,7,22,Slight,6282
2011,7,22,Moderate,4236
2011,7,22,Severe,4596
2011,7,23,None,12064
2011,7,23,Slight,6234
2011,7,23,Moderate,4049
2011,7,23,Severe,3913
2011,8,0,None,3134
2011,8,0,Slight,1762
2011,8,0,Moderate,1075
2011,8,0,Severe,887
2011,8,1,None,573
2011,8,1,Slight,373
2011,8,1,Moderate,216
2011,8,1,Severe,107
2011,8,2,None,58
2011,8,2,Slight,22
2011,8,2,Moderate,21
2011,8,2,Severe,29
2011,8,3,None,18
2011,8,3,Slight,16
2011,8,3,Moderate,19
2011,8,3,Severe,21
2011,8,4,None,277
2011,8,4,Slight,89
2011,8,4,Moderate,28
2011,8,4,Severe,24
2011,8,5,None,1996
2011,8,5,Slight,894
2011,8,5,Moderate,342
2011,8,5,Severe,307
2011,8,6,None,5842
2011,8,6,Slight,1376
2011,8,6,Moderate,488
2011,8,6,Severe,358
2011,8,7,None,15595
2011,8,7,Slight,2534
2011,8,7,Moderate,620
2011,8,7,Severe,525
2011,8,8,None,19930
2011,8,8,Slight,3571
2011,8,8,Moderate,1041
2011,8,8,Severe,724
2011,8,9,None,26413
2011,8,9,Slight,5172
2011,8,9,Moderate,1553
2011,8,9,Severe,1273
2011,8,10,None,25843
2011,8,10,Slight,6106
2011,8,10,Moderate,1905
2011,8,10,Severe,1591
2011,8,11,None,23838
2011,8,11,Slight,6154
2011,8,11,Moderate,2136
2011,8,11,Severe,1628
2011,8,12,None,23775
2011,8,12,Slight,6667
2011,8,12,Moderate,2490
2011,8,12,Severe,1813
2011,8,13,None,21548
2011,8,13,Slight,7536
2011,8,13,Moderate,2742
2011,8,13,Severe,1973
2011,8,14,None,22065
2011,8,14,Slight,7947
2011,8,14,Moderate,3036
2011,8,14,Severe,2162
2011,8,15,None,19612
2011,8,15,Slight,7608
2011,8,15,Moderate,3234
2011,8,15,Severe,2353
2011,8,16,None,21252
2011,8,16,Slight,9425
2011,8,16,Moderate,4241
2011,8,16,Severe,3164
2011,8,17,None,18065
2011,8,17,Slight,8546
2011,8,17,Moderate,3964
2011,8,17,Severe,3185
2011,8,18,None,19253
2011,8,18,Slight,9133
2011,8,18,Moderate,4549
2011,8,18,Severe,3967
2011,8,19,None,17900
2011,8,19,Slight,8791
2011,8,19,Moderate,4516
2011,8,19,Severe,4236
2011,8,20,None,17664
2011,8,20,Slight,8014
2011,8,20,Moderate,4595
2011,8,20,Severe,4303
2011,8,21,None,15894
2011,8,21,Slight,6817
2011,8,21,Moderate,4350
2011,8,21,Severe,4530
2011,8,22,None,13841
2011,8,22,Slight,5923
2011,8,22,Moderate,3823
2011,8,22,Severe,3933
2011,8,23,None,12230
2011,8,23,Slight,5437
2011,8,23,Moderate,3427
2011,8,23,Severe,3061
2011,9,0,None,2610
2011,9,0,Slight,1045
2011,9,0,Moderate,528
2011,9,0,Severe,398
2011,9,1,None,311
2011,9,1,Slight,122
2011,9,1,Moderate,87
2011,9,1,Severe,57
2011,9,2,None,59
2011,9,2,Slight,3
2011,9,2,Moderate,8
2011,9,2,Severe,4
2011,9,3,None,26
2011,9,3,Slight,4
2011,9,3,Moderate,3
2011,9,3,Severe,1
2011,9,4,None,215
2011,9,4,Slight,66
2011,9,4,Moderate,12
2011,9,4,Severe,6
2011,9,5,None,2064
2011,9,5,Slight,628
2011,9,5,Moderate,184
2011,9,5,Severe,117
2011,9,6,None,4995
2011,9,6,Slight,894
2011,9,6,Moderate,274
2011,9,6,Severe,161
2011,9,7,None,14316
2011,9,7,Slight,1506
2011,9,7,Moderate,347
2011,9,7,Severe,329
2011,9,8,None,19063
2011,9,8,Slight,2381
2011,9,8,Moderate,715
2011,9,8,Severe,463
2011,9,9,None,25159
2011,9,9,Slight,3764
2011,9,9,Moderate,1153
2011,9,9,Severe,859
2011,9,10,None,25714
2011,9,10,Slight,4557
2011,9,10,Moderate,1393
2011,9,10,Severe,1059
2011,9,11,None,24233
2011,9,11,Slight,5065
2011,9,11,Moderate,1583
2011,9,11,Severe,1159
2011,9,12,None,24758
2011,9,12,Slight,5130
2011,9,12,Moderate,1726
2011,9,12,Severe,1145
2011,9,13,None,23433
2011,9,13,Slight,6355
2011,9,13,Moderate,2177
2011,9,13,Severe,1356
2011,9,14,None,22797
2011,9,14,Slight,6518
2011,9,14,Moderate,2299
2011,9,14,Severe,1439
2011,9,15,None,21195
2011,9,15,Slight,6861
2011,9,15,Moderate,2511
2011,9,15,Severe,1723
2011,9,16,None,23332
2011,9,16,Slight,8076
2011,9,16,Moderate,3157
2011,9,16,Severe,2134
2011,9,17,None,20070
2011,9,17,Slight,7580
2011,9,17,Moderate,3259
2011,9,17,Severe,2176
2011,9,18,None,20530
2011,9,18,Slight,7574
2011,9,18,Moderate,3424
2011,9,18,Severe,2526
2011,9,19,None,19409
2011,9,19,Slight,7456
2011,9,19,Moderate,3513
2011,9,19,Severe,2618
2011,9,20,None,19096
2011,9,20,Slight,7061
2011,9,20,Moderate,3623
2011,9,20,Severe,2891
2011,9,21,None,17580
2011,9,21,Slight,6077
2011,9,21,Moderate,3419
2011,9,21,Severe,3126
2011,9,22,None,14466
2011,9,22,Slight,4984
2011,9,22,Moderate,2659
2011,9,22,Severe,2245
2011,9,23,None,10985
2011,9,23,Slight,3990
2011,9,23,Moderate,1928
2011,9,23,Severe,1425
2011,10,0,None,3058
2011,10,0,Slight,1238
2011,10,0,Moderate,578
2011,10,0,Severe,317
2011,10,1,None,349
2011,10,1,Slight,140
2011,10,1,Moderate,78
2011,10,1,Severe,32
2011,10,2,None,75
2011,10,2,Slight,18
2011,10,2,Moderate,11
2011,10,2,Severe,7
2011,10,3,None,23
2011,10,3,Slight,4
2011,10,3,Moderate,4
2011,10,3,Severe,2
2011,10,4,None,180
2011,10,4,Slight,44
2011,10,4,Moderate,6
2011,10,4,Severe,8
2011,10,5,None,2004
2011,10,5,Slight,649
2011,10,5,Moderate,203
2011,10,5,Severe,146
2011,10,6,None,5116
2011,10,6,Slight,1041
2011,10,6,Moderate,295
2011,10,6,Severe,140
2011,10,7,None,14251
2011,10,7,Slight,1622
2011,10,7,Moderate,410
2011,10,7,Severe,306
2011,10,8,None,19415
2011,10,8,Slight,2780
2011,10,8,Moderate,706
2011,10,8,Severe,449
2011,10,9,None,25207
2011,10,9,Slight,4261
2011,10,9,Moderate,1210
2011,10,9,Severe,739
2011,10,10,None,26787
2011,10,10,Slight,4995
2011,10,10,Moderate,1512
2011,10,10,Severe,930
2011,10,11,None,24366
2011,10,11,Slight,5790
2011,10,11,Moderate,1732
2011,10,11,Severe,1065
2011,10,12,None,24890
2011,10,12,Slight,5900
2011,10,12,Moderate,1867
2011,10,12,Severe,1254
2011,10,13,None,24033
2011,10,13,Slight,6727
2011,10,13,Moderate,2276
2011,10,13,Severe,1347
2011,10,14,None,23146
2011,10,14,Slight,6964
2011,10,14,Moderate,2293
2011,10,14,Severe,1459
2011,10,15,None,21276
2011,10,15,Slight,6963
2011,10,15,Moderate,2536
2011,10,15,Severe,1638
2011,10,16,None,24923
2011,10,16,Slight,8820
2011,10,16,Moderate,3298
2011,10,16,Severe,2111
2011,10,17,None,20327
2011,10,17,Slight,8104
2011,10,17,Moderate,3316
2011,10,17,Severe,1932
2011,10,18,None,21964
2011,10,18,Slight,7923
2011,10,18,Moderate,3481
2011,10,18,Severe,2394
2011,10,19,None,20416
2011,10,19,Slight,7797
2011,10,19,Moderate,3334
2011,10,19,Severe,2346
2011,10,20,None,20315
2011,10,20,Slight,7226
2011,10,20,Moderate,3439
2011,10,20,Severe,2320
2011,10,21,None,19302
2011,10,21,Slight,6669
2011,10,21,Moderate,3161
2011,10,21,Severe,2401
2011,10,22,None,14715
2011,10,22,Slight,5387
2011,10,22,Moderate,2597
2011,10,22,Severe,1773
2011,10,23,None,11880
2011,10,23,Slight,4337
2011,10,23,Moderate,2053
2011,10,23,Severe,1209
2011,11,0,None,2789
2011,11,0,Slight,1219
2011,11,0,Moderate,574
2011,11,0,Severe,303
2011,11,1,None,288
2011,11,1,Slight,165
2011,11,1,Moderate,62
2011,11,1,Severe,42
2011,11,2,None,60
2011,11,2,Slight,21
2011,11,2,Moderate,3
2011,11,2,Severe,3
2011,11,3,None,29
2011,11,3,Slight,4
2011,11,3,Moderate,4
2011,11,3,Severe,0
2011,11,4,None,280
2011,11,4,Slight,68
2011,11,4,Moderate,15
2011,11,4,Severe,3
2011,11,5,None,1979
2011,11,5,Slight,732
2011,11,5,Moderate,253
2011,11,5,Severe,161
2011,11,6,None,4075
2011,11,6,Slight,954
2011,11,6,Moderate,264
2011,11,6,Severe,122
2011,11,7,None,12380
2011,11,7,Slight,1718
2011,11,7,Moderate,424
2011,11,7,Severe,279
2011,11,8,None,17631
2011,11,8,Slight,2753
2011,11,8,Moderate,698
2011,11,8,Severe,478
2011,11,9,None,23276
2011,11,9,Slight,4046
2011,11,9,Moderate,1158
2011,11,9,Severe,831
2011,11,10,None,25578
2011,11,10,Slight,4936
2011,11,10,Moderate,1426
2011,11,10,Severe,1002
2011,11,11,None,23128
2011,11,11,Slight,5451
2011,11,11,Moderate,1524
2011,11,11,Severe,1092
2011,11,12,None,22799
2011,11,12,Slight,5647
2011,11,12,Moderate,1823
2011,11,12,Severe,1273
2011,11,13,None,22793
2011,11,13,Slight,6394
2011,11,13,Moderate,2038
2011,11,13,Severe,1334
2011,11,14,None,21283
2011,11,14,Slight,6495
2011,11,14,Moderate,2258
2011,11,14,Severe,1474
2011,11,15,None,20601
2011,11,15,Slight,6950
2011,11,15,Moderate,2453
2011,11,15,Severe,1680
2011,11,16,None,23246
2011,11,16,Slight,8393
2011,11,16,Moderate,3318
2011,11,16,Severe,2120
2011,11,17,None,18335
2011,11,17,Slight,7306
2011,11,17,Moderate,3081
2011,11,17,Severe,2019
2011,11,18,None,20239
2011,11,18,Slight,7544
2011,11,18,Moderate,3204
2011,11,18,Severe,2370
2011,11,19,None,18262
2011,11,19,Slight,7227
2011,11,19,Moderate,3214
2011,11,19,Severe,2296
2011,11,20,None,19591
2011,11,20,Slight,7410
2011,11,20,Moderate,3445
2011,11,20,Severe,2421
2011,11,21,None,17852
2011,11,21,Slight,6232
2011,11,21,Moderate,3200
2011,11,21,Severe,2239
2011,11,22,None,13558
2011,11,22,Slight,5511
2011,11,22,Moderate,2616
2011,11,22,Severe,1596
2011,11,23,None,11656
2011,11,23,Slight,4253
2011,11,23,Moderate,1991
2011,11,23,Severe,1249
2011,12,0,None,3170
2011,12,0,Slight,1257
2011,12,0,Moderate,749
2011,12,0,Severe,400
2011,12,1,None,389
2011,12,1,Slight,173
2011,12,1,Moderate,74
2011,12,1,Severe,45
2011,12,2,None,121
2011,12,2,Slight,30
2011,12,2,Moderate,14
2011,12,2,Severe,12
2011,12,3,None,30
2011,12,3,Slight,8
2011,12,3,Moderate,7
2011,12,3,Severe,3
2011,12,4,None,254
2011,12,4,Slight,88
2011,12,4,Moderate,36
2011,12,4,Severe,11
2011,12,5,None,2240
2011,12,5,Slight,791
2011,12,5,Moderate,246
2011,12,5,Severe,123
2011,12,6,None,4308
2011,12,6,Slight,1135
2011,12,6,Moderate,374
2011,12,6,Severe,196
2011,12,7,None,11811
2011,12,7,Slight,2124
2011,12,7,Moderate,450
2011,12,7,Severe,356
2011,12,8,None,17507
2011,12,8,Slight,3377
2011,12,8,Moderate,818
2011,12,8,Severe,600
2011,12,9,None,22570
2011,12,9,Slight,4902
2011,12,9,Moderate,1340
2011,12,9,Severe,952
2011,12,10,None,25422
2011,12,10,Slight,5932
2011,12,10,Moderate,1861
2011,12,10,Severe,1224
2011,12,11,None,22479
2011,12,11,Slight,5801
2011,12,11,Moderate,1887
2011,12,11,Severe,1202
2011,12,12,None,22551
2011,12,12,Slight,6438
2011,12,12,Moderate,2221
2011,12,12,Severe,1469
2011,12,13,None,22036
2011,12,13,Slight,6851
2011,12,13,Moderate,2592
2011,12,13,Severe,1623
2011,12,14,None,20207
2011,12,14,Slight,6970
2011,12,14,Moderate,2704
2011,12,14,Severe,1674
2011,12,15,None,20550
2011,12,15,Slight,7229
2011,12,15,Moderate,2853
2011,12,15,Severe,1766
2011,12,16,None,22799
2011,12,16,Slight,9128
2011,12,16,Moderate,3712
2011,12,16,Severe,2356
2011,12,17,None,18275
2011,12,17,Slight,7403
2011,12,17,Moderate,3175
2011,12,17,Severe,2130
2011,12,18,None,20607
2011,12,18,Slight,7545
2011,12,18,Moderate,3516
2011,12,18,Severe,2429
2011,12,19,None,18626
2011,12,19,Slight,7075
2011,12,19,Moderate,3317
2011,12,19,Severe,2376
2011,12,20,None,20089
2011,12,20,Slight,7623
2011,12,20,Moderate,3622
2011,12,20,Severe,2800
2011,12,21,None,18407
2011,12,21,Slight,6310
2011,12,21,Moderate,3237
2011,12,21,Severe,2296
2011,12,22,None,13582
2011,12,22,Slight,5540
2011,12,22,Moderate,2863
2011,12,22,Severe,2071
2011,12,23,None,11727
2011,12,23,Slight,4513
2011,12,23,Moderate,2282
2011,12,23,Severe,1550
2012,1,0,None,3026
2012,1,0,Slight,1021
2012,1,0,Moderate,545
2012,1,0,Severe,286
2012,1,1,None,236
2012,1,1,Slight,140
2012,1,1,Moderate,57
2012,1,1,Severe,35
2012,1,2,None,75
2012,1,2,Slight,32
2012,1,2,Moderate,14
2012,1,2,Severe,4
2012,1,3,None,6
2012,1,3,Slight,4
2012,1,3,Moderate,1
2012,1,3,Severe,0
2012,1,4,None,190
2012,1,4,Slight,49
2012,1,4,Moderate,14
2012,1,4,Severe,7
2012,1,5,None,1935
2012,1,5,Slight,669
2012,1,5,Moderate,216
2012,1,5,Severe,157
2012,1,6,None,3923
2012,1,6,Slight,735
2012,1,6,Moderate,225
2012,1,6,Severe,151
2012,1,7,None,11691
2012,1,7,Slight,1628
2012,1,7,Moderate,429
2012,1,7,Severe,398
2012,1,8,None,17919
2012,1,8,Slight,2665
2012,1,8,Moderate,748
2012,1,8,Severe,529
2012,1,9,None,22612
2012,1,9,Slight,3734
2012,1,9,Moderate,1245
2012,1,9,Severe,1118
2012,1,10,None,25815
2012,1,10,Slight,4941
2012,1,10,Moderate,1952
2012,1,10,Severe,1306
2012,1,11,None,22610
2012,1,11,Slight,4878
2012,1,11,Moderate,1853
2012,1,11,Severe,1217
2012,1,12,None,23392
2012,1,12,Slight,5509
2012,1,12,Moderate,2215
2012,1,12,Severe,1514
2012,1,13,None,22443
2012,1,13,Slight,5985
2012,1,13,Moderate,2232
2012,1,13,Severe,1736
2012,1,14,None,21309
2012,1,14,Slight,6059
2012,1,14,Moderate,2559
2012,1,14,Severe,1826
2012,1,15,None,21177
2012,1,15,Slight,6583
2012,1,15,Moderate,2653
2012,1,15,Severe,1898
2012,1,16,None,23626
2012,1,16,Slight,7877
2012,1,16,Moderate,3373
2012,1,16,Severe,2384
2012,1,17,None,19467
2012,1,17,Slight,7012
2012,1,17,Moderate,3110
2012,1,17,Severe,2153
2012,1,18,None,21212
2012,1,18,Slight,6933
2012,1,18,Moderate,3291
2012,1,18,Severe,2463
2012,1,19,None,19902
2012,1,19,Slight,6813
2012,1,19,Moderate,3526
2012,1,19,Severe,2613
2012,1,20,None,20212
2012,1,20,Slight,6995
2012,1,20,Moderate,3590
2012,1,20,Severe,2680
2012,1,21,None,19021
2012,1,21,Slight,6207
2012,1,21,Moderate,3409
2012,1,21,Severe,2467
2012,1,22,None,13946
2012,1,22,Slight,4958
2012,1,22,Moderate,2622
2012,1,22,Severe,1808
2012,1,23,None,11315
2012,1,23,Slight,3943
2012,1,23,Moderate,2001
2012,1,23,Severe,1377
2012,2,0,None,2893
2012,2,0,Slight,1024
2012,2,0,Moderate,417
2012,2,0,Severe,245
2012,2,1,None,404
2012,2,1,Slight,142
2012,2,1,Moderate,74
2012,2,1,Severe,36
2012,2,2,None,82
2012,2,2,Slight,16
2012,2,2,Moderate,15
2012,2,2,Severe,9
2012,2,3,None,7
2012,2,3,Slight,4
2012,2,3,Moderate,2
2012,2,3,Severe,3
2012,2,4,None,183
2012,2,4,Slight,40
2012,2,4,Moderate,14
2012,2,4,Severe,5
2012,2,5,None,2035
2012,2,5,Slight,641
2012,2,5,Moderate,189
2012,2,5,Severe,114
2012,2,6,None,3891
2012,2,6,Slight,684
2012,2,6,Moderate,207
2012,2,6,Severe,135
2012,2,7,None,11700
2012,2,7,Slight,1552
2012,2,7,Moderate,377
2012,2,7,Severe,360
2012,2,8,None,18359
2012,2,8,Slight,2374
2012,2,8,Moderate,604
2012,2,8,Severe,570
2012,2,9,None,22032
2012,2,9,Slight,3571
2012,2,9,Moderate,1020
2012,2,9,Severe,788
2012,2,10,None,25677
2012,2,10,Slight,4676
2012,2,10,Moderate,1514
2012,2,10,Severe,1010
2012,2,11,None,21891
2012,2,11,Slight,4510
2012,2,11,Moderate,1442
2012,2,11,Severe,1023
2012,2,12,None,23249
2012,2,12,Slight,5160
2012,2,12,Moderate,1781
2012,2,12,Severe,1226
2012,2,13,None,21897
2012,2,13,Slight,5674
2012,2,13,Moderate,1947
2012,2,13,Severe,1156
2012,2,14,None,21452
2012,2,14,Slight,5822
2012,2,14,Moderate,2310
2012,2,14,Severe,1325
2012,2,15,None,20390
2012,2,15,Slight,6017
2012,2,15,Moderate,2313
2012,2,15,Severe,1380
2012,2,16,None,23469
2012,2,16,Slight,7478
2012,2,16,Moderate,2963
2012,2,16,Severe,1904
2012,2,17,None,19054
2012,2,17,Slight,6531
2012,2,17,Moderate,2580
2012,2,17,Severe,1695
2012,2,18,None,20973
2012,2,18,Slight,6802
2012,2,18,Moderate,2972
2012,2,18,Severe,1898
2012,2,19,None,20110
2012,2,19,Slight,6399
2012,2,19,Moderate,2880
2012,2,19,Severe,1919
2012,2,20,None,20380
2012,2,20,Slight,6513
2012,2,20,Moderate,2971
2012,2,20,Severe,1987
2012,2,21,None,19278
2012,2,21,Slight,5883
2012,2,21,Moderate,2636
2012,2,21,Severe,1838
2012,2,22,None,14179
2012,2,22,Slight,4938
2012,2,22,Moderate,2307
2012,2,22,Severe,1468
2012,2,23,None,12132
2012,2,23,Slight,3937
2012,2,23,Moderate,1912
2012,2,23,Severe,1094
2012,3,0,None,3532
2012,3,0,Slight,1825
2012,3,0,Moderate,936
2012,3,0,Severe,584
2012,3,1,None,595
2012,3,1,Slight,268
2012,3,1,Moderate,156
2012,3,1,Severe,77
2012,3,2,None,89
2012,3,2,Slight,23
2012,3,2,Moderate,9
2012,3,2,Severe,6
2012,3,3,None,68
2012,3,3,Slight,17
2012,3,3,Moderate,7
2012,3,3,Severe,6
2012,3,4,None,222
2012,3,4,Slight,81
2012,3,4,Moderate,25
2012,3,4,Severe,18
2012,3,5,None,2233
2012,3,5,Slight,997
2012,3,5,Moderate,432
2012,3,5,Severe,234
2012,3,6,None,4620
2012,3,6,Slight,1077
2012,3,6,Moderate,352
2012,3,6,Severe,256
2012,3,7,None,13733
2012,3,7,Slight,2485
2012,3,7,Moderate,612
2012,3,7,Severe,474
2012,3,8,None,20577
2012,3,8,Slight,3392
2012,3,8,Moderate,988
2012,3,8,Severe,721
2012,3,9,None,24172
2012,3,9,Slight,4872
2012,3,9,Moderate,1330
2012,3,9,Severe,1082
2012,3,10,None,26454
2012,3,10,Slight,5953
2012,3,10,Moderate,1956
2012,3,10,Severe,1442
2012,3,11,None,22296
2012,3,11,Slight,5778
2012,3,11,Moderate,2125
2012,3,11,Severe,1472
2012,3,12,None,23573
2012,3,12,Slight,6626
2012,3,12,Moderate,2484
2012,3,12,Severe,1825
2012,3,13,None,21899
2012,3,13,Slight,7110
2012,3,13,Moderate,2695
2012,3,13,Severe,1815
2012,3,14,None,21276
2012,3,14,Slight,7412
2012,3,14,Moderate,3077
2012,3,14,Severe,2060
2012,3,15,None,19089
2012,3,15,Slight,7454
2012,3,15,Moderate,3231
2012,3,15,Severe,2181
2012,3,16,None,22308
2012,3,16,Slight,9453
2012,3,16,Moderate,4103
2012,3,16,Severe,2922
2012,3,17,None,17706
2012,3,17,Slight,7981
2012,3,17,Moderate,3851
2012,3,17,Severe,2640
2012,3,18,None,20004
2012,3,18,Slight,8272
2012,3,18,Moderate,4377
2012,3,18,Severe,3313
2012,3,19,None,18793
2012,3,19,Slight,8198
2012,3,19,Moderate,4267
2012,3,19,Severe,3361
2012,3,20,None,19281
2012,3,20,Slight,7940
2012,3,20,Moderate,4368
2012,3,20,Severe,3442
2012,3,21,None,18018
2012,3,21,Slight,7349
2012,3,21,Moderate,4039
2012,3,21,Severe,3148
2012,3,22,None,14866
2012,3,22,Slight,6410
2012,3,22,Moderate,3729
2012,3,22,Severe,2798
2012,3,23,None,12203
2012,3,23,Slight,5424
2012,3,23,Moderate,3083
2012,3,23,Severe,2201
2012,4,0,None,3963
2012,4,0,Slight,1578
2012,4,0,Moderate,765
2012,4,0,Severe,489
2012,4,1,None,551
2012,4,1,Slight,213
2012,4,1,Moderate,97
2012,4,1,Severe,44
2012,4,2,None,69
2012,4,2,Slight,18
2012,4,2,Moderate,5
2012,4,2,Severe,3
2012,4,3,None,66
2012,4,3,Slight,13
2012,4,3,Moderate,5
2012,4,3,Severe,3
2012,4,4,None,166
2012,4,4,Slight,107
2012,4,4,Moderate,19
2012,4,4,Severe,10
2012,4,5,None,2346
2012,4,5,Slight,757
2012,4,5,Moderate,256
2012,4,5,Severe,155
2012,4,6,None,5151
2012,4,6,Slight,929
2012,4,6,Moderate,331
2012,4,6,Severe,175
2012,4,7,None,14026
2012,4,7,Slight,1939
2012,4,7,Moderate,455
2012,4,7,Severe,370
2012,4,8,None,20766
2012,4,8,Slight,2816
2012,4,8,Moderate,652
2012,4,8,Severe,553
2012,4,9,None,25384
2012,4,9,Slight,4087
2012,4,9,Moderate,1100
2012,4,9,Severe,828
2012,4,10,None,26456
2012,4,10,Slight,5154
2012,4,10,Moderate,1524
2012,4,10,Severe,969
2012,4,11,None,24095
2012,4,11,Slight,5228
2012,4,11,Moderate,1631
2012,4,11,Severe,1068
2012,4,12,None,24661
2012,4,12,Slight,5388
2012,4,12,Moderate,1803
2012,4,12,Severe,1254
2012,4,13,None,23026
2012,4,13,Slight,6192
2012,4,13,Moderate,2063
2012,4,13,Severe,1356
2012,4,14,None,22595
2012,4,14,Slight,6221
2012,4,14,Moderate,2259
2012,4,14,Severe,1481
2012,4,15,None,21223
2012,4,15,Slight,6675
2012,4,15,Moderate,2404
2012,4,15,Severe,1679
2012,4,16,None,23586
2012,4,16,Slight,8135
2012,4,16,Moderate,3074
2012,4,16,Severe,1910
2012,4,17,None,20523
2012,4,17,Slight,7222
2012,4,17,Moderate,2902
2012,4,17,Severe,2036
2012,4,18,None,21922
2012,4,18,Slight,7290
2012,4,18,Moderate,3299
2012,4,18,Severe,2235
2012,4,19,None,21009
2012,4,19,Slight,7754
2012,4,19,Moderate,3363
2012,4,19,Severe,2328
2012,4,20,None,20486
2012,4,20,Slight,6918
2012,4,20,Moderate,3275
2012,4,20,Severe,2314
2012,4,21,None,19965
2012,4,21,Slight,6767
2012,4,21,Moderate,3177
2012,4,21,Severe,2382
2012,4,22,None,15828
2012,4,22,Slight,5715
2012,4,22,Moderate,2861
2012,4,22,Severe,1991
2012,4,23,None,13129
2012,4,23,Slight,4713
2012,4,23,Moderate,2181
2012,4,23,Severe,1521
2012,5,0,None,3243
2012,5,0,Slight,1581
2012,5,0,Moderate,870
2012,5,0,Severe,622
2012,5,1,None,518
2012,5,1,Slight,153
2012,5,1,Moderate,78
2012,5,1,Severe,75
2012,5,2,None,85
2012,5,2,Slight,14
2012,5,2,Moderate,7
2012,5,2,Severe,5
2012,5,3,None,63
2012,5,3,Slight,5
2012,5,3,Moderate,4
2012,5,3,Severe,1
2012,5,4,None,162
2012,5,4,Slight,17
2012,5,4,Moderate,8
2012,5,4,Severe,6
2012,5,5,None,2461
2012,5,5,Slight,879
2012,5,5,Moderate,356
2012,5,5,Severe,189
2012,5,6,None,5454
2012,5,6,Slight,980
2012,5,6,Moderate,295
2012,5,6,Severe,197
2012,5,7,None,14133
2012,5,7,Slight,2120
2012,5,7,Moderate,477
2012,5,7,Severe,453
2012,5,8,None,21116
2012,5,8,Slight,3097
2012,5,8,Moderate,737
2012,5,8,Severe,614
2012,5,9,None,25225
2012,5,9,Slight,4453
2012,5,9,Moderate,1305
2012,5,9,Severe,920
2012,5,10,None,26756
2012,5,10,Slight,5650
2012,5,10,Moderate,1795
2012,5,10,Severe,1203
2012,5,11,None,23742
2012,5,11,Slight,5568
2012,5,11,Moderate,1839
2012,5,11,Severe,1299
2012,5,12,None,24757
2012,5,12,Slight,6225
2012,5,12,Moderate,2377
2012,5,12,Severe,1561
2012,5,13,None,22480
2012,5,13,Slight,6793
2012,5,13,Moderate,2437
2012,5,13,Severe,1655
2012,5,14,None,22686
2012,5,14,Slight,6988
2012,5,14,Moderate,2754
2012,5,14,Severe,1922
2012,5,15,None,20922
2012,5,15,Slight,7073
2012,5,15,Moderate,2914
2012,5,15,Severe,2122
2012,5,16,None,23174
2012,5,16,Slight,8849
2012,5,16,Moderate,3832
2012,5,16,Severe,2643
2012,5,17,None,19944
2012,5,17,Slight,7727
2012,5,17,Moderate,3328
2012,5,17,Severe,2441
2012,5,18,None,21463
2012,5,18,Slight,8150
2012,5,18,Moderate,3997
2012,5,18,Severe,3033
2012,5,19,None,20223
2012,5,19,Slight,8007
2012,5,19,Moderate,3938
2012,5,19,Severe,3154
2012,5,20,None,19368
2012,5,20,Slight,7791
2012,5,20,Moderate,4282
2012,5,20,Severe,3442
2012,5,21,None,18141
2012,5,21,Slight,6468
2012,5,21,Moderate,3757
2012,5,21,Severe,3173
2012,5,22,None,14863
2012,5,22,Slight,5963
2012,5,22,Moderate,3553
2012,5,22,Severe,2882
2012,5,23,None,11833
2012,5,23,Slight,4964
2012,5,23,Moderate,2780
2012,5,23,Severe,2014
2012,6,0,None,3318
2012,6,0,Slight,2130
2012,6,0,Moderate,1397
2012,6,0,Severe,1246
2012,6,1,None,663
2012,6,1,Slight,296
2012,6,1,Moderate,182
2012,6,1,Severe,201
2012,6,2,None,113
2012,6,2,Slight,17
2012,6,2,Moderate,12
2012,6,2,Severe,17
2012,6,3,None,49
2012,6,3,Slight,27
2012,6,3,Moderate,10
2012,6,3,Severe,11
2012,6,4,None,194
2012,6,4,Slight,75
2012,6,4,Moderate,48
2012,6,4,Severe,38
2012,6,5,None,2409
2012,6,5,Slight,1011
2012,6,5,Moderate,541
2012,6,5,Severe,449
2012,6,6,None,5884
2012,6,6,Slight,1429
2012,6,6,Moderate,542
2012,6,6,Severe,448
2012,6,7,None,14368
2012,6,7,Slight,2967
2012,6,7,Moderate,736
2012,6,7,Severe,604
2012,6,8,None,20228
2012,6,8,Slight,3690
2012,6,8,Moderate,1022
2012,6,8,Severe,726
2012,6,9,None,24907
2012,6,9,Slight,5515
2012,6,9,Moderate,1508
2012,6,9,Severe,1118
2012,6,10,None,25166
2012,6,10,Slight,6655
2012,6,10,Moderate,2048
2012,6,10,Severe,1337
2012,6,11,None,22632
2012,6,11,Slight,6447
2012,6,11,Moderate,2210
2012,6,11,Severe,1379
2012,6,12,None,23486
2012,6,12,Slight,7216
2012,6,12,Moderate,2615
2012,6,12,Severe,1913
2012,6,13,None,20827
2012,6,13,Slight,7493
2012,6,13,Moderate,2732
2012,6,13,Severe,1856
2012,6,14,None,21227
2012,6,14,Slight,8451
2012,6,14,Moderate,3228
2012,6,14,Severe,2129
2012,6,15,None,18914
2012,6,15,Slight,7609
2012,6,15,Moderate,3150
2012,6,15,Severe,2283
2012,6,16,None,20600
2012,6,16,Slight,9409
2012,6,16,Moderate,4270
2012,6,16,Severe,2908
2012,6,17,None,18016
2012,6,17,Slight,8764
2012,6,17,Moderate,4318
2012,6,17,Severe,3238
2012,6,18,None,19225
2012,6,18,Slight,8688
2012,6,18,Moderate,4423
2012,6,18,Severe,3841
2012,6,19,None,18284
2012,6,19,Slight,8886
2012,6,19,Moderate,5057
2012,6,19,Severe,4083
2012,6,20,None,17278
2012,6,20,Slight,7982
2012,6,20,Moderate,4727
2012,6,20,Severe,4191
2012,6,21,None,17054
2012,6,21,Slight,7257
2012,6,21,Moderate,4291
2012,6,21,Severe,4105
2012,6,22,None,12614
2012,6,22,Slight,6199
2012,6,22,Moderate,4068
2012,6,22,Severe,3716
2012,6,23,None,10830
2012,6,23,Slight,5430
2012,6,23,Moderate,3612
2012,6,23,Severe,2964
2012,7,0,None,3031
2012,7,0,Slight,2166
2012,7,0,Moderate,1742
2012,7,0,Severe,1717
2012,7,1,None,626
2012,7,1,Slight,344
2012,7,1,Moderate,248
2012,7,1,Severe,241
2012,7,2,None,88
2012,7,2,Slight,37
2012,7,2,Moderate,22
2012,7,2,Severe,26
2012,7,3,None,40
2012,7,3,Slight,26
2012,7,3,Moderate,29
2012,7,3,Severe,29
2012,7,4,None,216
2012,7,4,Slight,95
2012,7,4,Moderate,37
2012,7,4,Severe,19
2012,7,5,None,2508
2012,7,5,Slight,972
2012,7,5,Moderate,524
2012,7,5,Severe,508
2012,7,6,None,6161
2012,7,6,Slight,1561
2012,7,6,Moderate,665
2012,7,6,Severe,492
2012,7,7,None,14710
2012,7,7,Slight,3181
2012,7,7,Moderate,793
2012,7,7,Severe,747
2012,7,8,None,19959
2012,7,8,Slight,3978
2012,7,8,Moderate,1211
2012,7,8,Severe,1049
2012,7,9,None,25082
2012,7,9,Slight,5793
2012,7,9,Moderate,1895
2012,7,9,Severe,1785
2012,7,10,None,24692
2012,7,10,Slight,6861
2012,7,10,Moderate,2352
2012,7,10,Severe,2020
2012,7,11,None,22353
2012,7,11,Slight,6603
2012,7,11,Moderate,2503
2012,7,11,Severe,2034
2012,7,12,None,23356
2012,7,12,Slight,7633
2012,7,12,Moderate,3067
2012,7,12,Severe,2530
2012,7,13,None,20709
2012,7,13,Slight,7510
2012,7,13,Moderate,3315
2012,7,13,Severe,2480
2012,7,14,None,20652
2012,7,14,Slight,8337
2012,7,14,Moderate,3511
2012,7,14,Severe,2707
2012,7,15,None,18353
2012,7,15,Slight,8004
2012,7,15,Moderate,3776
2012,7,15,Severe,2978
2012,7,16,None,20339
2012,7,16,Slight,9737
2012,7,16,Moderate,4814
2012,7,16,Severe,4084
2012,7,17,None,16880
2012,7,17,Slight,8850
2012,7,17,Moderate,5082
2012,7,17,Severe,4427
2012,7,18,None,17498
2012,7,18,Slight,8710
2012,7,18,Moderate,5210
2012,7,18,Severe,5039
2012,7,19,None,16451
2012,7,19,Slight,8814
2012,7,19,Moderate,5783
2012,7,19,Severe,5973
2012,7,20,None,15433
2012,7,20,Slight,7915
2012,7,20,Moderate,5646
2012,7,20,Severe,5885
2012,7,21,None,15027
2012,7,21,Slight,7270
2012,7,21,Moderate,5448
2012,7,21,Severe,6018
2012,7,22,None,11002
2012,7,22,Slight,6081
2012,7,22,Moderate,4726
2012,7,22,Severe,5241
2012,7,23,None,9783
2012,7,23,Slight,5671
2012,7,23,Moderate,4502
2012,7,23,Severe,4393
2012,8,0,None,3149
2012,8,0,Slight,1961
2012,8,0,Moderate,1378
2012,8,0,Severe,1158
2012,8,1,None,549
2012,8,1,Slight,280
2012,8,1,Moderate,195
2012,8,1,Severe,140
2012,8,2,None,74
2012,8,2,Slight,26
2012,8,2,Moderate,15
2012,8,2,Severe,27
2012,8,3,None,57
2012,8,3,Slight,19
2012,8,3,Moderate,20
2012,8,3,Severe,26
2012,8,4,None,181
2012,8,4,Slight,74
2012,8,4,Moderate,31
2012,8,4,Severe,22
2012,8,5,None,2312
2012,8,5,Slight,1053
2012,8,5,Moderate,520
2012,8,5,Severe,367
2012,8,6,None,5983
2012,8,6,Slight,1350
2012,8,6,Moderate,574
2012,8,6,Severe,415
2012,8,7,None,15020
2012,8,7,Slight,2868
2012,8,7,Moderate,735
2012,8,7,Severe,580
2012,8,8,None,20690
2012,8,8,Slight,3740
2012,8,8,Moderate,1040
2012,8,8,Severe,848
2012,8,9,None,25574
2012,8,9,Slight,5578
2012,8,9,Moderate,1702
2012,8,9,Severe,1474
2012,8,10,None,25882
2012,8,10,Slight,6452
2012,8,10,Moderate,2132
2012,8,10,Severe,1668
2012,8,11,None,22953
2012,8,11,Slight,6605
2012,8,11,Moderate,2300
2012,8,11,Severe,1727
2012,8,12,None,23872
2012,8,12,Slight,7489
2012,8,12,Moderate,2908
2012,8,12,Severe,2111
2012,8,13,None,21961
2012,8,13,Slight,7524
2012,8,13,Moderate,2918
2012,8,13,Severe,2106
2012,8,14,None,21147
2012,8,14,Slight,8254
2012,8,14,Moderate,3230
2012,8,14,Severe,2285
2012,8,15,None,19942
2012,8,15,Slight,8185
2012,8,15,Moderate,3560
2012,8,15,Severe,2615
2012,8,16,None,21712
2012,8,16,Slight,9877
2012,8,16,Moderate,4631
2012,8,16,Severe,3423
2012,8,17,None,17963
2012,8,17,Slight,9015
2012,8,17,Moderate,4494
2012,8,17,Severe,3628
2012,8,18,None,19272
2012,8,18,Slight,8917
2012,8,18,Moderate,5027
2012,8,18,Severe,4261
2012,8,19,None,18054
2012,8,19,Slight,9205
2012,8,19,Moderate,5236
2012,8,19,Severe,4622
2012,8,20,None,17563
2012,8,20,Slight,8231
2012,8,20,Moderate,5181
2012,8,20,Severe,4601
2012,8,21,None,16817
2012,8,21,Slight,7600
2012,8,21,Moderate,4969
2012,8,21,Severe,4719
2012,8,22,None,12094
2012,8,22,Slight,6434
2012,8,22,Moderate,4260
2012,8,22,Severe,3975
2012,8,23,None,10435
2012,8,23,Slight,5939
2012,8,23,Moderate,3846
2012,8,23,Severe,3004
2012,9,0,None,2662
2012,9,0,Slight,1164
2012,9,0,Moderate,671
2012,9,0,Severe,469
2012,9,1,None,302
2012,9,1,Slight,86
2012,9,1,Moderate,56
2012,9,1,Severe,51
2012,9,2,None,57
2012,9,2,Slight,12
2012,9,2,Moderate,6
2012,9,2,Severe,5
2012,9,3,None,32
2012,9,3,Slight,9
2012,9,3,Moderate,4
2012,9,3,Severe,4
2012,9,4,None,127
2012,9,4,Slight,59
2012,9,4,Moderate,11
2012,9,4,Severe,13
2012,9,5,None,2123
2012,9,5,Slight,656
2012,9,5,Moderate,353
2012,9,5,Severe,242
2012,9,6,None,5329
2012,9,6,Slight,839
2012,9,6,Moderate,280
2012,9,6,Severe,162
2012,9,7,None,13560
2012,9,7,Slight,1873
2012,9,7,Moderate,456
2012,9,7,Severe,387
2012,9,8,None,19520
2012,9,8,Slight,2383
2012,9,8,Moderate,716
2012,9,8,Severe,579
2012,9,9,None,24712
2012,9,9,Slight,3947
2012,9,9,Moderate,1258
2012,9,9,Severe,999
2012,9,10,None,26079
2012,9,10,Slight,4518
2012,9,10,Moderate,1548
2012,9,10,Severe,1346
2012,9,11,None,23511
2012,9,11,Slight,5219
2012,9,11,Moderate,1906
2012,9,11,Severe,1348
2012,9,12,None,23691
2012,9,12,Slight,5623
2012,9,12,Moderate,2280
2012,9,12,Severe,1688
2012,9,13,None,23217
2012,9,13,Slight,5963
2012,9,13,Moderate,2304
2012,9,13,Severe,1708
2012,9,14,None,22388
2012,9,14,Slight,6241
2012,9,14,Moderate,2667
2012,9,14,Severe,2000
2012,9,15,None,21605
2012,9,15,Slight,6754
2012,9,15,Moderate,2966
2012,9,15,Severe,2139
2012,9,16,None,23580
2012,9,16,Slight,8114
2012,9,16,Moderate,3521
2012,9,16,Severe,2562
2012,9,17,None,19158
2012,9,17,Slight,7179
2012,9,17,Moderate,3327
2012,9,17,Severe,2559
2012,9,18,None,20968
2012,9,18,Slight,7761
2012,9,18,Moderate,3941
2012,9,18,Severe,3127
2012,9,19,None,19314
2012,9,19,Slight,7349
2012,9,19,Moderate,3770
2012,9,19,Severe,3129
2012,9,20,None,19443
2012,9,20,Slight,6998
2012,9,20,Moderate,3808
2012,9,20,Severe,3248
2012,9,21,None,17111
2012,9,21,Slight,5900
2012,9,21,Moderate,3404
2012,9,21,Severe,3165
2012,9,22,None,13039
2012,9,22,Slight,5092
2012,9,22,Moderate,2974
2012,9,22,Severe,2394
2012,9,23,None,10611
2012,9,23,Slight,3975
2012,9,23,Moderate,2305
2012,9,23,Severe,1737
2012,10,0,None,2450
2012,10,0,Slight,1247
2012,10,0,Moderate,753
2012,10,0,Severe,455
2012,10,1,None,360
2012,10,1,Slight,106
2012,10,1,Moderate,70
2012,10,1,Severe,62
2012,10,2,None,65
2012,10,2,Slight,16
2012,10,2,Moderate,7
2012,10,2,Severe,4
2012,10,3,None,28
2012,10,3,Slight,6
2012,10,3,Moderate,1
2012,10,3,Severe,0
2012,10,4,None,119
2012,10,4,Slight,58
2012,10,4,Moderate,21
2012,10,4,Severe,11
2012,10,5,None,1951
2012,10,5,Slight,820
2012,10,5,Moderate,372
2012,10,5,Severe,179
2012,10,6,None,5225
2012,10,6,Slight,1031
2012,10,6,Moderate,359
2012,10,6,Severe,221
2012,10,7,None,13051
2012,10,7,Slight,2291
2012,10,7,Moderate,551
2012,10,7,Severe,437
2012,10,8,None,19384
2012,10,8,Slight,3016
2012,10,8,Moderate,786
2012,10,8,Severe,636
2012,10,9,None,25304
2012,10,9,Slight,4716
2012,10,9,Moderate,1342
2012,10,9,Severe,1083
2012,10,10,None,25754
2012,10,10,Slight,5886
2012,10,10,Moderate,1930
2012,10,10,Severe,1358
2012,10,11,None,22639
2012,10,11,Slight,6167
2012,10,11,Moderate,2220
2012,10,11,Severe,1413
2012,10,12,None,22983
2012,10,12,Slight,6747
2012,10,12,Moderate,2662
2012,10,12,Severe,1757
2012,10,13,None,21651
2012,10,13,Slight,7241
2012,10,13,Moderate,2907
2012,10,13,Severe,1821
2012,10,14,None,21530
2012,10,14,Slight,7665
2012,10,14,Moderate,3211
2012,10,14,Severe,2018
2012,10,15,None,20430
2012,10,15,Slight,7450
2012,10,15,Moderate,3338
2012,10,15,Severe,2045
2012,10,16,None,22184
2012,10,16,Slight,9389
2012,10,16,Moderate,4249
2012,10,16,Severe,2674
2012,10,17,None,18557
2012,10,17,Slight,8494
2012,10,17,Moderate,4168
2012,10,17,Severe,2621
2012,10,18,None,20139
2012,10,18,Slight,8926
2012,10,18,Moderate,4589
2012,10,18,Severe,3104
2012,10,19,None,18423
2012,10,19,Slight,8401
2012,10,19,Moderate,4436
2012,10,19,Severe,3025
2012,10,20,None,18643
2012,10,20,Slight,8204
2012,10,20,Moderate,4642
2012,10,20,Severe,3134
2012,10,21,None,16158
2012,10,21,Slight,6644
2012,10,21,Moderate,4348
2012,10,21,Severe,2962
2012,10,22,None,12349
2012,10,22,Slight,5891
2012,10,22,Moderate,3505
2012,10,22,Severe,2370
2012,10,23,None,10182
2012,10,23,Slight,4375
2012,10,23,Moderate,2613
2012,10,23,Severe,1626
2012,11,0,None,3024
2012,11,0,Slight,1324
2012,11,0,Moderate,584
2012,11,0,Severe,370
2012,11,1,None,527
2012,11,1,Slight,211
2012,11,1,Moderate,115
2012,11,1,Severe,53
2012,11,2,None,76
2012,11,2,Slight,24
2012,11,2,Moderate,7
2012,11,2,Severe,2
2012,11,3,None,58
2012,11,3,Slight,10
2012,11,3,Moderate,0
2012,11,3,Severe,2
2012,11,4,None,332
2012,11,4,Slight,90
2012,11,4,Moderate,29
2012,11,4,Severe,20
2012,11,5,None,2036
2012,11,5,Slight,689
2012,11,5,Moderate,266
2012,11,5,Severe,137
2012,11,6,None,4487
2012,11,6,Slight,884
2012,11,6,Moderate,272
2012,11,6,Severe,208
2012,11,7,None,11978
2012,11,7,Slight,2114
2012,11,7,Moderate,472
2012,11,7,Severe,504
2012,11,8,None,18699
2012,11,8,Slight,3021
2012,11,8,Moderate,742
2012,11,8,Severe,597
2012,11,9,None,22402
2012,11,9,Slight,4263
2012,11,9,Moderate,1214
2012,11,9,Severe,975
2012,11,10,None,25909
2012,11,10,Slight,5377
2012,11,10,Moderate,1580
2012,11,10,Severe,1220
2012,11,11,None,22507
2012,11,11,Slight,5538
2012,11,11,Moderate,1783
2012,11,11,Severe,1201
2012,11,12,None,23731
2012,11,12,Slight,6130
2012,11,12,Moderate,2092
2012,11,12,Severe,1452
2012,11,13,None,22002
2012,11,13,Slight,6720
2012,11,13,Moderate,2279
2012,11,13,Severe,1547
2012,11,14,None,22470
2012,11,14,Slight,6945
2012,11,14,Moderate,2612
2012,11,14,Severe,1700
2012,11,15,None,20937
2012,11,15,Slight,7165
2012,11,15,Moderate,2625
2012,11,15,Severe,1708
2012,11,16,None,23361
2012,11,16,Slight,8327
2012,11,16,Moderate,3326
2012,11,16,Severe,2051
2012,11,17,None,18190
2012,11,17,Slight,7559
2012,11,17,Moderate,3159
2012,11,17,Severe,1941
2012,11,18,None,21223
2012,11,18,Slight,8029
2012,11,18,Moderate,3512
2012,11,18,Severe,2220
2012,11,19,None,18633
2012,11,19,Slight,7423
2012,11,19,Moderate,3377
2012,11,19,Severe,2187
2012,11,20,None,20240
2012,11,20,Slight,7922
2012,11,20,Moderate,3829
2012,11,20,Severe,2455
2012,11,21,None,17505
2012,11,21,Slight,6637
2012,11,21,Moderate,3367
2012,11,21,Severe,2263
2012,11,22,None,13538
2012,11,22,Slight,5397
2012,11,22,Moderate,2695
2012,11,22,Severe,1689
2012,11,23,None,11360
2012,11,23,Slight,4291
2012,11,23,Moderate,2155
2012,11,23,Severe,1265
2012,12,0,None,2106
2012,12,0,Slight,1221
2012,12,0,Moderate,923
2012,12,0,Severe,763
2012,12,1,None,465
2012,12,1,Slight,194
2012,12,1,Moderate,157
2012,12,1,Severe,106
2012,12,2,None,48
2012,12,2,Slight,37
2012,12,2,Moderate,17
2012,12,2,Severe,19
2012,12,3,None,38
2012,12,3,Slight,17
2012,12,3,Moderate,11
2012,12,3,Severe,9
2012,12,4,None,193
2012,12,4,Slight,102
2012,12,4,Moderate,44
2012,12,4,Severe,50
2012,12,5,None,1808
2012,12,5,Slight,786
2012,12,5,Moderate,452
2012,12,5,Severe,303
2012,12,6,None,3899
2012,12,6,Slight,1084
2012,12,6,Moderate,504
2012,12,6,Severe,392
2012,12,7,None,10482
2012,12,7,Slight,2477
2012,12,7,Moderate,805
2012,12,7,Severe,673
2012,12,8,None,17448
2012,12,8,Slight,3932
2012,12,8,Moderate,1204
2012,12,8,Severe,963
2012,12,9,None,19947
2012,12,9,Slight,5007
2012,12,9,Moderate,1849
2012,12,9,Severe,1285
2012,12,10,None,23265
2012,12,10,Slight,6664
2012,12,10,Moderate,2634
2012,12,10,Severe,1754
2012,12,11,None,19841
2012,12,11,Slight,6329
2012,12,11,Moderate,2785
2012,12,11,Severe,1752
2012,12,12,None,20784
2012,12,12,Slight,7276
2012,12,12,Moderate,3506
2012,12,12,Severe,2381
2012,12,13,None,19657
2012,12,13,Slight,7487
2012,12,13,Moderate,3645
2012,12,13,Severe,2367
2012,12,14,None,19412
2012,12,14,Slight,7646
2012,12,14,Moderate,4097
2012,12,14,Severe,2720
2012,12,15,None,18093
2012,12,15,Slight,7668
2012,12,15,Moderate,4104
2012,12,15,Severe,2922
2012,12,16,None,20447
2012,12,16,Slight,8778
2012,12,16,Moderate,4990
2012,12,16,Severe,3441
2012,12,17,None,15235
2012,12,17,Slight,7945
2012,12,17,Moderate,4715
2012,12,17,Severe,3230
2012,12,18,None,18141
2012,12,18,Slight,8126
2012,12,18,Moderate,4866
2012,12,18,Severe,3821
2012,12,19,None,16336
2012,12,19,Slight,7598
2012,12,19,Moderate,4950
2012,12,19,Severe,3742
2012,12,20,None,16774
2012,12,20,Slight,7804
2012,12,20,Moderate,5047
2012,12,20,Severe,4090
2012,12,21,None,14923
2012,12,21,Slight,6442
2012,12,21,Moderate,4340
2012,12,21,Severe,3792
2012,12,22,None,11370
2012,12,22,Slight,5474
2012,12,22,Moderate,3874
2012,12,22,Severe,3060
2012,12,23,None,9178
2012,12,23,Slight,4453
2012,12,23,Moderate,3133
2012,12,23,Severe,2501
