yr,mon,u_carrier,max,min,mean
2003,1,AA,1122.0,0.0,6.461317466368934
2003,1,AS,313.0,0.0,8.710268025670064
2003,1,B6,743.0,0.0,9.105294825511432
2003,1,CO,400.0,0.0,4.55595036989573
2003,1,DH,376.0,0.0,16.314299738219894
2003,1,DL,666.0,0.0,5.645429561134809
2003,1,EV,638.0,0.0,10.283856092574064
2003,1,FL,400.0,0.0,7.852105073767542
2003,1,HP,641.0,0.0,10.310798081863332
2003,1,MQ,793.0,0.0,8.328988887364522
2003,1,NW,1385.0,0.0,5.603406030415325
2003,1,OO,558.0,0.0,6.229503847174317
2003,1,TZ,344.0,0.0,9.43560606060606
2003,1,UA,825.0,0.0,5.198543921545177
2003,1,US,430.0,0.0,5.943607964539506
2003,1,WN,318.0,0.0,6.690317763576871
2003,1,XE,385.0,0.0,7.057100801949041
2003,2,AA,1337.0,0.0,7.52416616419663
2003,2,AS,403.0,0.0,11.133578174186779
2003,2,B6,459.0,0.0,14.481106185349377
2003,2,CO,709.0,0.0,6.4772601491031025
2003,2,DH,579.0,0.0,22.045578679725022
2003,2,DL,693.0,0.0,8.341565626449347
2003,2,EV,640.0,0.0,13.657570682691361
2003,2,FL,576.0,0.0,12.251330331559558
2003,2,HP,570.0,0.0,11.941266354693916
2003,2,MQ,638.0,0.0,11.827017700811554
2003,2,NW,1214.0,0.0,7.1738852520443475
2003,2,OO,440.0,0.0,5.79563829787234
2003,2,TZ,319.0,0.0,10.185897435897436
2003,2,UA,557.0,0.0,6.146261021740593
2003,2,US,394.0,0.0,10.613286264441593
2003,2,WN,345.0,0.0,9.800887464563047
2003,2,XE,436.0,0.0,6.733937765838371
2003,3,AA,1304.0,0.0,5.558626661352172
2003,3,AS,550.0,0.0,9.015502428091146
2003,3,B6,496.0,0.0,10.917805848762761
2003,3,CO,839.0,0.0,6.3983531614893145
2003,3,DH,445.0,0.0,15.297381946675232
2003,3,DL,518.0,0.0,6.348785321100918
2003,3,EV,683.0,0.0,12.689506757338384
2003,3,FL,348.0,0.0,11.277051714446317
2003,3,HP,558.0,0.0,8.656146728354264
2003,3,MQ,1353.0,0.0,7.998272505415558
2003,3,NW,1088.0,0.0,6.965766272744325
2003,3,OO,655.0,0.0,4.071159133047759
2003,3,TZ,330.0,0.0,11.240790176187934
2003,3,UA,1264.0,0.0,6.080355106942523
2003,3,US,626.0,0.0,6.316601271817075
2003,3,WN,410.0,0.0,7.084006037933976
2003,3,XE,466.0,0.0,7.998216409036861
2003,4,AA,1305.0,0.0,6.3618467941956265
2003,4,AS,689.0,0.0,7.187191659685377
2003,4,B6,654.0,0.0,6.141909582824228
2003,4,CO,552.0,0.0,4.275972201685643
2003,4,DH,441.0,0.0,12.24090947086851
2003,4,DL,563.0,0.0,4.170224554313464
2003,4,EV,615.0,0.0,9.402650652308967
2003,4,FL,480.0,0.0,6.0839054708390545
2003,4,HP,582.0,0.0,5.765659668885475
2003,4,MQ,686.0,0.0,6.775759510199344
2003,4,NW,1519.0,0.0,5.103801020926969
2003,4,OO,550.0,0.0,3.7476402373247035
2003,4,TZ,282.0,0.0,5.816155258326777
2003,4,UA,770.0,0.0,6.302981056502183
2003,4,US,370.0,0.0,5.835962260026957
2003,4,WN,247.0,0.0,4.321256898700374
2003,4,XE,367.0,0.0,4.508671604012375
2003,5,AA,1252.0,0.0,6.587562564661801
2003,5,AS,335.0,0.0,6.371165644171779
2003,5,B6,306.0,0.0,4.216781874039938
2003,5,CO,619.0,0.0,5.166751599569674
2003,5,DH,395.0,0.0,12.190985547481016
2003,5,DL,424.0,0.0,6.801075786769428
2003,5,EV,820.0,0.0,11.817316561844864
2003,5,FL,439.0,0.0,9.754317667044168
2003,5,HP,518.0,0.0,6.522923784216964
2003,5,MQ,746.0,0.0,7.001938813332193
2003,5,NW,1300.0,0.0,4.970331904273092
2003,5,OO,535.0,0.0,4.280953776995993
2003,5,TZ,320.0,0.0,6.995366983662521
2003,5,UA,1007.0,0.0,5.781215772179627
2003,5,US,470.0,0.0,6.494043736482543
2003,5,WN,395.0,0.0,4.7573921948881095
2003,5,XE,400.0,0.0,5.50573198049809
2003,6,AA,1217.0,0.0,9.019016914970672
2003,6,AS,424.0,0.0,8.89217419251165
2003,6,B6,330.0,0.0,10.324417271685135
2003,6,CO,844.0,0.0,7.601235299094678
2003,6,DH,404.0,0.0,9.966851272172727
2003,6,DL,601.0,0.0,6.449723447890125
2003,6,EV,1067.0,0.0,11.994363510232397
2003,6,FL,465.0,0.0,9.973325188352678
2003,6,HP,528.0,0.0,7.120322122216959
2003,6,MQ,741.0,0.0,8.458389357745673
2003,6,NW,1260.0,0.0,6.645887104718747
2003,6,OO,466.0,0.0,4.494546254675761
2003,6,TZ,409.0,0.0,6.377161809997631
2003,6,UA,1098.0,0.0,6.9493870293539635
2003,6,US,442.0,0.0,7.845944549681419
2003,6,WN,315.0,0.0,7.160043320661303
2003,6,XE,438.0,0.0,7.677611810303532
2003,7,AA,1147.0,0.0,12.628259121451254
2003,7,AS,355.0,0.0,9.356269805341784
2003,7,B6,399.0,0.0,6.201968771215207
2003,7,CO,648.0,0.0,8.42525410899654
2003,7,DH,495.0,0.0,15.225286203726915
2003,7,DL,679.0,0.0,8.75525479652939
2003,7,EV,920.0,0.0,15.230148342059337
2003,7,FL,434.0,0.0,13.500963020030817
2003,7,HP,590.0,0.0,9.824707010885431
2003,7,MQ,921.0,0.0,10.090438695163105
2003,7,NW,1120.0,0.0,7.721044076510169
2003,7,OO,393.0,0.0,3.7251838506748576
2003,7,TZ,1103.0,0.0,13.274853801169591
2003,7,UA,896.0,0.0,10.555060246281503
2003,7,US,458.0,0.0,10.431480594154289
2003,7,WN,430.0,0.0,9.65814998817128
2003,7,XE,432.0,0.0,7.762521804136556
2003,8,AA,1247.0,0.0,13.545809182586563
2003,8,AS,642.0,0.0,11.528637360974502
2003,8,B6,360.0,0.0,14.462244897959184
2003,8,CO,734.0,0.0,10.650845397281467
2003,8,DH,485.0,0.0,14.332358104154476
2003,8,DL,571.0,0.0,8.85607653490328
2003,8,EV,448.0,0.0,12.274472343522563
2003,8,FL,595.0,0.0,14.980101114856106
2003,8,HP,712.0,0.0,9.968615126754662
2003,8,MQ,1208.0,0.0,10.647914426396513
2003,8,NW,1532.0,0.0,8.344409724868532
2003,8,OO,560.0,0.0,4.999030897275111
2003,8,TZ,639.0,0.0,11.807818352059925
2003,8,UA,1437.0,0.0,9.964772473374543
2003,8,US,436.0,0.0,11.397542253278717
2003,8,WN,395.0,0.0,8.187068613327027
2003,8,XE,488.0,0.0,9.494143261484869
2003,9,AA,844.0,0.0,5.895120779277509
2003,9,AS,581.0,0.0,6.0588539868829825
2003,9,B6,634.0,0.0,3.3389360916143334
2003,9,CO,555.0,0.0,8.752224022500076
2003,9,DH,305.0,0.0,9.06880926407653
2003,9,DL,470.0,0.0,4.427150508252268
2003,9,EV,575.0,0.0,7.5029341934327825
2003,9,FL,305.0,0.0,6.0469656631852
2003,9,HP,593.0,0.0,6.595834070405095
2003,9,MQ,826.0,0.0,7.3003497817477525
2003,9,NW,1272.0,0.0,4.595564652261985
2003,9,OO,505.0,0.0,3.487922002328289
2003,9,TZ,455.0,0.0,4.573974609375
2003,9,UA,1045.0,0.0,4.943634828865848
2003,9,US,332.0,0.0,4.870103167159656
2003,9,WN,268.0,0.0,4.245872170439414
2003,9,XE,499.0,0.0,9.83489477257298
2003,10,AA,1379.0,0.0,4.886866023728579
2003,10,AS,552.0,0.0,8.975233524723627
2003,10,B6,347.0,0.0,5.197244506452738
2003,10,CO,435.0,0.0,4.47638719900399
2003,10,DH,344.0,0.0,9.221522518931845
2003,10,DL,477.0,0.0,4.987428436522458
2003,10,EV,760.0,0.0,7.1440539521635325
2003,10,FL,355.0,0.0,6.504433877393652
2003,10,HP,524.0,0.0,6.81401384083045
2003,10,MQ,741.0,0.0,5.953341983931973
2003,10,NW,1301.0,0.0,3.9969645602554498
2003,10,OO,543.0,0.0,5.16155193851023
2003,10,TZ,361.0,0.0,3.9768167632634865
2003,10,UA,864.0,0.0,5.490254667900317
2003,10,US,346.0,0.0,3.9081029300036336
2003,10,WN,512.0,0.0,7.824918687953062
2003,10,XE,471.0,0.0,5.03418337387803
2003,11,AA,1109.0,0.0,9.802799722013416
2003,11,AS,340.0,0.0,10.57735711685475
2003,11,B6,403.0,0.0,6.820459290187891
2003,11,CO,595.0,0.0,8.157117331745086
2003,11,DH,454.0,0.0,21.88686524313655
2003,11,DL,440.0,0.0,5.246961684757399
2003,11,EV,550.0,0.0,7.048467600700525
2003,11,FL,401.0,0.0,7.2460839492778195
2003,11,HA,273.0,0.0,6.775599128540305
2003,11,HP,574.0,0.0,8.330972022955523
2003,11,MQ,804.0,0.0,11.430012387188109
2003,11,NW,1316.0,0.0,6.0527401541987915
2003,11,OO,570.0,0.0,6.9117874645344335
2003,11,TZ,431.0,0.0,12.12480252764613
2003,11,UA,1201.0,0.0,11.63603724896219
2003,11,US,335.0,0.0,4.733611836379461
2003,11,WN,350.0,0.0,7.1214136466782
2003,11,XE,559.0,0.0,8.010681025731563
2003,12,AA,1297.0,0.0,11.53356776201447
2003,12,AS,408.0,0.0,12.643521709166093
2003,12,B6,363.0,0.0,10.465487284789132
2003,12,CO,750.0,0.0,9.924866438646578
2003,12,DH,546.0,0.0,20.739632726959222
2003,12,DL,626.0,0.0,10.977237671653414
2003,12,EV,1065.0,0.0,10.632926466210181
2003,12,FL,395.0,0.0,15.090013140604468
2003,12,HA,332.0,0.0,11.064777327935223
2003,12,HP,593.0,0.0,9.630149369377126
2003,12,MQ,1052.0,0.0,12.771178700910525
2003,12,NW,1582.0,0.0,7.198436969079171
2003,12,OO,560.0,0.0,12.39982748066114
2003,12,TZ,443.0,0.0,11.101086956521739
2003,12,UA,1117.0,0.0,11.35123916306712
2003,12,US,404.0,0.0,7.350072578972835
2003,12,WN,425.0,0.0,9.219484906512898
2003,12,XE,515.0,0.0,9.434560067681895
2004,1,AA,1358.0,0.0,14.99291977561135
2004,1,AS,398.0,0.0,14.410214016717186
2004,1,B6,319.0,0.0,9.989076609379552
2004,1,CO,674.0,0.0,7.031340476972211
2004,1,DH,437.0,0.0,29.198212757866717
2004,1,DL,543.0,0.0,7.9461924848340315
2004,1,EV,610.0,0.0,9.293050456757449
2004,1,FL,495.0,0.0,11.483051400953563
2004,1,HA,395.0,0.0,9.49671772428884
2004,1,HP,738.0,0.0,9.649966738732745
2004,1,MQ,829.0,0.0,14.096801346801346
2004,1,NW,1882.0,0.0,7.888056321791757
2004,1,OH,420.0,0.0,14.353741496598639
2004,1,OO,505.0,0.0,10.870076194224984
2004,1,TZ,797.0,0.0,16.42600993735148
2004,1,UA,979.0,0.0,13.701987371425911
2004,1,US,718.0,0.0,7.082594958444949
2004,1,WN,442.0,0.0,7.884238473493352
2004,1,XE,385.0,0.0,7.631128896377422
2004,2,AA,1239.0,0.0,11.050056427765318
2004,2,AS,480.0,0.0,11.30634632819583
2004,2,B6,395.0,0.0,5.8988892053546
2004,2,CO,560.0,0.0,6.434081239095167
2004,2,DH,405.0,0.0,19.031309904153353
2004,2,DL,530.0,0.0,11.999922473408379
2004,2,EV,605.0,0.0,13.116467937282884
2004,2,FL,447.0,0.0,17.87436470827404
2004,2,HA,675.0,0.0,12.284090909090908
2004,2,HP,560.0,0.0,10.809511251758087
2004,2,MQ,883.0,0.0,9.631099844443165
2004,2,NW,1263.0,0.0,6.555059210249063
2004,2,OH,525.0,0.0,14.12077882567691
2004,2,OO,427.0,0.0,9.076987148976677
2004,2,TZ,255.0,0.0,7.1210394346934125
2004,2,UA,795.0,0.0,7.510552400958414
2004,2,US,311.0,0.0,6.699780781877968
2004,2,WN,564.0,0.0,10.26954936298564
2004,2,XE,526.0,0.0,6.032694570516053
2004,3,AA,1160.0,0.0,10.705514867146066
2004,3,AS,667.0,0.0,9.528857096407089
2004,3,B6,834.0,0.0,7.235497946611909
2004,3,CO,577.0,0.0,7.54664695090227
2004,3,DH,550.0,0.0,24.210016694490818
2004,3,DL,501.0,0.0,5.587153884285815
2004,3,EV,868.0,0.0,6.061697099892589
2004,3,FL,515.0,0.0,8.578159920536379
2004,3,HA,460.0,0.0,9.481012658227849
2004,3,HP,712.0,0.0,9.843454083894105
2004,3,MQ,939.0,0.0,11.912648864172919
2004,3,NW,1257.0,0.0,6.559658874590726
2004,3,OH,305.0,0.0,8.388714951645447
2004,3,OO,540.0,0.0,5.569271758436945
2004,3,TZ,426.0,0.0,8.372481783111873
2004,3,UA,1109.0,0.0,9.81521444287049
2004,3,US,464.0,0.0,6.279765137116481
2004,3,WN,341.0,0.0,8.315461424610703
2004,3,XE,486.0,0.0,7.713463882962511
2004,4,AA,1218.0,0.0,7.7706003351087745
2004,4,AS,372.0,0.0,8.093791722296395
2004,4,B6,305.0,0.0,5.925627127190218
2004,4,CO,690.0,0.0,8.65209368346345
2004,4,DH,476.0,0.0,13.7678664128742
2004,4,DL,559.0,0.0,5.645250421732301
2004,4,EV,615.0,0.0,6.878105165819007
2004,4,FL,355.0,0.0,8.274976273331225
2004,4,HA,365.0,0.0,7.808630393996248
2004,4,HP,652.0,0.0,8.675527000923827
2004,4,MQ,626.0,0.0,8.654305501110676
2004,4,NW,1158.0,0.0,5.7546699631112155
2004,4,OH,697.0,0.0,8.272792637331033
2004,4,OO,570.0,0.0,5.3212257825206155
2004,4,TZ,366.0,0.0,5.179747406405052
2004,4,UA,445.0,0.0,6.465882280374408
2004,4,US,687.0,0.0,6.368572318986114
2004,4,WN,310.0,0.0,9.610229618163055
2004,4,XE,468.0,0.0,7.496130061063358
2004,5,AA,1196.0,0.0,11.31620585819874
2004,5,AS,491.0,0.0,8.978626543209877
2004,5,B6,590.0,0.0,6.687802960827984
2004,5,CO,659.0,0.0,12.151124015408497
2004,5,DH,745.0,0.0,25.540505865102638
2004,5,DL,499.0,0.0,10.419953961195866
2004,5,EV,680.0,0.0,10.37614602084816
2004,5,FL,346.0,0.0,13.020620471855842
2004,5,HA,493.0,0.0,7.977867203219316
2004,5,HP,416.0,0.0,8.27178011107958
2004,5,MQ,670.0,0.0,13.622937488523386
2004,5,NW,1108.0,0.0,8.99347004015438
2004,5,OH,320.0,0.0,12.70293511477507
2004,5,OO,417.0,0.0,5.931446471142651
2004,5,TZ,510.0,0.0,10.415466430312431
2004,5,UA,1018.0,0.0,13.927326816829579
2004,5,US,487.0,0.0,8.093048054762479
2004,5,WN,442.0,0.0,10.112536873156342
2004,5,XE,686.0,0.0,11.891806764045828
2004,6,AA,1326.0,0.0,16.08456829677296
2004,6,AS,575.0,0.0,14.35556738667478
2004,6,B6,318.0,0.0,8.875049013200888
2004,6,CO,858.0,0.0,15.244014679326614
2004,6,DH,405.0,0.0,23.088344930417495
2004,6,DL,676.0,0.0,14.682998416227134
2004,6,EV,539.0,0.0,18.140055284980914
2004,6,FL,587.0,0.0,19.00137844611529
2004,6,HA,647.0,0.0,12.92584745762712
2004,6,HP,752.0,0.0,12.81537520391517
2004,6,MQ,805.0,0.0,15.958064516129033
2004,6,NW,1309.0,0.0,10.415633608815426
2004,6,OH,815.0,0.0,14.830904879324516
2004,6,OO,558.0,0.0,8.588414551926864
2004,6,TZ,440.0,0.0,9.147789473684211
2004,6,UA,1405.0,0.0,11.547708166235926
2004,6,US,577.0,0.0,10.890912226245904
2004,6,WN,450.0,0.0,12.80338522309767
2004,6,XE,439.0,0.0,14.781445489239486
2004,7,AA,1316.0,0.0,14.211528909532696
2004,7,AS,413.0,0.0,13.040699775898215
2004,7,B6,356.0,0.0,11.487846586051056
2004,7,CO,1008.0,0.0,12.725752413401477
2004,7,DH,628.0,0.0,24.480561380867883
2004,7,DL,556.0,0.0,10.770454221842517
2004,7,EV,1200.0,0.0,12.680490487635964
2004,7,FL,545.0,0.0,13.58568021803316
2004,7,HA,609.0,0.0,6.933467741935484
2004,7,HP,530.0,0.0,10.454603759971139
2004,7,MQ,862.0,0.0,14.466514497842882
2004,7,NW,1596.0,0.0,9.932834998530709
2004,7,OH,388.0,0.0,13.892598526113424
2004,7,OO,569.0,0.0,7.6545923348436675
2004,7,TZ,472.0,0.0,15.280966143682907
2004,7,UA,903.0,0.0,12.509871661265686
2004,7,US,471.0,0.0,11.375681130171543
2004,7,WN,501.0,0.0,12.955257731958763
2004,7,XE,556.0,0.0,12.430899238318997
2004,8,AA,1142.0,0.0,15.878777788137512
2004,8,AS,621.0,0.0,13.303836947849423
2004,8,B6,588.0,0.0,13.835524713903093
2004,8,CO,615.0,0.0,8.398143168501797
2004,8,DH,835.0,0.0,17.96381182147165
2004,8,DL,773.0,0.0,9.431142666078568
2004,8,EV,705.0,0.0,9.32743931843755
2004,8,FL,485.0,0.0,11.039455481157656
2004,8,HA,244.0,0.0,5.312
2004,8,HP,405.0,0.0,10.919494614076294
2004,8,MQ,1093.0,0.0,12.476489105307166
2004,8,NW,1468.0,0.0,7.55604810871698
2004,8,OH,341.0,0.0,10.66224824657358
2004,8,OO,757.0,0.0,6.477818585995264
2004,8,TZ,597.0,0.0,8.623987034035656
2004,8,UA,924.0,0.0,9.929787831951664
2004,8,US,958.0,0.0,11.133073054526204
2004,8,WN,434.0,0.0,12.03888265878275
2004,8,XE,585.0,0.0,9.032092379425906
2004,9,AA,1376.0,0.0,5.43978024244031
2004,9,AS,434.0,0.0,9.348518995492595
2004,9,B6,347.0,0.0,5.293256370547656
2004,9,CO,930.0,0.0,6.386555677713209
2004,9,DH,378.0,0.0,8.539720558882236
2004,9,DL,623.0,0.0,9.3279852090939
2004,9,EV,498.0,0.0,9.389424718333903
2004,9,FL,570.0,0.0,13.514011006388765
2004,9,HA,261.0,0.0,6.315904139433552
2004,9,HP,655.0,0.0,7.98675777768346
2004,9,MQ,810.0,0.0,6.402846957093373
2004,9,NW,1150.0,0.0,5.151668584579977
2004,9,OH,430.0,0.0,9.312901901764947
2004,9,OO,442.0,0.0,4.828388410258957
2004,9,TZ,242.0,0.0,3.8360776603588107
2004,9,UA,1096.0,0.0,5.416970888327249
2004,9,US,295.0,0.0,6.321137788864636
2004,9,WN,322.0,0.0,7.211138442948386
2004,9,XE,407.0,0.0,6.599351076063742
2004,10,AA,1123.0,0.0,8.576564580559255
2004,10,AS,470.0,0.0,9.71827613727055
2004,10,B6,592.0,0.0,5.171404581983927
2004,10,CO,492.0,0.0,4.580581681377514
2004,10,DH,410.0,0.0,10.301184746390225
2004,10,DL,664.0,0.0,7.4679421185083505
2004,10,EV,485.0,0.0,11.971903347515454
2004,10,FL,382.0,0.0,8.206345596178997
2004,10,HA,215.0,0.0,5.534334763948498
2004,10,HP,436.0,0.0,9.622234804060339
2004,10,MQ,770.0,0.0,8.916342603987202
2004,10,NW,1356.0,0.0,5.450540837121806
2004,10,OH,308.0,0.0,9.64235886836326
2004,10,OO,655.0,0.0,7.233305590913542
2004,10,TZ,267.0,0.0,4.704306835226055
2004,10,UA,872.0,0.0,6.695477570392005
2004,10,US,655.0,0.0,6.635660169656155
2004,10,WN,270.0,0.0,10.035808802573186
2004,10,XE,356.0,0.0,5.912994604316546
2004,11,AA,1248.0,0.0,10.431769523672678
2004,11,AS,484.0,0.0,17.041922204486266
2004,11,B6,352.0,0.0,6.263811821471653
2004,11,CO,776.0,0.0,9.85500324311575
2004,11,DH,420.0,0.0,11.845070422535212
2004,11,DL,544.0,0.0,10.694003540454904
2004,11,EV,817.0,0.0,16.72240613293841
2004,11,FL,457.0,0.0,13.635589291922587
2004,11,HA,552.0,0.0,9.621505376344086
2004,11,HP,834.0,0.0,10.641352136043135
2004,11,MQ,882.0,0.0,10.8562344269103
2004,11,NW,1388.0,0.0,5.711728619284013
2004,11,OH,432.0,0.0,10.574780976220275
2004,11,OO,780.0,0.0,7.97180844197754
2004,11,TZ,319.0,0.0,7.503491271820449
2004,11,UA,1357.0,0.0,9.379288542810555
2004,11,US,410.0,0.0,8.188111185532485
2004,11,WN,395.0,0.0,10.883716531461477
2004,11,XE,451.0,0.0,11.309698578791192
2004,12,AA,1216.0,0.0,15.112025927458282
2004,12,AS,582.0,0.0,24.0683956475497
2004,12,B6,448.0,0.0,17.10931128228364
2004,12,CO,787.0,0.0,11.457557888681144
2004,12,DH,532.0,0.0,20.040591881623676
2004,12,DL,631.0,0.0,12.543439352150695
2004,12,EV,1060.0,0.0,15.0503120124805
2004,12,FL,599.0,0.0,14.808197989172466
2004,12,HA,465.0,0.0,9.078028747433265
2004,12,HP,554.0,0.0,12.872185617850358
2004,12,MQ,745.0,0.0,13.324635171902052
2004,12,NW,1817.0,0.0,10.923287505787153
2004,12,OH,670.0,0.0,19.610308036482532
2004,12,OO,750.0,0.0,14.171198185712486
2004,12,TZ,387.0,0.0,10.475370636059301
2004,12,UA,777.0,0.0,13.350961849860742
2004,12,US,666.0,0.0,12.21171859430014
2004,12,WN,595.0,0.0,15.530997627071327
2004,12,XE,500.0,0.0,14.496499373572114
2005,1,AA,1281.0,0.0,15.000940026320738
2005,1,AS,577.0,0.0,15.904549659406273
2005,1,B6,745.0,0.0,19.06164858000462
2005,1,CO,995.0,0.0,8.619343981202173
2005,1,DH,348.0,0.0,11.500650195058517
2005,1,DL,694.0,0.0,10.160334137625608
2005,1,EV,745.0,0.0,14.577566776962547
2005,1,FL,640.0,0.0,16.361013126698666
2005,1,HA,555.0,0.0,10.49266247379455
2005,1,HP,584.0,0.0,12.422258387581373
2005,1,MQ,760.0,0.0,13.369446569752615
2005,1,NW,1930.0,0.0,10.739734299516908
2005,1,OH,590.0,0.0,15.725568832869536
2005,1,OO,649.0,0.0,13.754297831519956
2005,1,TZ,422.0,0.0,8.763914534423636
2005,1,UA,608.0,0.0,17.599202779688518
2005,1,US,463.0,0.0,11.181133222961787
2005,1,WN,400.0,0.0,14.06359822460023
2005,1,XE,453.0,0.0,10.323274690279234
2005,2,AA,1167.0,0.0,9.135787454979186
2005,2,AS,538.0,0.0,15.95349472151438
2005,2,B6,434.0,0.0,11.36488274203247
2005,2,CO,572.0,0.0,9.330253653620023
2005,2,DH,459.0,0.0,12.079405251502688
2005,2,DL,554.0,0.0,9.092751339913196
2005,2,EV,795.0,0.0,17.429070070330816
2005,2,FL,442.0,0.0,17.101905399646924
2005,2,HA,346.0,0.0,4.923937360178971
2005,2,HP,775.0,0.0,10.635521656224462
2005,2,MQ,902.0,0.0,8.313845433011426
2005,2,NW,1354.0,0.0,8.93786212874675
2005,2,OH,425.0,0.0,11.30034924330617
2005,2,OO,677.0,0.0,8.072733414754566
2005,2,TZ,672.0,0.0,6.880181347150259
2005,2,UA,832.0,0.0,10.57538549947323
2005,2,US,396.0,0.0,10.594314720812182
2005,2,WN,388.0,0.0,12.404105365166064
2005,2,XE,455.0,0.0,9.470834874830436
2005,3,AA,1339.0,0.0,11.246037892407688
2005,3,AS,545.0,0.0,16.60344967203822
2005,3,B6,454.0,0.0,17.912690250925547
2005,3,CO,819.0,0.0,11.646400964859383
2005,3,DH,894.0,0.0,12.655480378890392
2005,3,DL,632.0,0.0,12.871915262290042
2005,3,EV,1155.0,0.0,15.055229032559007
2005,3,FL,645.0,0.0,23.42178490186743
2005,3,HA,533.0,0.0,8.848979591836734
2005,3,HP,562.0,0.0,7.853031942607511
2005,3,MQ,684.0,0.0,8.585218178022131
2005,3,NW,1517.0,0.0,9.996383964347842
2005,3,OH,430.0,0.0,12.18074901993494
2005,3,OO,467.0,0.0,8.260952086689766
2005,3,TZ,565.0,0.0,9.794196130753836
2005,3,UA,1371.0,0.0,11.326847235011032
2005,3,US,420.0,0.0,13.87287575812166
2005,3,WN,618.0,0.0,10.779804393264188
2005,3,XE,460.0,0.0,9.493046950296021
2005,4,AA,1195.0,0.0,7.632662397072278
2005,4,AS,548.0,0.0,15.244885883347422
2005,4,B6,666.0,0.0,11.037599276163668
2005,4,CO,699.0,0.0,7.802186559092636
2005,4,DH,415.0,0.0,8.93631622289322
2005,4,DL,484.0,0.0,7.598025942263178
2005,4,EV,930.0,0.0,12.213634450834618
2005,4,FL,614.0,0.0,13.696800298141937
2005,4,HA,615.0,0.0,9.539651837524177
2005,4,HP,691.0,0.0,6.41352395037384
2005,4,MQ,814.0,0.0,7.513507764305467
2005,4,NW,1459.0,0.0,6.153133283422027
2005,4,OH,455.0,0.0,7.657648630594522
2005,4,OO,432.0,0.0,5.9830352415809225
2005,4,TZ,533.0,0.0,3.502499166944352
2005,4,UA,717.0,0.0,6.899207351675911
2005,4,US,374.0,0.0,7.811431241239682
2005,4,WN,292.0,0.0,6.683005606565369
2005,4,XE,502.0,0.0,7.125667134831461
2005,5,AA,1079.0,0.0,8.882785455149685
2005,5,AS,515.0,0.0,25.551768214742225
2005,5,B6,368.0,0.0,6.730500211954218
2005,5,CO,762.0,0.0,7.181227811931769
2005,5,DH,393.0,0.0,11.674901445466492
2005,5,DL,580.0,0.0,6.46064565500822
2005,5,EV,747.0,0.0,10.690498134737766
2005,5,F9,484.0,0.0,7.99140948138721
2005,5,FL,451.0,0.0,10.969805753626751
2005,5,HA,486.0,0.0,6.793478260869565
2005,5,HP,597.0,0.0,7.000591482649842
2005,5,MQ,658.0,0.0,8.595265640295452
2005,5,NW,1458.0,0.0,5.888831406570229
2005,5,OH,505.0,0.0,6.497216035634744
2005,5,OO,542.0,0.0,5.88002333565194
2005,5,TZ,1173.0,0.0,4.045454545454546
2005,5,UA,754.0,0.0,10.374592833876221
2005,5,US,555.0,0.0,6.362469244842597
2005,5,WN,450.0,0.0,7.015434526150217
2005,5,XE,592.0,0.0,7.147374062165059
2005,6,AA,1267.0,0.0,14.605152419970835
2005,6,AS,694.0,0.0,30.78946502057613
2005,6,B6,531.0,0.0,14.666135034556087
2005,6,CO,784.0,0.0,11.599817762464763
2005,6,DH,587.0,0.0,23.543127434613243
2005,6,DL,728.0,0.0,11.529644741365138
2005,6,EV,720.0,0.0,16.546710173431073
2005,6,F9,305.0,0.0,9.591695501730104
2005,6,FL,730.0,0.0,21.178911230995585
2005,6,HA,211.0,0.0,7.892857142857143
2005,6,HP,672.0,0.0,8.741484821644255
2005,6,MQ,832.0,0.0,11.90928064561013
2005,6,NW,1280.0,0.0,12.994748687171793
2005,6,OH,505.0,0.0,11.195503176195253
2005,6,OO,521.0,0.0,8.647497725204731
2005,6,TZ,398.0,0.0,10.40143583607538
2005,6,UA,1000.0,0.0,16.683838825277512
2005,6,US,628.0,0.0,13.550455420978746
2005,6,WN,480.0,0.0,12.360967981233836
2005,6,XE,647.0,0.0,10.953996758937725
2005,7,AA,1255.0,0.0,20.057475401967842
2005,7,AS,663.0,0.0,19.52685982772122
2005,7,B6,568.0,0.0,21.125810253388334
2005,7,CO,1001.0,0.0,18.760872578096848
2005,7,DH,788.0,0.0,26.419129949804795
2005,7,DL,662.0,0.0,18.91611375104821
2005,7,EV,760.0,0.0,22.250780340088514
2005,7,F9,693.0,0.0,9.733691481197237
2005,7,FL,749.0,0.0,29.222201724853573
2005,7,HA,643.0,0.0,8.239926739926739
2005,7,HP,611.0,0.0,12.125500667556743
2005,7,MQ,781.0,0.0,15.269854785630452
2005,7,NW,1732.0,0.0,15.566016554086195
2005,7,OH,470.0,0.0,15.344300352225424
2005,7,OO,477.0,0.0,7.987891562212705
2005,7,TZ,453.0,0.0,13.563042220936957
2005,7,UA,1352.0,0.0,16.14626174588043
2005,7,US,585.0,0.0,16.052549982235718
2005,7,WN,400.0,0.0,14.452601303097302
2005,7,XE,621.0,0.0,17.848154691794267
2005,8,AA,1028.0,0.0,13.018298533684709
2005,8,AS,564.0,0.0,17.392418828646885
2005,8,B6,521.0,0.0,12.342120736965896
2005,8,CO,923.0,0.0,12.488027742610228
2005,8,DH,532.0,0.0,13.905701754385966
2005,8,DL,639.0,0.0,14.641926552025648
2005,8,EV,728.0,0.0,21.66573586633097
2005,8,F9,650.0,0.0,7.554287962234461
2005,8,FL,592.0,0.0,22.757798335735206
2005,8,HA,576.0,0.0,6.111721611721611
2005,8,HP,636.0,0.0,8.911915289737026
2005,8,MQ,779.0,0.0,12.002711545356759
2005,8,NW,1352.0,0.0,17.310261335894666
2005,8,OH,486.0,0.0,12.373687461395923
2005,8,OO,498.0,0.0,7.62967491212366
2005,8,TZ,727.0,0.0,8.774379688401616
2005,8,UA,656.0,0.0,10.113774482420057
2005,8,US,570.0,0.0,9.666870671605734
2005,8,WN,415.0,0.0,11.940688270830519
2005,8,XE,624.0,0.0,12.938592923952827
2005,9,AA,1257.0,0.0,8.563127458462983
2005,9,AS,401.0,0.0,10.31230618573527
2005,9,B6,590.0,0.0,6.75360722546536
2005,9,CO,971.0,0.0,7.350542437779196
2005,9,DH,772.0,0.0,7.7100396301188905
2005,9,DL,488.0,0.0,5.328085305522128
2005,9,EV,650.0,0.0,10.893929683208203
2005,9,F9,417.0,0.0,3.780829069646027
2005,9,FL,435.0,0.0,7.765313614432557
2005,9,HA,655.0,0.0,8.790566037735848
2005,9,HP,699.0,0.0,6.696565757235995
2005,9,MQ,787.0,0.0,8.496828410037967
2005,9,NW,1637.0,0.0,11.32700123498372
2005,9,OH,594.0,0.0,8.59580745341615
2005,9,OO,662.0,0.0,5.957186544342508
2005,9,TZ,474.0,0.0,7.83327708403645
2005,9,UA,931.0,0.0,7.867895137450658
2005,9,US,491.0,0.0,4.994406881659528
2005,9,WN,320.0,0.0,7.7029807438670534
2005,9,XE,464.0,0.0,8.25082914104714
2005,10,AA,1147.0,0.0,8.19689495066744
2005,10,AS,558.0,0.0,9.876793114440549
2005,10,B6,465.0,0.0,13.213561727143725
2005,10,CO,765.0,0.0,11.907509994288977
2005,10,DH,351.0,0.0,10.535957066189624
2005,10,DL,487.0,0.0,6.767299557622138
2005,10,EV,665.0,0.0,12.672256430411808
2005,10,F9,706.0,0.0,8.51116094180002
2005,10,FL,604.0,0.0,14.187593843843844
2005,10,HA,495.0,0.0,9.154471544715447
2005,10,HP,475.0,0.0,7.589569069673781
2005,10,MQ,854.0,0.0,8.337383731533832
2005,10,NW,1450.0,0.0,10.595242977240106
2005,10,OH,308.0,0.0,10.091299593876913
2005,10,OO,407.0,0.0,6.448447698006703
2005,10,TZ,580.0,0.0,8.971287128712872
2005,10,UA,828.0,0.0,9.127062593754262
2005,10,US,477.0,0.0,7.36478694979609
2005,10,WN,329.0,0.0,10.702696397674917
2005,10,XE,492.0,0.0,12.301803593926133
2005,11,AA,1210.0,0.0,9.48492562129394
2005,11,AS,443.0,0.0,11.67456380431064
2005,11,B6,403.0,0.0,11.471339840283939
2005,11,CO,653.0,0.0,9.608881397308844
2005,11,DH,825.0,0.0,12.552954292084728
2005,11,DL,526.0,0.0,9.375698825460328
2005,11,EV,709.0,0.0,13.540060001764758
2005,11,F9,677.0,0.0,5.907787762088147
2005,11,FL,504.0,0.0,14.559842482771554
2005,11,HA,96.0,0.0,2.7901234567901234
2005,11,HP,656.0,0.0,7.673226198967818
2005,11,MQ,816.0,0.0,10.488922732789186
2005,11,NW,1659.0,0.0,10.501881467544685
2005,11,OH,710.0,0.0,10.899332099460851
2005,11,OO,838.0,0.0,8.476700688126357
2005,11,TZ,1150.0,0.0,9.378800328677075
2005,11,UA,1163.0,0.0,9.51821028925329
2005,11,US,449.0,0.0,6.573545616901622
2005,11,WN,520.0,0.0,8.199955502518153
2005,11,XE,712.0,0.0,11.121514079717045
2005,12,AA,988.0,0.0,15.290660592255126
2005,12,AS,760.0,0.0,16.323546391752576
2005,12,B6,635.0,0.0,20.806534478606405
2005,12,CO,967.0,0.0,14.360802087625327
2005,12,DH,371.0,0.0,12.663049376017362
2005,12,DL,485.0,0.0,11.9901931174161
2005,12,EV,953.0,0.0,18.11029070307421
2005,12,F9,467.0,0.0,13.466415318980058
2005,12,FL,980.0,0.0,19.383965311269414
2005,12,HA,301.0,0.0,8.439163498098859
2005,12,HP,472.0,0.0,11.071163189482709
2005,12,MQ,1073.0,0.0,14.636325581395349
2005,12,NW,1591.0,0.0,14.494471674455717
2005,12,OH,415.0,0.0,17.44192139737991
2005,12,OO,662.0,0.0,16.93410944054296
2005,12,TZ,538.0,0.0,14.8348579682234
2005,12,UA,1235.0,0.0,18.72867924528302
2005,12,US,540.0,0.0,9.052392074742269
2005,12,WN,350.0,0.0,11.64253209658992
2005,12,XE,622.0,0.0,14.600975019118023
2006,1,AA,1107.0,0.0,10.423598533374564
2006,1,AS,510.0,0.0,14.498456403838132
2006,1,B6,600.0,0.0,16.810085663487957
2006,1,CO,695.0,0.0,10.914844345430028
2006,1,DL,641.0,0.0,11.838516616641956
2006,1,EV,725.0,0.0,14.762425113826984
2006,1,F9,415.0,0.0,7.334340873634946
2006,1,FL,557.0,0.0,16.982549384356453
2006,1,HA,417.0,0.0,4.352112676056338
2006,1,MQ,728.0,0.0,10.207426873857404
2006,1,NW,1167.0,0.0,9.098177614913553
2006,1,OH,480.0,0.0,15.3394703160382
2006,1,OO,663.0,0.0,9.769368198798116
2006,1,TZ,400.0,0.0,11.329057087876844
2006,1,UA,1345.0,0.0,13.514651076531784
2006,1,US,708.0,0.0,7.553395450695205
2006,1,WN,340.0,0.0,9.043585356222852
2006,1,XE,493.0,0.0,10.389507473166818
2006,1,YV,625.0,0.0,14.004860804242156
2006,2,AA,1379.0,0.0,12.666191295795427
2006,2,AS,510.0,0.0,13.707737440410707
2006,2,B6,1012.0,0.0,21.92454657510125
2006,2,CO,789.0,0.0,12.189831268209906
2006,2,DL,702.0,0.0,9.441463905087472
2006,2,EV,1118.0,0.0,13.85370306409434
2006,2,F9,192.0,0.0,11.483936821747072
2006,2,FL,638.0,0.0,15.642033898305085
2006,2,HA,485.0,0.0,12.804545454545455
2006,2,MQ,852.0,0.0,11.307533933201158
2006,2,NW,1367.0,0.0,10.54074250105619
2006,2,OH,360.0,0.0,11.946941176470588
2006,2,OO,595.0,0.0,11.908412415974693
2006,2,TZ,415.0,0.0,18.533333333333335
2006,2,UA,840.0,0.0,13.679220237417985
2006,2,US,483.0,0.0,7.861646892987196
2006,2,WN,455.0,0.0,11.91078331000188
2006,2,XE,704.0,0.0,11.734503265350797
2006,2,YV,450.0,0.0,11.013689567430026
2006,3,AA,1195.0,0.0,14.652889443589817
2006,3,AS,570.0,0.0,14.509970817120623
2006,3,B6,659.0,0.0,10.113582550046639
2006,3,CO,607.0,0.0,12.610194546366444
2006,3,DL,564.0,0.0,9.527387165571412
2006,3,EV,930.0,0.0,13.026329113924051
2006,3,F9,348.0,0.0,12.732394366197184
2006,3,FL,500.0,0.0,10.084256461899967
2006,3,HA,366.0,0.0,9.616803278688524
2006,3,MQ,1013.0,0.0,13.912323530089127
2006,3,NW,1648.0,0.0,10.557433039726766
2006,3,OH,547.0,0.0,10.010683760683762
2006,3,OO,539.0,0.0,16.14566920636291
2006,3,TZ,468.0,0.0,16.764061358655955
2006,3,UA,1024.0,0.0,17.412569223023997
2006,3,US,582.0,0.0,7.720231308030624
2006,3,WN,380.0,0.0,11.367667649226235
2006,3,XE,676.0,0.0,13.876401205841894
2006,3,YV,446.0,0.0,14.506093124772645
2006,4,AA,1140.0,0.0,12.333402508078622
2006,4,AS,694.0,0.0,13.119259993392799
2006,4,B6,427.0,0.0,7.48968527775822
2006,4,CO,958.0,0.0,13.40481934470377
2006,4,DL,417.0,0.0,7.892054663326949
2006,4,EV,713.0,0.0,13.382965440356745
2006,4,F9,602.0,0.0,7.134530899150639
2006,4,FL,594.0,0.0,11.53395075085472
2006,4,HA,257.0,0.0,6.331923890063425
2006,4,KH,30.0,0.0,3.68
2006,4,MQ,855.0,0.0,13.069159511974695
2006,4,NW,1349.0,0.0,8.543212737849677
2006,4,OH,390.0,0.0,9.32863004102872
2006,4,OO,643.0,0.0,10.148876341304298
2006,4,TZ,462.0,0.0,15.976415094339623
2006,4,UA,1060.0,0.0,12.91548488008342
2006,4,US,1021.0,0.0,8.48222909429806
2006,4,WN,380.0,0.0,10.893824670877407
2006,4,XE,691.0,0.0,12.631578947368421
2006,4,YV,473.0,0.0,12.508103094796446
2006,5,AA,1254.0,0.0,13.586546196276718
2006,5,AS,531.0,0.0,9.121728971962616
2006,5,B6,725.0,0.0,9.582302709069493
2006,5,CO,950.0,0.0,13.508932988840636
2006,5,DL,535.0,0.0,7.529365495542737
2006,5,EV,1070.0,0.0,12.847361389445558
2006,5,F9,556.0,0.0,6.4102923157710485
2006,5,FL,553.0,0.0,12.012447626408493
2006,5,HA,221.0,0.0,3.269387755102041
2006,5,KH,38.0,0.0,6.016129032258065
2006,5,MQ,824.0,0.0,15.69806282149502
2006,5,NW,1064.0,0.0,8.372577075275549
2006,5,OH,460.0,0.0,13.111850740671292
2006,5,OO,464.0,0.0,9.04835912775827
2006,5,TZ,865.0,0.0,15.462082912032356
2006,5,UA,480.0,0.0,14.566091431029633
2006,5,US,638.0,0.0,8.217152644503601
2006,5,WN,410.0,0.0,10.309873120214466
2006,5,XE,518.0,0.0,13.992316962940645
2006,5,YV,570.0,0.0,13.095396120588923
2006,6,AA,1154.0,0.0,13.261779718525949
2006,6,AS,444.0,0.0,12.048662732776458
2006,6,B6,526.0,0.0,17.592489974480497
2006,6,CO,927.0,0.0,20.007016688339835
2006,6,DL,663.0,0.0,13.992646229076547
2006,6,EV,685.0,0.0,21.60991543245783
2006,6,F9,605.0,0.0,8.524450744153082
2006,6,FL,540.0,0.0,19.62187512420015
2006,6,HA,354.0,0.0,4.445606694560669
2006,6,KH,169.0,0.0,14.75
2006,6,MQ,951.0,0.0,16.25717238435443
2006,6,NW,1372.0,0.0,11.942963548132266
2006,6,OH,583.0,0.0,22.046622677548186
2006,6,OO,447.0,0.0,9.164104989359187
2006,6,TZ,335.0,0.0,19.1064453125
2006,6,UA,681.0,0.0,16.62540171171476
2006,6,US,626.0,0.0,12.553516689373296
2006,6,WN,471.0,0.0,15.302800074668658
2006,6,XE,586.0,0.0,19.368991687748466
2006,6,YV,587.0,0.0,21.658596557594098
2006,7,AA,1291.0,0.0,14.463926541320507
2006,7,AS,549.0,0.0,16.63901115023474
2006,7,B6,702.0,0.0,19.473744950952106
2006,7,CO,1139.0,0.0,20.16637556896369
2006,7,DL,550.0,0.0,11.370592703759288
2006,7,EV,690.0,0.0,22.861030207206458
2006,7,F9,724.0,0.0,8.454866820124959
2006,7,FL,536.0,0.0,14.806386847488445
2006,7,HA,337.0,0.0,6.537373737373738
2006,7,KH,40.0,0.0,3.4054054054054053
2006,7,MQ,1014.0,0.0,15.09271218721951
2006,7,NW,1666.0,0.0,11.243512456515633
2006,7,OH,435.0,0.0,22.339899185730903
2006,7,OO,486.0,0.0,9.844632709560583
2006,7,TZ,485.0,0.0,24.525967894239848
2006,7,UA,1382.0,0.0,17.83495676374118
2006,7,US,718.0,0.0,13.650222443973224
2006,7,WN,557.0,0.0,14.409172986637776
2006,7,XE,763.0,0.0,18.539497307001795
2006,7,YV,600.0,0.0,23.06940464820121
2006,8,AA,1278.0,0.0,13.184642615590509
2006,8,AS,477.0,0.0,13.999199476020667
2006,8,B6,632.0,0.0,14.192331401800026
2006,8,CO,695.0,0.0,12.643726076241414
2006,8,DL,528.0,0.0,11.37868022154205
2006,8,EV,730.0,0.0,23.72951301427372
2006,8,F9,480.0,0.0,7.003249390739237
2006,8,FL,569.0,0.0,14.750970098151107
2006,8,HA,360.0,0.0,8.107505070993914
2006,8,KH,68.0,0.0,2.9393939393939394
2006,8,MQ,695.0,0.0,13.46443297856264
2006,8,NW,1422.0,0.0,10.715069956210616
2006,8,OH,338.0,0.0,19.190759274588004
2006,8,OO,601.0,0.0,9.912876836530733
2006,8,TZ,432.0,0.0,19.009883198562445
2006,8,UA,797.0,0.0,13.265829509780247
2006,8,US,584.0,0.0,11.120421104475774
2006,8,WN,340.0,0.0,11.598487525620186
2006,8,XE,799.0,0.0,11.94288455569038
2006,8,YV,582.0,0.0,18.688440658516132
2006,9,AA,1314.0,0.0,13.047094451569043
2006,9,AS,470.0,0.0,9.975209196840542
2006,9,B6,811.0,0.0,13.068413588167758
2006,9,CO,712.0,0.0,8.69446981526767
2006,9,DL,639.0,0.0,12.190995045498509
2006,9,EV,929.0,0.0,24.168211110588455
2006,9,F9,408.0,0.0,4.899373229157723
2006,9,FL,460.0,0.0,15.235426663884832
2006,9,HA,950.0,0.0,8.757383966244726
2006,9,KH,145.0,0.0,5.472222222222222
2006,9,MQ,1103.0,0.0,13.661829579753888
2006,9,NW,1268.0,0.0,9.02354916284768
2006,9,OH,329.0,0.0,18.118831168831168
2006,9,OO,539.0,0.0,10.907426674045379
2006,9,TZ,315.0,0.0,12.739821251241311
2006,9,UA,911.0,0.0,13.142567075075492
2006,9,US,645.0,0.0,8.549536225147373
2006,9,WN,379.0,0.0,8.895031181589065
2006,9,XE,447.0,0.0,9.804471222451244
2006,9,YV,675.0,0.0,17.98381233945621
2006,10,AA,1283.0,0.0,12.738655586882327
2006,10,AS,462.0,0.0,10.50380080670183
2006,10,B6,614.0,0.0,13.481847763670006
2006,10,CO,997.0,0.0,16.120260871918383
2006,10,DL,522.0,0.0,13.338293983812614
2006,10,EV,990.0,0.0,22.47464382243804
2006,10,F9,642.0,0.0,6.83174124350595
2006,10,FL,958.0,0.0,17.174643423137876
2006,10,HA,645.0,0.0,18.381237524950098
2006,10,KH,255.0,0.0,14.852941176470589
2006,10,MQ,776.0,0.0,15.622928825384047
2006,10,NW,1752.0,0.0,10.638700089603777
2006,10,OH,584.0,0.0,19.605447352404138
2006,10,OO,594.0,0.0,12.43314077877621
2006,10,TZ,303.0,0.0,13.639468690702087
2006,10,UA,671.0,0.0,13.52490625781185
2006,10,US,619.0,0.0,9.53374751191266
2006,10,WN,400.0,0.0,9.783973470426192
2006,10,XE,726.0,0.0,18.028285173193233
2006,10,YV,600.0,0.0,19.138089318160084
2006,11,AA,1068.0,0.0,13.349057491453125
2006,11,AS,711.0,0.0,16.915718499789296
2006,11,B6,529.0,0.0,18.155721613577356
2006,11,CO,714.0,0.0,12.39460620258813
2006,11,DL,1163.0,0.0,8.707404481609217
2006,11,EV,980.0,0.0,17.038282511636744
2006,11,F9,283.0,0.0,5.2852246076132054
2006,11,FL,375.0,0.0,10.799512565424108
2006,11,HA,396.0,0.0,9.972332015810277
2006,11,KH,41.0,0.0,2.5142857142857142
2006,11,MQ,910.0,0.0,12.832602013281084
2006,11,NW,1197.0,0.0,10.920344163930714
2006,11,OH,460.0,0.0,19.63815523786447
2006,11,OO,575.0,0.0,11.187384960718294
2006,11,TZ,369.0,0.0,16.222003929273086
2006,11,UA,1410.0,0.0,12.07200391382594
2006,11,US,671.0,0.0,9.883035507078208
2006,11,WN,459.0,0.0,9.14774857562948
2006,11,XE,559.0,0.0,13.147377655241556
2006,11,YV,443.0,0.0,12.235896143181245
2006,12,AA,1359.0,0.0,19.048515106909267
2006,12,AS,555.0,0.0,19.813780716793207
2006,12,B6,671.0,0.0,20.523365038104803
2006,12,CO,928.0,0.0,13.826517768672504
2006,12,DL,675.0,0.0,8.972355722267807
2006,12,EV,998.0,0.0,18.388771824202287
2006,12,F9,899.0,0.0,11.090909090909092
2006,12,FL,360.0,0.0,11.601994380910925
2006,12,HA,827.0,0.0,30.423664122137403
2006,12,KH,77.0,0.0,5.315789473684211
2006,12,MQ,1109.0,0.0,19.882491512506064
2006,12,NW,1402.0,0.0,13.069563294637922
2006,12,OH,490.0,0.0,18.719733852645245
2006,12,OO,804.0,0.0,19.231765939780622
2006,12,TZ,348.0,0.0,16.042396313364055
2006,12,UA,1330.0,0.0,15.053762291577597
2006,12,US,755.0,0.0,14.122407720044187
2006,12,WN,466.0,0.0,13.903340172047654
2006,12,XE,656.0,0.0,16.88048706240487
2006,12,YV,493.0,0.0,18.723716978368085
2007,1,9E,1070.0,0.0,10.645017488512448
2007,1,AA,1175.0,0.0,18.408559842009257
2007,1,AS,575.0,0.0,14.610172327254476
2007,1,B6,665.0,0.0,15.825224485004988
2007,1,CO,453.0,0.0,11.245956311489078
2007,1,DL,611.0,0.0,8.471087991323385
2007,1,EV,728.0,0.0,18.9005671253254
2007,1,F9,310.0,0.0,11.064018043025676
2007,1,FL,522.0,0.0,10.255558837179866
2007,1,HA,1126.0,0.0,25.972375690607734
2007,1,KH,259.0,0.0,10.0
2007,1,MQ,915.0,0.0,16.140956700645283
2007,1,NW,1406.0,0.0,10.017331823538928
2007,1,OH,593.0,0.0,16.211892063997453
2007,1,OO,670.0,0.0,18.15254767766974
2007,1,UA,842.0,0.0,13.204729211681885
2007,1,US,605.0,0.0,11.298060408026476
2007,1,WN,339.0,0.0,9.13724039528616
2007,1,XE,562.0,0.0,13.58412092283214
2007,1,YV,554.0,0.0,17.19596054485674
2007,2,9E,1000.0,0.0,19.201819878674755
2007,2,AA,1150.0,0.0,19.038768587679023
2007,2,AS,642.0,0.0,15.270505160239
2007,2,B6,1048.0,0.0,26.996108418106097
2007,2,CO,553.0,0.0,12.43749060630655
2007,2,DL,584.0,0.0,9.462953454626632
2007,2,EV,919.0,0.0,21.715169811320756
2007,2,F9,887.0,0.0,11.237186788154897
2007,2,FL,759.0,0.0,12.961246762856085
2007,2,HA,873.0,0.0,16.473790322580644
2007,2,KH,47.0,0.0,2.59375
2007,2,MQ,1307.0,0.0,17.941160816456875
2007,2,NW,1340.0,0.0,18.086777177115625
2007,2,OH,520.0,0.0,24.452211413097984
2007,2,OO,622.0,0.0,17.27221319169395
2007,2,UA,1032.0,0.0,17.77217037899264
2007,2,US,674.0,0.0,17.4468135681856
2007,2,WN,564.0,0.0,11.903846911052486
2007,2,XE,563.0,0.0,14.12773852850924
2007,2,YV,640.0,0.0,22.002945902517407
2007,3,9E,751.0,0.0,11.626152787336546
2007,3,AA,1086.0,0.0,16.886285021188662
2007,3,AS,803.0,0.0,14.614592622618565
2007,3,B6,489.0,0.0,21.49863790515372
2007,3,CO,777.0,0.0,16.62398507501905
2007,3,DL,815.0,0.0,8.673727913488461
2007,3,EV,955.0,0.0,18.319678390154067
2007,3,F9,559.0,0.0,7.073309370559224
2007,3,FL,542.0,0.0,11.517046569108242
2007,3,HA,200.0,0.0,6.118181818181818
2007,3,KH,49.0,0.0,2.2545454545454544
2007,3,MQ,1072.0,0.0,15.237996708205973
2007,3,NW,1547.0,0.0,14.269296356129958
2007,3,OH,555.0,0.0,19.966230580539655
2007,3,OO,641.0,0.0,10.843947610564028
2007,3,UA,1164.0,0.0,15.621303079636412
2007,3,US,1003.0,0.0,20.096709870388832
2007,3,WN,400.0,0.0,9.93604420271087
2007,3,XE,753.0,0.0,19.92234993614304
2007,3,YV,620.0,0.0,17.38859653136869
2007,4,9E,950.0,0.0,6.1841001306650165
2007,4,AA,1135.0,0.0,16.478049466870953
2007,4,AS,629.0,0.0,11.43872429982192
2007,4,B6,889.0,0.0,22.71934892505972
2007,4,CO,890.0,0.0,15.341324686370402
2007,4,DL,625.0,0.0,8.278337076849029
2007,4,EV,682.0,0.0,16.78451853578923
2007,4,F9,555.0,0.0,7.6101079913606915
2007,4,FL,579.0,0.0,9.600479032511387
2007,4,HA,740.0,0.0,8.079629629629629
2007,4,KH,124.0,0.0,4.783333333333333
2007,4,MQ,1008.0,0.0,14.163707942097027
2007,4,NW,1415.0,0.0,9.94509453010279
2007,4,OH,525.0,0.0,19.046417149278245
2007,4,OO,737.0,0.0,9.273524410481244
2007,4,UA,925.0,0.0,15.298035669964188
2007,4,US,532.0,0.0,15.328808734811794
2007,4,WN,350.0,0.0,9.292956710563184
2007,4,XE,610.0,0.0,17.48699442119944
2007,4,YV,455.0,0.0,15.21170551098875
2007,5,9E,1014.0,0.0,8.61601140761866
2007,5,AA,1277.0,0.0,14.005308411214953
2007,5,AS,511.0,0.0,12.065572580059545
2007,5,B6,492.0,0.0,11.656712298520645
2007,5,CO,757.0,0.0,14.270911714683296
2007,5,DL,518.0,0.0,6.436007179345575
2007,5,EV,589.0,0.0,12.200524839381051
2007,5,F9,489.0,0.0,10.706914763955472
2007,5,FL,664.0,0.0,7.7667724636095
2007,5,HA,189.0,0.0,6.455197132616488
2007,5,KH,128.0,0.0,7.387096774193548
2007,5,MQ,1354.0,0.0,13.53899830142772
2007,5,NW,1416.0,0.0,9.164575353321887
2007,5,OH,614.0,0.0,14.06832403179435
2007,5,OO,475.0,0.0,9.28164089038085
2007,5,UA,492.0,0.0,12.37783974969392
2007,5,US,656.0,0.0,12.622735674676525
2007,5,WN,417.0,0.0,9.233011848060071
2007,5,XE,453.0,0.0,16.229813215795367
2007,5,YV,571.0,0.0,10.278069690265486
2007,6,9E,1063.0,0.0,12.596377399297108
2007,6,AA,1201.0,0.0,24.640580440845138
2007,6,AS,558.0,0.0,17.003639604842903
2007,6,B6,826.0,0.0,24.41515784586815
2007,6,CO,779.0,0.0,21.672223396385924
2007,6,DL,717.0,0.0,16.768905942694072
2007,6,EV,720.0,0.0,29.107771575783598
2007,6,F9,670.0,0.0,13.966401853690831
2007,6,FL,869.0,0.0,17.11516098553674
2007,6,HA,1283.0,0.0,15.873214285714285
2007,6,KH,253.0,0.0,13.383333333333333
2007,6,MQ,980.0,0.0,22.948297076483907
2007,6,NW,1258.0,0.0,15.11653418863013
2007,6,OH,555.0,0.0,22.375187637969095
2007,6,OO,644.0,0.0,10.61579060961014
2007,6,UA,1360.0,0.0,21.023976959502438
2007,6,US,887.0,0.0,18.78715489808205
2007,6,WN,591.0,0.0,15.378624228193756
2007,6,XE,623.0,0.0,22.6757910503651
2007,6,YV,567.0,0.0,15.85694391087207
2007,7,9E,1095.0,0.0,9.900290736090922
2007,7,AA,1369.0,0.0,20.90998165630173
2007,7,AS,819.0,0.0,17.671952713904705
2007,7,B6,960.0,0.0,23.95384867164912
2007,7,CO,792.0,0.0,19.8047946978719
2007,7,DL,628.0,0.0,17.85547085118617
2007,7,EV,947.0,0.0,31.317102886190817
2007,7,F9,670.0,0.0,11.389288754740345
2007,7,FL,611.0,0.0,18.11503514486542
2007,7,HA,373.0,0.0,9.477419354838709
2007,7,KH,104.0,0.0,6.806451612903226
2007,7,MQ,1233.0,0.0,18.60385185871883
2007,7,NW,1150.0,0.0,13.953437762110942
2007,7,OH,510.0,0.0,22.639605859783746
2007,7,OO,435.0,0.0,10.84635090515769
2007,7,UA,939.0,0.0,18.087647834049328
2007,7,US,579.0,0.0,15.934968282267093
2007,7,WN,447.0,0.0,15.216940940606465
2007,7,XE,551.0,0.0,20.881249143952882
2007,7,YV,485.0,0.0,14.589050290042668
2007,8,9E,1429.0,0.0,14.360773226379118
2007,8,AA,1262.0,0.0,17.604792023216014
2007,8,AS,690.0,0.0,18.039081795728606
2007,8,B6,665.0,0.0,22.140762774885797
2007,8,CO,544.0,0.0,17.522565380452566
2007,8,DL,616.0,0.0,15.572226626597098
2007,8,EV,760.0,0.0,29.930537135278513
2007,8,F9,841.0,0.0,11.284506597139922
2007,8,FL,603.0,0.0,16.401504597380885
2007,8,HA,411.0,0.0,5.576859504132232
2007,8,KH,314.0,0.0,14.64516129032258
2007,8,MQ,1100.0,0.0,17.510090275397097
2007,8,NW,1449.0,0.0,14.078764232094372
2007,8,OH,665.0,0.0,20.43632114838925
2007,8,OO,535.0,0.0,11.559564087705853
2007,8,UA,1236.0,0.0,19.76170565731117
2007,8,US,759.0,0.0,14.409748303695558
2007,8,WN,626.0,0.0,13.726895324700997
2007,8,XE,580.0,0.0,16.829596856737215
2007,8,YV,567.0,0.0,15.145409883440902
2007,9,9E,1523.0,0.0,9.368723389876326
2007,9,AA,1227.0,0.0,11.682827563795051
2007,9,AS,553.0,0.0,11.304778104221432
2007,9,B6,457.0,0.0,7.312882720009331
2007,9,CO,901.0,0.0,6.711500472386842
2007,9,DL,571.0,0.0,7.683590632117896
2007,9,EV,880.0,0.0,24.775117848229964
2007,9,F9,471.0,0.0,4.975321606720924
2007,9,FL,587.0,0.0,6.997076698207555
2007,9,HA,403.0,0.0,8.403169014084508
2007,9,KH,54.0,0.0,2.1666666666666665
2007,9,MQ,975.0,0.0,10.347008385049032
2007,9,NW,1689.0,0.0,8.989542941485503
2007,9,OH,575.0,0.0,10.170271719699679
2007,9,OO,453.0,0.0,8.04680516470783
2007,9,UA,978.0,0.0,11.30836675173168
2007,9,US,630.0,0.0,8.370388414013021
2007,9,WN,448.0,0.0,7.207444633730835
2007,9,XE,546.0,0.0,8.746120332697224
2007,9,YV,525.0,0.0,9.050078410872974
2007,10,9E,1736.0,0.0,8.886512411692268
2007,10,AA,1157.0,0.0,12.502866888176658
2007,10,AS,648.0,0.0,13.531941221964424
2007,10,B6,486.0,0.0,14.196413370410307
2007,10,CO,640.0,0.0,12.172420072318618
2007,10,DL,562.0,0.0,7.487507796162454
2007,10,EV,1002.0,0.0,21.156095348069943
2007,10,F9,666.0,0.0,6.6259522600304726
2007,10,FL,525.0,0.0,10.015448183442526
2007,10,HA,860.0,0.0,11.74406779661017
2007,10,KH,114.0,0.0,5.596774193548387
2007,10,MQ,1037.0,0.0,10.704924433827921
2007,10,NW,2601.0,0.0,9.272531521401058
2007,10,OH,376.0,0.0,14.929403701165182
2007,10,OO,625.0,0.0,8.593696984212523
2007,10,UA,537.0,0.0,13.754392957404775
2007,10,US,665.0,0.0,9.644904259313337
2007,10,WN,330.0,0.0,8.64897804568737
2007,10,XE,522.0,0.0,14.568686222341967
2007,10,YV,569.0,0.0,11.017451650762872
2007,11,9E,1083.0,0.0,7.197257383966245
2007,11,AA,968.0,0.0,12.833710215822911
2007,11,AS,631.0,0.0,11.648290119734689
2007,11,B6,500.0,0.0,12.79158440972418
2007,11,CO,908.0,0.0,11.45960091593065
2007,11,DL,548.0,0.0,5.810676443488943
2007,11,EV,783.0,0.0,14.870606531881805
2007,11,F9,552.0,0.0,6.297993492407809
2007,11,FL,694.0,0.0,8.763016227024533
2007,11,HA,657.0,0.0,9.538327526132404
2007,11,KH,125.0,0.0,11.333333333333334
2007,11,MQ,814.0,0.0,11.970353749940326
2007,11,NW,1137.0,0.0,7.684301011887219
2007,11,OH,530.0,0.0,13.31738409150441
2007,11,OO,512.0,0.0,8.35057204373707
2007,11,UA,845.0,0.0,13.724748727560039
2007,11,US,768.0,0.0,8.645544164899778
2007,11,WN,413.0,0.0,9.071647439010096
2007,11,XE,927.0,0.0,16.851944926202528
2007,11,YV,485.0,0.0,12.968825432694777
2007,12,9E,1956.0,0.0,28.08876420658898
2007,12,AA,1176.0,0.0,22.94577221542417
2007,12,AS,592.0,0.0,14.796491228070176
2007,12,B6,510.0,0.0,22.30920693792953
2007,12,CO,709.0,0.0,17.024159578226485
2007,12,DL,560.0,0.0,11.345968230397999
2007,12,EV,809.0,0.0,21.346209516916954
2007,12,F9,577.0,0.0,20.50290170475154
2007,12,FL,613.0,0.0,14.382645695615835
2007,12,HA,407.0,0.0,8.74074074074074
2007,12,KH,47.0,0.0,2.3225806451612905
2007,12,MQ,1305.0,0.0,24.7512084089921
2007,12,NW,1657.0,0.0,16.0188066802121
2007,12,OH,416.0,0.0,24.70529547198772
2007,12,OO,674.0,0.0,17.957329864898885
2007,12,UA,1219.0,0.0,26.39585843373494
2007,12,US,570.0,0.0,11.84883996978526
2007,12,WN,389.0,0.0,15.08057247561036
2007,12,XE,604.0,0.0,21.05305764850184
2007,12,YV,606.0,0.0,23.216108843537416
2008,1,9E,1105.0,0.0,16.453107493574112
2008,1,AA,1355.0,0.0,19.025506399900586
2008,1,AS,533.0,0.0,13.748500428449015
2008,1,B6,595.0,0.0,12.435476668899307
2008,1,CO,657.0,0.0,12.524772760063483
2008,1,DL,699.0,0.0,8.594494077697377
2008,1,EV,928.0,0.0,14.837920206871075
2008,1,F9,550.0,0.0,9.893489512394442
2008,1,FL,498.0,0.0,9.020541082164328
2008,1,HA,379.0,0.0,7.387478849407783
2008,1,KH,222.0,0.0,7.580645161290323
2008,1,MQ,897.0,0.0,17.541730279898218
2008,1,NW,1120.0,0.0,10.231655300998646
2008,1,OH,365.0,0.0,12.67623947614593
2008,1,OO,638.0,0.0,19.569488073831756
2008,1,UA,1099.0,0.0,23.553454981714044
2008,1,US,487.0,0.0,9.57813337909436
2008,1,WN,508.0,0.0,13.911788966342655
2008,1,XE,653.0,0.0,14.694367780844322
2008,1,YV,435.0,0.0,17.68722023276634
2008,2,9E,959.0,0.0,19.179490930368637
2008,2,AA,1216.0,0.0,20.0195076954613
2008,2,AS,675.0,0.0,11.790375203915172
2008,2,B6,629.0,0.0,19.847280334728033
2008,2,CO,1011.0,0.0,16.330039705392053
2008,2,DL,775.0,0.0,9.35103550295858
2008,2,EV,965.0,0.0,18.82623813551358
2008,2,F9,430.0,0.0,10.750756909854479
2008,2,FL,655.0,0.0,17.25310990467234
2008,2,HA,354.0,0.0,7.007246376811594
2008,2,KH,94.0,0.0,5.396551724137931
2008,2,MQ,1357.0,0.0,19.624177307757215
2008,2,NW,2457.0,0.0,13.214091321439371
2008,2,OH,510.0,0.0,16.75377530255971
2008,2,OO,587.0,0.0,15.116143070855433
2008,2,UA,1078.0,0.0,20.222519621654257
2008,2,US,886.0,0.0,11.100962205671463
2008,2,WN,514.0,0.0,16.566514762628113
2008,2,XE,859.0,0.0,17.612519201228878
2008,2,YV,463.0,0.0,20.17833561729164
2008,3,9E,658.0,0.0,13.894531517349941
2008,3,AA,1521.0,0.0,19.75795315222301
2008,3,AS,947.0,0.0,11.245081967213114
2008,3,B6,550.0,0.0,18.279129321382843
2008,3,CO,724.0,0.0,20.854618647502228
2008,3,DL,484.0,0.0,12.395667912190564
2008,3,EV,795.0,0.0,19.465144076840982
2008,3,F9,422.0,0.0,10.493449781659388
2008,3,FL,939.0,0.0,16.485096478714617
2008,3,HA,441.0,0.0,8.326599326599327
2008,3,MQ,1201.0,0.0,17.202858193663637
2008,3,NW,1225.0,0.0,12.497591413952328
2008,3,OH,491.0,0.0,18.688933020400793
2008,3,OO,996.0,0.0,10.516026161845954
2008,3,UA,1268.0,0.0,16.35966495775868
2008,3,US,699.0,0.0,10.025040107531543
2008,3,WN,430.0,0.0,12.824990083300278
2008,3,XE,730.0,0.0,21.316550522648082
2008,3,YV,548.0,0.0,13.437592193350731
2008,4,9E,963.0,0.0,9.044319813966213
2008,4,AA,1118.0,0.0,14.652133076276632
2008,4,AS,605.0,0.0,9.503091763541924
2008,4,B6,846.0,0.0,14.478827361563518
2008,4,CO,746.0,0.0,13.117970507373157
2008,4,DL,716.0,0.0,10.349704178352816
2008,4,EV,819.0,0.0,14.04155051108456
2008,4,F9,703.0,0.0,7.103394255874673
2008,4,FL,501.0,0.0,9.132483932799639
2008,4,HA,525.0,0.0,11.372050816696914
2008,4,MQ,1295.0,0.0,12.71318241669199
2008,4,NW,2467.0,0.0,9.967268824897156
2008,4,OH,620.0,0.0,14.737051424343322
2008,4,OO,570.0,0.0,7.284723861855803
2008,4,UA,688.0,0.0,14.984322633499664
2008,4,US,557.0,0.0,7.973657908180264
2008,4,WN,363.0,0.0,8.537582120314312
2008,4,XE,781.0,0.0,13.562823834196891
2008,4,YV,530.0,0.0,13.933322022395657
2008,5,9E,684.0,0.0,6.831969342686412
2008,5,AA,1146.0,0.0,16.11445062503738
2008,5,AS,665.0,0.0,9.326818351361432
2008,5,B6,457.0,0.0,10.192346256684491
2008,5,CO,669.0,0.0,14.197665264015203
2008,5,DL,901.0,0.0,6.592741935483871
2008,5,EV,564.0,0.0,7.934807864164433
2008,5,F9,482.0,0.0,8.715858495911924
2008,5,FL,556.0,0.0,7.776315789473684
2008,5,HA,866.0,0.0,22.883064516129032
2008,5,MQ,1131.0,0.0,11.731539670070699
2008,5,NW,1952.0,0.0,8.278766488948962
2008,5,OH,644.0,0.0,12.710938924339107
2008,5,OO,640.0,0.0,7.790419806243272
2008,5,UA,795.0,0.0,14.686984874558464
2008,5,US,584.0,0.0,7.383134542495557
2008,5,WN,385.0,0.0,10.303515370030771
2008,5,XE,671.0,0.0,14.753484959647835
2008,5,YV,419.0,0.0,11.890875191928055
2008,6,9E,896.0,0.0,10.823427422151328
2008,6,AA,1082.0,0.0,22.996633685170913
2008,6,AS,596.0,0.0,10.637617791179796
2008,6,B6,619.0,0.0,20.28613519179557
2008,6,CO,759.0,0.0,20.654011752281406
2008,6,DL,681.0,0.0,12.021165717950774
2008,6,EV,772.0,0.0,13.054394552032347
2008,6,F9,612.0,0.0,9.38695580474934
2008,6,FL,703.0,0.0,14.907204033706313
2008,6,HA,472.0,0.0,12.971887550200803
2008,6,MQ,1710.0,0.0,17.427817463239805
2008,6,NW,1358.0,0.0,15.469720592966565
2008,6,OH,455.0,0.0,20.897541735461385
2008,6,OO,767.0,0.0,12.509386065958445
2008,6,UA,629.0,0.0,23.933424532603738
2008,6,US,757.0,0.0,11.662217839140917
2008,6,WN,516.0,0.0,14.634406394136603
2008,6,XE,591.0,0.0,20.663765189234358
2008,6,YV,495.0,0.0,19.163550872422388
2008,7,9E,1127.0,0.0,8.632927918642205
2008,7,AA,1337.0,0.0,16.928767942583733
2008,7,AS,508.0,0.0,9.126230209670517
2008,7,B6,664.0,0.0,23.63763516057884
2008,7,CO,871.0,0.0,16.517091796976466
2008,7,DL,726.0,0.0,18.313061168599987
2008,7,EV,826.0,0.0,22.480891857892683
2008,7,F9,761.0,0.0,8.021420948315292
2008,7,FL,1206.0,0.0,23.232848232848234
2008,7,HA,550.0,0.0,11.81407942238267
2008,7,MQ,1093.0,0.0,12.523571216379882
2008,7,NW,1518.0,0.0,9.430712241118034
2008,7,OH,720.0,0.0,22.526913074316337
2008,7,OO,699.0,0.0,11.187434046684395
2008,7,UA,908.0,0.0,19.25254125647553
2008,7,US,564.0,0.0,11.281964992486296
2008,7,WN,538.0,0.0,11.631594341220117
2008,7,XE,585.0,0.0,15.400124802942722
2008,7,YV,530.0,0.0,17.12632964140805
2008,8,9E,645.0,0.0,4.651771640052087
2008,8,AA,1300.0,0.0,15.621327823196479
2008,8,AS,712.0,0.0,9.550051599587203
2008,8,B6,623.0,0.0,26.3236601167211
2008,8,CO,856.0,0.0,18.360656168669
2008,8,DL,779.0,0.0,12.072350752949134
2008,8,EV,658.0,0.0,16.76674001886199
2008,8,F9,516.0,0.0,7.504066966753534
2008,8,FL,664.0,0.0,14.012886335044712
2008,8,HA,528.0,0.0,9.928294573643411
2008,8,MQ,1167.0,0.0,10.705641728932186
2008,8,NW,1367.0,0.0,7.175203145478375
2008,8,OH,710.0,0.0,19.79913364351035
2008,8,OO,427.0,0.0,8.185517255725905
2008,8,UA,1045.0,0.0,17.946684239984112
2008,8,US,681.0,0.0,9.479744886738509
2008,8,WN,523.0,0.0,9.769312566460249
2008,8,XE,565.0,0.0,18.02212877430029
2008,8,YV,415.0,0.0,13.75186741363212
2008,9,9E,636.0,0.0,4.486213757816942
2008,9,AA,1183.0,0.0,9.44792120771777
2008,9,AS,691.0,0.0,5.75171456564337
2008,9,B6,567.0,0.0,10.590897319694418
2008,9,CO,669.0,0.0,8.239528884664992
2008,9,DL,610.0,0.0,5.76678525159884
2008,9,EV,438.0,0.0,8.297818575627868
2008,9,F9,817.0,0.0,3.093058445243049
2008,9,FL,293.0,0.0,4.39012488627905
2008,9,HA,583.0,0.0,9.088659793814433
2008,9,MQ,1146.0,0.0,8.416101628867587
2008,9,NW,1552.0,0.0,5.728892284186402
2008,9,OH,680.0,0.0,12.664659609595027
2008,9,OO,585.0,0.0,7.039092664092664
2008,9,UA,1303.0,0.0,10.953232180518869
2008,9,US,575.0,0.0,5.772296680934671
2008,9,WN,334.0,0.0,5.32278398540574
2008,9,XE,602.0,0.0,9.097852483215085
2008,9,YV,435.0,0.0,12.919330575404288
2008,10,9E,535.0,0.0,4.59445877140779
2008,10,AA,902.0,0.0,8.016715815613844
2008,10,AS,538.0,0.0,5.616503319633259
2008,10,B6,598.0,0.0,6.356327605669133
2008,10,CO,669.0,0.0,9.971336318498889
2008,10,DL,630.0,0.0,7.519286003431193
2008,10,EV,546.0,0.0,10.60910941475827
2008,10,F9,805.0,0.0,5.186399627387051
2008,10,FL,408.0,0.0,7.043379174852652
2008,10,HA,877.0,0.0,14.218253968253968
2008,10,MQ,1215.0,0.0,6.630287178674275
2008,10,NW,1369.0,0.0,4.767151891182436
2008,10,OH,410.0,0.0,7.563886162904809
2008,10,OO,697.0,0.0,5.977451200358986
2008,10,UA,501.0,0.0,8.259326732673268
2008,10,US,506.0,0.0,4.513164746100383
2008,10,WN,422.0,0.0,5.804542110782426
2008,10,XE,468.0,0.0,10.236934553497854
2008,10,YV,566.0,0.0,9.221990589076182
2008,11,9E,738.0,0.0,6.361908203830864
2008,11,AA,1286.0,0.0,9.205085663389161
2008,11,AS,518.0,0.0,7.976503842416748
2008,11,B6,427.0,0.0,11.299355770967548
2008,11,CO,571.0,0.0,11.697642792384405
2008,11,DL,775.0,0.0,8.350311892417368
2008,11,EV,772.0,0.0,13.59480136856111
2008,11,F9,397.0,0.0,8.277212918660288
2008,11,FL,611.0,0.0,9.028084964319993
2008,11,HA,500.0,0.0,15.492452830188679
2008,11,MQ,1100.0,0.0,8.217124266472073
2008,11,NW,1240.0,0.0,6.136697590436461
2008,11,OH,465.0,0.0,12.263550272012896
2008,11,OO,355.0,0.0,7.51114290564299
2008,11,UA,484.0,0.0,9.768315748695395
2008,11,US,603.0,0.0,6.274766176751289
2008,11,WN,304.0,0.0,8.6696491602502
2008,11,XE,434.0,0.0,10.084335095186866
2008,11,YV,414.0,0.0,9.039775945622758
2008,12,9E,875.0,0.0,18.99779985805536
2008,12,AA,1280.0,0.0,17.96435316336166
2008,12,AS,810.0,0.0,22.201664532650447
2008,12,B6,504.0,0.0,25.602650176678445
2008,12,CO,1011.0,0.0,25.27733895584857
2008,12,DL,1003.0,0.0,14.7201356818832
2008,12,EV,676.0,0.0,19.59644490546466
2008,12,F9,738.0,0.0,18.954070779346356
2008,12,FL,677.0,0.0,14.78956849602011
2008,12,HA,610.0,0.0,28.2987012987013
2008,12,MQ,1428.0,0.0,22.406825959998745
2008,12,NW,1597.0,0.0,17.469221222463542
2008,12,OH,559.0,0.0,26.866401306389058
2008,12,OO,533.0,0.0,20.84923700075358
2008,12,UA,960.0,0.0,20.200496710967915
2008,12,US,539.0,0.0,12.365349232596595
2008,12,WN,659.0,0.0,22.530898415718173
2008,12,XE,756.0,0.0,21.91855263740644
2008,12,YV,592.0,0.0,21.422474502185526
2009,1,9E,637.0,0.0,9.509283819628648
2009,1,AA,996.0,0.0,13.021469999660821
2009,1,AS,814.0,0.0,11.320457796852647
2009,1,B6,442.0,0.0,12.700621340661966
2009,1,CO,800.0,0.0,11.37065917726747
2009,1,DL,606.0,0.0,7.926918741674352
2009,1,EV,577.0,0.0,13.881917252441383
2009,1,F9,578.0,0.0,10.231857198595396
2009,1,FL,777.0,0.0,8.995484935313016
2009,1,HA,879.0,0.0,19.582278481012658
2009,1,MQ,1065.0,0.0,12.822691148259798
2009,1,NW,1723.0,0.0,9.440881369270116
2009,1,OH,515.0,0.0,20.79433242506812
2009,1,OO,872.0,0.0,11.217965288035451
2009,1,UA,945.0,0.0,11.583422887847261
2009,1,US,578.0,0.0,8.450392892951244
2009,1,WN,431.0,0.0,9.629748133563048
2009,1,XE,700.0,0.0,9.735053380782919
2009,1,YV,647.0,0.0,13.367462231814143
2009,2,9E,627.0,0.0,6.192959487962761
2009,2,AA,1119.0,0.0,10.076440334948662
2009,2,AS,496.0,0.0,9.729600778967868
2009,2,B6,557.0,0.0,10.737913164380965
2009,2,CO,712.0,0.0,13.384519395322304
2009,2,DL,594.0,0.0,6.633697578926111
2009,2,EV,405.0,0.0,10.1638
2009,2,F9,613.0,0.0,6.723678556080791
2009,2,FL,542.0,0.0,9.070252163394436
2009,2,HA,893.0,0.0,17.674
2009,2,MQ,968.0,0.0,8.727724379789583
2009,2,NW,1280.0,0.0,8.603107635315908
2009,2,OH,600.0,0.0,11.265191469846366
2009,2,OO,513.0,0.0,10.458253429709396
2009,2,UA,1357.0,0.0,10.849304593031592
2009,2,US,370.0,0.0,6.48324880897495
2009,2,WN,354.0,0.0,8.136270843495383
2009,2,XE,458.0,0.0,11.690422640802174
2009,2,YV,561.0,0.0,10.604234854051166
2009,3,9E,759.0,0.0,7.55182865225298
2009,3,AA,1210.0,0.0,12.765841872865117
2009,3,AS,775.0,0.0,9.784882695360734
2009,3,B6,557.0,0.0,12.271719558856628
2009,3,CO,601.0,0.0,14.319194891379203
2009,3,DL,703.0,0.0,11.181418528798039
2009,3,EV,572.0,0.0,22.620139101526618
2009,3,F9,710.0,0.0,10.095543256626858
2009,3,FL,573.0,0.0,14.432309768164533
2009,3,HA,896.0,0.0,14.14721723518851
2009,3,MQ,1184.0,0.0,10.701650281935464
2009,3,NW,1691.0,0.0,7.143570903747245
2009,3,OH,420.0,0.0,12.58767484289479
2009,3,OO,592.0,0.0,9.28884236238332
2009,3,UA,659.0,0.0,11.514064580559255
2009,3,US,512.0,0.0,7.454737673683721
2009,3,WN,374.0,0.0,10.228556673604482
2009,3,XE,609.0,0.0,16.130726618414137
2009,3,YV,611.0,0.0,13.638109649633337
2009,4,9E,651.0,0.0,6.483840109326956
2009,4,AA,1257.0,0.0,15.998642844872014
2009,4,AS,442.0,0.0,6.855686840443763
2009,4,B6,721.0,0.0,17.232379300375833
2009,4,CO,874.0,0.0,21.183930921580586
2009,4,DL,617.0,0.0,11.816994269517531
2009,4,EV,616.0,0.0,17.543134872417983
2009,4,F9,476.0,0.0,9.961393783409227
2009,4,FL,570.0,0.0,13.530531158511083
2009,4,HA,920.0,0.0,8.646182495344506
2009,4,MQ,1004.0,0.0,12.886506213053444
2009,4,NW,1092.0,0.0,7.793043318649046
2009,4,OH,685.0,0.0,16.190943257860482
2009,4,OO,464.0,0.0,7.2085246646965215
2009,4,UA,823.0,0.0,12.334897360703811
2009,4,US,566.0,0.0,7.531861004592151
2009,4,WN,426.0,0.0,10.140993996528497
2009,4,XE,638.0,0.0,18.876678460292425
2009,4,YV,425.0,0.0,11.120869978607084
2009,5,9E,781.0,0.0,5.127323540881321
2009,5,AA,1327.0,0.0,11.811197916666666
2009,5,AS,800.0,0.0,6.429149115417018
2009,5,B6,552.0,0.0,13.376138485037053
2009,5,CO,979.0,0.0,10.238564147737998
2009,5,DL,699.0,0.0,8.348627752590673
2009,5,EV,640.0,0.0,13.772156697556866
2009,5,F9,444.0,0.0,8.147104423164615
2009,5,FL,727.0,0.0,12.234553819246416
2009,5,HA,875.0,0.0,13.071813285457809
2009,5,MQ,912.0,0.0,11.78132183908046
2009,5,NW,1210.0,0.0,7.11514209724173
2009,5,OH,380.0,0.0,14.563657230298393
2009,5,OO,495.0,0.0,7.099152695150532
2009,5,UA,645.0,0.0,12.05261528253898
2009,5,US,667.0,0.0,7.4796794504865485
2009,5,WN,433.0,0.0,10.148505515919163
2009,5,XE,582.0,0.0,11.58441664957966
2009,5,YV,535.0,0.0,10.208065458796026
2009,6,9E,703.0,0.0,9.272984174830444
2009,6,AA,1177.0,0.0,18.248729482865187
2009,6,AS,453.0,0.0,6.684184473228282
2009,6,B6,464.0,0.0,19.903780068728523
2009,6,CO,740.0,0.0,13.797072625003885
2009,6,DL,767.0,0.0,12.382257577283255
2009,6,EV,495.0,0.0,15.295011180507364
2009,6,F9,589.0,0.0,15.154915316642121
2009,6,FL,799.0,0.0,15.625285325086518
2009,6,HA,401.0,0.0,6.225524475524476
2009,6,MQ,986.0,0.0,13.634891131173658
2009,6,NW,1439.0,0.0,12.234356814277005
2009,6,OH,590.0,0.0,20.802929978480385
2009,6,OO,578.0,0.0,10.571392287177751
2009,6,UA,1409.0,0.0,17.36959505833905
2009,6,US,542.0,0.0,8.50524290975627
2009,6,WN,517.0,0.0,14.899031237011222
2009,6,XE,674.0,0.0,12.085378009507744
2009,6,YV,481.0,0.0,15.588920790407025
2009,7,9E,608.0,0.0,10.735219569702329
2009,7,AA,1234.0,0.0,16.073015717413327
2009,7,AS,428.0,0.0,6.3120847832964255
2009,7,B6,505.0,0.0,18.93298698572628
2009,7,CO,939.0,0.0,14.443083358231252
2009,7,DL,854.0,0.0,13.39195004803074
2009,7,EV,721.0,0.0,19.430812506761875
2009,7,F9,747.0,0.0,12.524409728386296
2009,7,FL,748.0,0.0,18.525726360274696
2009,7,HA,949.0,0.0,12.82741935483871
2009,7,MQ,1145.0,0.0,11.592233825135082
2009,7,NW,2445.0,0.0,11.23236557470372
2009,7,OH,660.0,0.0,19.29678217821782
2009,7,OO,592.0,0.0,8.158905178432097
2009,7,UA,783.0,0.0,12.860776522207045
2009,7,US,597.0,0.0,7.918086321077872
2009,7,WN,612.0,0.0,12.941728157747876
2009,7,XE,548.0,0.0,13.471400036317414
2009,7,YV,949.0,0.0,12.388253159065025
2009,8,9E,508.0,0.0,10.781063618290258
2009,8,AA,1139.0,0.0,13.099400101345276
2009,8,AS,514.0,0.0,5.80286193940363
2009,8,B6,571.0,0.0,15.766556724778807
2009,8,CO,719.0,0.0,12.321161301956542
2009,8,DL,881.0,0.0,10.643517897841534
2009,8,EV,555.0,0.0,17.12690108740331
2009,8,F9,703.0,0.0,7.789746337977849
2009,8,FL,596.0,0.0,14.225089734386216
2009,8,HA,882.0,0.0,8.863105175292153
2009,8,MQ,1077.0,0.0,11.28887473695869
2009,8,NW,1691.0,0.0,12.774849439195537
2009,8,OH,568.0,0.0,18.126937726990874
2009,8,OO,510.0,0.0,8.02627511591963
2009,8,UA,1214.0,0.0,12.696796886382085
2009,8,US,428.0,0.0,7.407358768777072
2009,8,WN,672.0,0.0,12.063586947858385
2009,8,XE,560.0,0.0,10.758273224835985
2009,8,YV,446.0,0.0,12.110390680806638
2009,9,9E,822.0,0.0,6.402179062055898
2009,9,AA,1287.0,0.0,7.9129507222047355
2009,9,AS,425.0,0.0,4.155494310099574
2009,9,B6,404.0,0.0,5.7458758109360515
2009,9,CO,961.0,0.0,5.2271260945088445
2009,9,DL,789.0,0.0,8.58664901977004
2009,9,EV,445.0,0.0,14.103656612110555
2009,9,F9,432.0,0.0,5.519651073619632
2009,9,FL,579.0,0.0,8.931796187991754
2009,9,HA,935.0,0.0,10.573385518590998
2009,9,MQ,965.0,0.0,7.635493619879114
2009,9,NW,911.0,0.0,5.789440748303801
2009,9,OH,410.0,0.0,8.1802451333814
2009,9,OO,678.0,0.0,6.2808968887512995
2009,9,UA,1212.0,0.0,7.640212503203859
2009,9,US,504.0,0.0,4.2551553948397185
2009,9,WN,421.0,0.0,7.264314720812183
2009,9,XE,545.0,0.0,4.940099694215222
2009,9,YV,538.0,0.0,7.71299308060796
2009,10,9E,984.0,0.0,10.011022044088177
2009,10,AA,1204.0,0.0,13.699189879412113
2009,10,AS,710.0,0.0,6.172479611313552
2009,10,B6,660.0,0.0,8.483663335989702
2009,10,CO,649.0,0.0,11.531197579186264
2009,10,DL,624.0,0.0,9.10044365572316
2009,10,EV,331.0,0.0,13.831049818067472
2009,10,F9,784.0,0.0,14.150247021214764
2009,10,FL,693.0,0.0,11.810077055136343
2009,10,HA,895.0,0.0,11.261363636363637
2009,10,MQ,922.0,0.0,11.757251616776271
2009,10,NW,1196.0,0.0,15.071419375603476
2009,10,OH,840.0,0.0,12.37401801111324
2009,10,OO,549.0,0.0,11.397794849004296
2009,10,UA,527.0,0.0,10.134941627143379
2009,10,US,599.0,0.0,6.607184402773254
2009,10,WN,565.0,0.0,13.497565134696421
2009,10,XE,571.0,0.0,14.316396572032005
2009,10,YV,403.0,0.0,12.41414370917353
2009,11,9E,614.0,0.0,5.024869746439736
2009,11,AA,1240.0,0.0,6.933857433088949
2009,11,AS,568.0,0.0,4.593629715165512
2009,11,B6,814.0,0.0,6.187692493508062
2009,11,CO,475.0,0.0,9.13691233621075
2009,11,DL,704.0,0.0,6.016058216115131
2009,11,EV,439.0,0.0,10.198925200978678
2009,11,F9,743.0,0.0,6.363684489147698
2009,11,FL,772.0,0.0,8.644442593595135
2009,11,HA,679.0,0.0,9.927875243664717
2009,11,MQ,887.0,0.0,6.124076476228075
2009,11,NW,1045.0,0.0,5.506431618235137
2009,11,OH,655.0,0.0,7.765877690907144
2009,11,OO,400.0,0.0,4.7540606942991035
2009,11,UA,1021.0,0.0,5.199411498415572
2009,11,US,594.0,0.0,4.528362693547215
2009,11,WN,364.0,0.0,5.629246980210743
2009,11,XE,393.0,0.0,6.886734652746987
2009,11,YV,481.0,0.0,6.733353010625738
2009,12,9E,1044.0,0.0,11.390018358604745
2009,12,AA,1279.0,0.0,16.348967297762478
2009,12,AS,685.0,0.0,7.6835778513961195
2009,12,B6,496.0,0.0,19.323449979888526
2009,12,CO,816.0,0.0,16.9202545490703
2009,12,DL,733.0,0.0,10.75726563977557
2009,12,EV,494.0,0.0,15.168487917555082
2009,12,F9,545.0,0.0,13.846128962691395
2009,12,FL,1050.0,0.0,16.914064146331185
2009,12,HA,412.0,0.0,11.406028368794326
2009,12,MQ,1093.0,0.0,17.34213514221666
2009,12,NW,1113.0,0.0,12.921445327772709
2009,12,OH,610.0,0.0,17.604155623873634
2009,12,OO,863.0,0.0,16.534066973305247
2009,12,UA,622.0,0.0,13.657545707325475
2009,12,US,648.0,0.0,9.283074557269705
2009,12,WN,400.0,0.0,16.80343595104023
2009,12,XE,586.0,0.0,16.34174070170155
2009,12,YV,492.0,0.0,17.495423748959944
2010,1,9E,1184.0,0.0,10.3951226102817
2010,1,AA,1175.0,0.0,10.541558219178082
2010,1,AS,391.0,0.0,6.806280667320903
2010,1,B6,556.0,0.0,16.98323860341028
2010,1,CO,864.0,0.0,10.946857489560655
2010,1,DL,1168.0,0.0,10.127133227238028
2010,1,EV,591.0,0.0,11.730016383547468
2010,1,F9,491.0,0.0,8.36
2010,1,FL,657.0,0.0,10.057722518964047
2010,1,HA,1035.0,0.0,14.565693430656934
2010,1,MQ,947.0,0.0,12.001027749229188
2010,1,OH,770.0,0.0,13.560323637853338
2010,1,OO,739.0,0.0,12.946497506416543
2010,1,UA,1360.0,0.0,9.667431719072756
2010,1,US,520.0,0.0,7.668581332012875
2010,1,WN,473.0,0.0,12.850909588291616
2010,1,XE,633.0,0.0,11.421183659612991
2010,1,YV,502.0,0.0,10.064966251298028
2010,2,9E,1111.0,0.0,16.98982897611693
2010,2,AA,1239.0,0.0,12.743460881713753
2010,2,AS,532.0,0.0,6.312256388046774
2010,2,B6,609.0,0.0,17.934075015893196
2010,2,CO,803.0,0.0,9.714256751277269
2010,2,DL,1267.0,0.0,12.273142358586593
2010,2,EV,506.0,0.0,16.51160701621673
2010,2,F9,350.0,0.0,8.129061889998852
2010,2,FL,588.0,0.0,12.893587716165893
2010,2,HA,232.0,0.0,6.908141962421712
2010,2,MQ,1072.0,0.0,11.53378247068731
2010,2,OH,590.0,0.0,16.840359960552266
2010,2,OO,547.0,0.0,11.750981430020731
2010,2,UA,914.0,0.0,9.550932768188282
2010,2,US,786.0,0.0,7.60892552586697
2010,2,WN,376.0,0.0,11.000757031659452
2010,2,XE,596.0,0.0,12.009925154572079
2010,2,YV,566.0,0.0,10.708345797188155
2010,3,9E,525.0,0.0,8.607683427398666
2010,3,AA,1074.0,0.0,13.722975338902506
2010,3,AS,565.0,0.0,6.101597744360903
2010,3,B6,648.0,0.0,18.128818413237166
2010,3,CO,843.0,0.0,12.280830748858765
2010,3,DL,1091.0,0.0,11.816089139218807
2010,3,EV,462.0,0.0,14.246531826772287
2010,3,F9,871.0,0.0,11.519493985897968
2010,3,FL,644.0,0.0,13.188693823239044
2010,3,HA,519.0,0.0,17.08712121212121
2010,3,MQ,1184.0,0.0,10.557039371820395
2010,3,OH,480.0,0.0,12.875062121061525
2010,3,OO,737.0,0.0,9.11297159406947
2010,3,UA,437.0,0.0,9.887499113328447
2010,3,US,684.0,0.0,7.734911940261846
2010,3,WN,513.0,0.0,12.512266849936868
2010,3,XE,631.0,0.0,14.151921445814576
2010,3,YV,425.0,0.0,9.49511901577962
2010,4,9E,596.0,0.0,6.716930220883534
2010,4,AA,1039.0,0.0,9.855117203850984
2010,4,AS,428.0,0.0,4.455200922899443
2010,4,B6,520.0,0.0,9.440362984296039
2010,4,CO,737.0,0.0,7.2487401660443025
2010,4,DL,1188.0,0.0,8.306955927146143
2010,4,EV,427.0,0.0,9.268871283603348
2010,4,F9,449.0,0.0,6.716540404040404
2010,4,FL,509.0,0.0,6.728350871140245
2010,4,HA,843.0,0.0,17.36822429906542
2010,4,MQ,918.0,0.0,9.062570664313487
2010,4,OH,448.0,0.0,9.060140817523958
2010,4,OO,508.0,0.0,8.358266701057518
2010,4,UA,551.0,0.0,7.4986059942248335
2010,4,US,442.0,0.0,4.699664765335735
2010,4,WN,364.0,0.0,9.738438491648008
2010,4,XE,406.0,0.0,7.588551508438131
2010,4,YV,425.0,0.0,7.443748199366177
2010,5,9E,720.0,0.0,11.32884798476674
2010,5,AA,1241.0,0.0,14.120747384674104
2010,5,AS,443.0,0.0,4.323744816024001
2010,5,B6,533.0,0.0,11.464902058709283
2010,5,CO,938.0,0.0,10.750422594731653
2010,5,DL,967.0,0.0,12.977697013750076
2010,5,EV,461.0,0.0,13.93907178273105
2010,5,F9,568.0,0.0,10.890027866242038
2010,5,FL,594.0,0.0,9.266693354683747
2010,5,HA,746.0,0.0,5.922661870503597
2010,5,MQ,960.0,0.0,14.27179402722881
2010,5,OH,660.0,0.0,17.800281860277835
2010,5,OO,588.0,0.0,9.726061099165069
2010,5,UA,857.0,0.0,10.853149241352392
2010,5,US,527.0,0.0,6.103384229442555
2010,5,WN,466.0,0.0,12.402594794964863
2010,5,XE,504.0,0.0,13.246978686003077
2010,5,YV,388.0,0.0,9.496429138232026
2010,6,9E,585.0,0.0,14.341362821279139
2010,6,AA,901.0,0.0,15.013145805357269
2010,6,AS,360.0,0.0,5.928279883381924
2010,6,B6,386.0,0.0,13.101610095735422
2010,6,CO,826.0,0.0,10.65402859892754
2010,6,DL,1116.0,0.0,16.94079330676548
2010,6,EV,466.0,0.0,14.312180011186163
2010,6,F9,1014.0,0.0,13.574463860206514
2010,6,FL,622.0,0.0,11.493014049522627
2010,6,HA,820.0,0.0,9.325663716814159
2010,6,MQ,1324.0,0.0,18.006593906321054
2010,6,OH,680.0,0.0,20.46844106463878
2010,6,OO,605.0,0.0,12.755527371848263
2010,6,UA,468.0,0.0,13.808410646017483
2010,6,US,571.0,0.0,7.5869118677654
2010,6,WN,440.0,0.0,14.686247483351401
2010,6,XE,565.0,0.0,16.680899756090216
2010,6,YV,378.0,0.0,10.965870880968392
2010,7,9E,573.0,0.0,12.946350094172708
2010,7,AA,1513.0,0.0,12.959977062286013
2010,7,AS,553.0,0.0,5.6716784046846564
2010,7,B6,532.0,0.0,16.201588089330023
2010,7,CO,975.0,0.0,14.418174534285905
2010,7,DL,1046.0,0.0,18.320565045242414
2010,7,EV,721.0,0.0,16.522515078906057
2010,7,F9,668.0,0.0,13.303262221371854
2010,7,FL,811.0,0.0,13.254081363345021
2010,7,HA,1172.0,0.0,16.851132686084142
2010,7,MQ,1537.0,0.0,15.426711655463748
2010,7,OH,445.0,0.0,17.748056314351754
2010,7,OO,633.0,0.0,10.304099177212855
2010,7,UA,511.0,0.0,11.593092244667325
2010,7,US,641.0,0.0,8.21620727934056
2010,7,WN,563.0,0.0,14.607295099313722
2010,7,XE,545.0,0.0,18.02977374261421
2010,7,YV,463.0,0.0,10.196532741763207
2010,8,9E,502.0,0.0,9.378482011954437
2010,8,AA,1342.0,0.0,11.295288853134899
2010,8,AS,526.0,0.0,5.247386481525816
2010,8,B6,467.0,0.0,14.97587370929309
2010,8,CO,719.0,0.0,8.550001675097993
2010,8,DL,980.0,0.0,12.515805454034298
2010,8,EV,463.0,0.0,13.981103928393834
2010,8,F9,825.0,0.0,8.610921824720803
2010,8,FL,572.0,0.0,11.039957540374555
2010,8,HA,925.0,0.0,14.529220779220779
2010,8,MQ,1182.0,0.0,10.74296931130042
2010,8,OH,385.0,0.0,11.92454582989265
2010,8,OO,745.0,0.0,10.59040644722074
2010,8,UA,1137.0,0.0,9.810345627464626
2010,8,US,518.0,0.0,6.8327758415007835
2010,8,WN,426.0,0.0,11.78889696089115
2010,8,XE,447.0,0.0,9.063897022584293
2010,8,YV,410.0,0.0,7.633001890048484
2010,9,9E,433.0,0.0,8.01434184675835
2010,9,AA,1192.0,0.0,9.274454043032677
2010,9,AS,425.0,0.0,4.005024239753196
2010,9,B6,416.0,0.0,12.772666218938886
2010,9,CO,716.0,0.0,6.884582796095045
2010,9,DL,768.0,0.0,8.69509770067039
2010,9,EV,449.0,0.0,11.574554145982717
2010,9,F9,774.0,0.0,7.094768528129541
2010,9,FL,810.0,0.0,5.178255925828742
2010,9,HA,947.0,0.0,11.933823529411764
2010,9,MQ,1039.0,0.0,8.557246071089548
2010,9,OH,460.0,0.0,10.19555264879006
2010,9,OO,752.0,0.0,7.292490277053847
2010,9,UA,828.0,0.0,6.168684262750546
2010,9,US,503.0,0.0,5.134344735461094
2010,9,WN,416.0,0.0,8.132146503318019
2010,9,XE,489.0,0.0,7.080437472825178
2010,9,YV,345.0,0.0,4.884312320916905
2010,10,9E,605.0,0.0,7.410517335933216
2010,10,AA,1028.0,0.0,8.041921169407466
2010,10,AS,382.0,0.0,4.932304454577341
2010,10,B6,427.0,0.0,13.28282667515518
2010,10,CO,760.0,0.0,7.133926457156388
2010,10,DL,818.0,0.0,9.958593044002132
2010,10,EV,533.0,0.0,14.133643617021276
2010,10,F9,449.0,0.0,7.9805174724255235
2010,10,FL,527.0,0.0,6.331994813234617
2010,10,HA,469.0,0.0,6.609154929577465
2010,10,MQ,1161.0,0.0,6.810707698526997
2010,10,OH,580.0,0.0,10.327599388379205
2010,10,OO,525.0,0.0,9.6921292656078
2010,10,UA,451.0,0.0,6.551897041617917
2010,10,US,749.0,0.0,6.3459029946720555
2010,10,WN,466.0,0.0,14.318078331230963
2010,10,XE,515.0,0.0,7.778408911609707
2010,10,YV,315.0,0.0,7.183905103259942
2010,11,9E,594.0,0.0,7.0892417368762155
2010,11,AA,1626.0,0.0,7.9233846985671805
2010,11,AS,534.0,0.0,7.0307490390925285
2010,11,B6,451.0,0.0,10.666540663138568
2010,11,CO,473.0,0.0,7.830328922232642
2010,11,DL,745.0,0.0,9.388555431952373
2010,11,EV,507.0,0.0,12.857084672127439
2010,11,F9,389.0,0.0,7.38903453778639
2010,11,FL,599.0,0.0,6.1110479107416324
2010,11,HA,348.0,0.0,8.828729281767956
2010,11,MQ,806.0,0.0,7.789539860888175
2010,11,OH,850.0,0.0,8.547780845190061
2010,11,OO,684.0,0.0,10.398895229585102
2010,11,UA,539.0,0.0,5.502418054809242
2010,11,US,514.0,0.0,4.795324563911924
2010,11,WN,513.0,0.0,12.353190529149138
2010,11,XE,364.0,0.0,6.849119568304459
2010,11,YV,255.0,0.0,4.926261205835823
2010,12,9E,685.0,0.0,18.06465369007497
2010,12,AA,1445.0,0.0,11.25244552742169
2010,12,AS,461.0,0.0,8.968843946433452
2010,12,B6,586.0,0.0,23.368802969035617
2010,12,CO,1170.0,0.0,17.787203450754852
2010,12,DL,1136.0,0.0,14.967898182368597
2010,12,EV,553.0,0.0,19.75833446727446
2010,12,F9,378.0,0.0,11.090604414653876
2010,12,FL,498.0,0.0,8.408760402978537
2010,12,HA,776.0,0.0,14.613175675675675
2010,12,MQ,1218.0,0.0,12.517010236993409
2010,12,OH,415.0,0.0,16.676261391420315
2010,12,OO,627.0,0.0,19.350882793017455
2010,12,UA,494.0,0.0,10.522661523625844
2010,12,US,757.0,0.0,9.129313240869607
2010,12,WN,540.0,0.0,20.674222088091874
2010,12,XE,659.0,0.0,15.396721087038369
2010,12,YV,337.0,0.0,10.824854840107461
2011,1,AA,1046.0,0.0,10.392100158702169
2011,1,AS,436.0,0.0,6.295029895366218
2011,1,B6,431.0,0.0,18.495319244352263
2011,1,CO,1034.0,0.0,11.689418431472266
2011,1,DL,884.0,0.0,10.140556138509968
2011,1,EV,465.0,0.0,16.277817866936065
2011,1,F9,668.0,0.0,11.652582718400382
2011,1,FL,621.0,0.0,9.172734886929103
2011,1,HA,601.0,0.0,11.050434782608695
2011,1,MQ,1216.0,0.0,11.052706669959118
2011,1,OO,896.0,0.0,13.55517541431001
2011,1,UA,534.0,0.0,8.186759868421053
2011,1,US,667.0,0.0,6.839457514259835
2011,1,WN,424.0,0.0,15.056025872729002
2011,1,XE,494.0,0.0,10.123581386216376
2011,1,YV,444.0,0.0,8.37274205202312
2011,2,AA,1169.0,0.0,13.829049309983052
2011,2,AS,359.0,0.0,7.0119363395225465
2011,2,B6,444.0,0.0,18.46256700596278
2011,2,CO,1040.0,0.0,10.607340998633111
2011,2,DL,870.0,0.0,10.229562530721157
2011,2,EV,452.0,0.0,13.601454765873617
2011,2,F9,667.0,0.0,12.341732084071918
2011,2,FL,635.0,0.0,7.607500521593991
2011,2,HA,459.0,0.0,9.466796875
2011,2,MQ,1117.0,0.0,16.987847108787978
2011,2,OO,719.0,0.0,12.08896890918672
2011,2,UA,836.0,0.0,9.645681707908782
2011,2,US,640.0,0.0,7.301667403688578
2011,2,WN,522.0,0.0,14.462697788268205
2011,2,XE,524.0,0.0,16.864470053562734
2011,2,YV,610.0,0.0,7.7630754162585704
2011,3,AA,1545.0,0.0,10.75304587530629
2011,3,AS,510.0,0.0,11.025846859562456
2011,3,B6,481.0,0.0,17.822843937456977
2011,3,CO,896.0,0.0,11.511569835192276
2011,3,DL,841.0,0.0,10.389103727982269
2011,3,EV,454.0,0.0,18.12717004810709
2011,3,F9,465.0,0.0,10.0929203539823
2011,3,FL,493.0,0.0,8.60261337432744
2011,3,HA,394.0,0.0,9.182142857142857
2011,3,MQ,1157.0,0.0,10.47512308888313
2011,3,OO,563.0,0.0,11.22008583690987
2011,3,UA,1399.0,0.0,9.718653964351567
2011,3,US,432.0,0.0,6.667172770123278
2011,3,WN,469.0,0.0,14.29839135021097
2011,3,XE,527.0,0.0,13.111746299193646
2011,3,YV,325.0,0.0,7.487441324219715
2011,4,AA,1113.0,0.0,15.841231852177739
2011,4,AS,388.0,0.0,4.973387740619178
2011,4,B6,589.0,0.0,20.4554789349172
2011,4,CO,590.0,0.0,14.14003060018082
2011,4,DL,844.0,0.0,11.107757460037698
2011,4,EV,586.0,0.0,20.17649250256124
2011,4,F9,586.0,0.0,10.186018034064343
2011,4,FL,623.0,0.0,10.438321825937816
2011,4,HA,642.0,0.0,9.411873840445269
2011,4,MQ,1046.0,0.0,15.814465991163788
2011,4,OO,479.0,0.0,8.531234262001169
2011,4,UA,651.0,0.0,10.893309730534716
2011,4,US,500.0,0.0,8.88116940596665
2011,4,WN,561.0,0.0,15.926248687565622
2011,4,XE,663.0,0.0,17.81516709511568
2011,4,YV,737.0,0.0,9.760985797827903
2011,5,AA,1150.0,0.0,17.917112585616437
2011,5,AS,661.0,0.0,5.46243952126305
2011,5,B6,549.0,0.0,14.947535455717544
2011,5,CO,711.0,0.0,12.87949622166247
2011,5,DL,1007.0,0.0,10.033051301773769
2011,5,EV,441.0,0.0,17.115753267599175
2011,5,F9,547.0,0.0,15.346161555421928
2011,5,FL,733.0,0.0,9.837799546632125
2011,5,HA,373.0,0.0,9.049833887043189
2011,5,MQ,1638.0,0.0,17.57489554856347
2011,5,OO,580.0,0.0,9.425056415535057
2011,5,UA,785.0,0.0,13.570837837837837
2011,5,US,565.0,0.0,10.63772780850485
2011,5,WN,521.0,0.0,15.998421283438093
2011,5,XE,898.0,0.0,15.615247479822372
2011,5,YV,428.0,0.0,9.338266557645134
2011,6,AA,1210.0,0.0,13.255811148444904
2011,6,AS,660.0,0.0,4.302017244184155
2011,6,B6,504.0,0.0,18.328289730573996
2011,6,CO,939.0,0.0,14.704724024386268
2011,6,DL,1100.0,0.0,12.997188940092165
2011,6,EV,1040.0,0.0,25.73754572374151
2011,6,F9,958.0,0.0,13.328046421663442
2011,6,FL,525.0,0.0,12.085369625734613
2011,6,HA,903.0,0.0,12.017211703958692
2011,6,MQ,1155.0,0.0,13.241265757653718
2011,6,OO,600.0,0.0,11.050703693208652
2011,6,UA,1205.0,0.0,17.122660376390954
2011,6,US,520.0,0.0,12.000793576696854
2011,6,WN,489.0,0.0,13.355581458935946
2011,6,XE,620.0,0.0,15.874797659071099
2011,6,YV,451.0,0.0,12.641798418972332
2011,7,AA,1126.0,0.0,13.330119398511265
2011,7,AS,596.0,0.0,5.720758858576356
2011,7,B6,632.0,0.0,16.31704885343968
2011,7,CO,901.0,0.0,14.751174008880938
2011,7,DL,874.0,0.0,13.215435469962634
2011,7,EV,549.0,0.0,23.896227910294
2011,7,F9,811.0,0.0,15.809956464130229
2011,7,FL,772.0,0.0,11.579369520611825
2011,7,HA,978.0,0.0,14.067736185383245
2011,7,MQ,1173.0,0.0,11.408135962739074
2011,7,OO,590.0,0.0,13.811451455785258
2011,7,UA,1236.0,0.0,18.042759407069557
2011,7,US,552.0,0.0,11.488058815471026
2011,7,WN,606.0,0.0,13.006685095340178
2011,7,XE,824.0,0.0,16.6569848661234
2011,7,YV,515.0,0.0,14.26090771316902
2011,8,AA,1123.0,0.0,13.143974482957534
2011,8,AS,568.0,0.0,5.16375786163522
2011,8,B6,533.0,0.0,26.811857052313393
2011,8,CO,992.0,0.0,15.199594532731671
2011,8,DL,882.0,0.0,10.624871275476139
2011,8,EV,551.0,0.0,15.843928980526918
2011,8,F9,381.0,0.0,8.483129673536386
2011,8,FL,428.0,0.0,9.294921057637437
2011,8,HA,907.0,0.0,11.700716845878135
2011,8,MQ,1075.0,0.0,10.696838577359811
2011,8,OO,663.0,0.0,10.635180825264202
2011,8,UA,455.0,0.0,13.559891585313826
2011,8,US,633.0,0.0,11.169026422956719
2011,8,WN,596.0,0.0,12.89476055519221
2011,8,XE,659.0,0.0,12.30885089040489
2011,8,YV,375.0,0.0,10.569931188990239
2011,9,AA,1386.0,0.0,10.050121160287933
2011,9,AS,443.0,0.0,3.834317984361425
2011,9,B6,436.0,0.0,12.629382132209315
2011,9,CO,748.0,0.0,8.762923602069185
2011,9,DL,803.0,0.0,6.5323968631120195
2011,9,EV,723.0,0.0,11.308920313055852
2011,9,F9,470.0,0.0,6.676470588235294
2011,9,FL,574.0,0.0,5.988562237512286
2011,9,HA,914.0,0.0,17.59045725646123
2011,9,MQ,1026.0,0.0,7.350573670715599
2011,9,OO,615.0,0.0,7.330909665691931
2011,9,UA,1210.0,0.0,8.511106731608434
2011,9,US,473.0,0.0,7.105207383493112
2011,9,WN,503.0,0.0,11.150822470515209
2011,9,XE,702.0,0.0,12.18303424702557
2011,9,YV,487.0,0.0,8.13694210431977
2011,10,AA,1401.0,0.0,8.854704877453544
2011,10,AS,729.0,0.0,4.016596439934646
2011,10,B6,639.0,0.0,13.651159289370671
2011,10,CO,676.0,0.0,9.173520228525875
2011,10,DL,1200.0,0.0,5.603368627123298
2011,10,EV,534.0,0.0,10.30144511112989
2011,10,F9,448.0,0.0,7.339564174330268
2011,10,FL,588.0,0.0,4.344100821540711
2011,10,HA,928.0,0.0,15.576923076923077
2011,10,MQ,955.0,0.0,7.009256239809357
2011,10,OO,444.0,0.0,7.319687615634798
2011,10,UA,1294.0,0.0,8.38775961113566
2011,10,US,639.0,0.0,5.460853269168479
2011,10,WN,479.0,0.0,9.40300201627959
2011,10,XE,529.0,0.0,10.901391546920108
2011,10,YV,508.0,0.0,6.582585200034864
2011,11,AA,730.0,0.0,9.420156379219607
2011,11,AS,882.0,0.0,6.657492069415936
2011,11,B6,426.0,0.0,8.619422840769545
2011,11,CO,660.0,0.0,8.71872037914692
2011,11,DL,946.0,0.0,6.060669193503853
2011,11,EV,581.0,0.0,11.81912361752765
2011,11,F9,288.0,0.0,7.450015669069257
2011,11,FL,579.0,0.0,5.012598637015782
2011,11,HA,1131.0,0.0,11.288640595903166
2011,11,MQ,1371.0,0.0,8.38207774153879
2011,11,OO,446.0,0.0,10.116520650813516
2011,11,UA,840.0,0.0,9.275926766530489
2011,11,US,607.0,0.0,5.464079843742557
2011,11,WN,613.0,0.0,8.477614093583188
2011,11,XE,846.0,0.0,11.423174061433446
2011,11,YV,391.0,0.0,6.183638730349454
2011,12,AA,1154.0,0.0,9.235990804597701
2011,12,AS,693.0,0.0,5.483273431020183
2011,12,B6,358.0,0.0,10.310630908740112
2011,12,CO,650.0,0.0,10.724350969438055
2011,12,DL,953.0,0.0,6.756598351836145
2011,12,EV,807.0,0.0,12.711302267813608
2011,12,F9,737.0,0.0,13.82877063467651
2011,12,FL,558.0,0.0,4.136685714285714
2011,12,HA,806.0,0.0,10.909420289855072
2011,12,MQ,1228.0,0.0,8.696508860089923
2011,12,OO,464.0,0.0,10.277999044129361
2011,12,UA,1397.0,0.0,9.68876943193375
2011,12,US,525.0,0.0,5.3382969045510045
2011,12,WN,421.0,0.0,9.102946893709666
2011,12,XE,705.0,0.0,16.54600922972094
2011,12,YV,545.0,0.0,6.01564401181992
2012,1,AA,1458.0,0.0,8.384336383188131
2012,1,AS,501.0,0.0,9.785602961231248
2012,1,B6,502.0,0.0,10.309130122214235
2012,1,DL,953.0,0.0,7.0295592366051505
2012,1,EV,723.0,0.0,13.589716803737963
2012,1,F9,724.0,0.0,12.222272215973003
2012,1,FL,692.0,0.0,4.8386262744524124
2012,1,HA,1463.0,0.0,17.146840148698885
2012,1,MQ,1247.0,0.0,8.616796647036978
2012,1,OO,755.0,0.0,9.66409243531503
2012,1,UA,1126.0,0.0,10.299378200438918
2012,1,US,397.0,0.0,6.435429056924384
2012,1,VX,385.0,0.0,15.534225568102608
2012,1,WN,513.0,0.0,9.541560949143888
2012,1,YV,325.0,0.0,7.627107215104518
2012,2,AA,1274.0,0.0,7.177946566904735
2012,2,AS,432.0,0.0,4.712885015351095
2012,2,B6,497.0,0.0,8.278048269724097
2012,2,DL,1107.0,0.0,5.677117246920935
2012,2,EV,816.0,0.0,13.57898178791542
2012,2,F9,573.0,0.0,14.49562363238512
2012,2,FL,590.0,0.0,3.297010001570927
2012,2,HA,1055.0,0.0,10.166666666666666
2012,2,MQ,1163.0,0.0,6.731083596342154
2012,2,OO,544.0,0.0,7.664467888968555
2012,2,UA,1117.0,0.0,9.14117586946895
2012,2,US,588.0,0.0,4.3596787306905815
2012,2,VX,267.0,0.0,5.045966785290629
2012,2,WN,410.0,0.0,7.163933072361792
2012,2,YV,430.0,0.0,5.862992451659601
2012,3,AA,1099.0,0.0,11.24809252130877
2012,3,AS,483.0,0.0,7.627884446010217
2012,3,B6,537.0,0.0,11.190990492015139
2012,3,DL,1015.0,0.0,8.030846657676749
2012,3,EV,680.0,0.0,18.54374922209776
2012,3,F9,668.0,0.0,11.387304310529702
2012,3,FL,615.0,0.0,4.094529797436149
2012,3,HA,1563.0,0.0,15.02787456445993
2012,3,MQ,1467.0,0.0,9.705306348487136
2012,3,OO,768.0,0.0,11.139462130503563
2012,3,UA,1200.0,0.0,13.886143183572175
2012,3,US,761.0,0.0,5.247097806730834
2012,3,VX,478.0,0.0,23.506401881369218
2012,3,WN,559.0,0.0,9.484042630319728
2012,3,YV,643.0,0.0,8.09378899875204
2012,4,AA,1202.0,0.0,10.284533347867953
2012,4,AS,380.0,0.0,5.002485795454546
2012,4,B6,525.0,0.0,8.233181299885976
2012,4,DL,1068.0,0.0,5.543813454496466
2012,4,EV,864.0,0.0,11.163731816690364
2012,4,F9,542.0,0.0,8.887970615243342
2012,4,FL,683.0,0.0,2.930405965202983
2012,4,HA,989.0,0.0,14.39080459770115
2012,4,MQ,1492.0,0.0,7.700917119565218
2012,4,OO,490.0,0.0,7.459340370877318
2012,4,UA,777.0,0.0,10.960224591865622
2012,4,US,502.0,0.0,4.057664960182025
2012,4,VX,364.0,0.0,9.602368866328257
2012,4,WN,377.0,0.0,8.703132119288034
2012,4,YV,390.0,0.0,5.665851670741646
2012,5,AA,1831.0,0.0,12.35215696998701
2012,5,AS,353.0,0.0,4.343491000418585
2012,5,B6,492.0,0.0,10.209160084762088
2012,5,DL,839.0,0.0,7.755324471126358
2012,5,EV,837.0,0.0,14.632454998915637
2012,5,F9,518.0,0.0,8.402057526768843
2012,5,FL,810.0,0.0,6.393188854489164
2012,5,HA,1222.0,0.0,13.713523131672599
2012,5,MQ,1144.0,0.0,8.961810399867577
2012,5,OO,543.0,0.0,7.892519106681295
2012,5,UA,1150.0,0.0,14.011905671623543
2012,5,US,460.0,0.0,5.817753284904242
2012,5,VX,409.0,0.0,7.494866780738206
2012,5,WN,418.0,0.0,10.723374134873877
2012,5,YV,440.0,0.0,8.305702011325913
2012,6,AA,1435.0,0.0,12.23038522786237
2012,6,AS,493.0,0.0,5.668532489656851
2012,6,B6,524.0,0.0,17.642327438676553
2012,6,DL,1085.0,0.0,9.602878329367737
2012,6,EV,771.0,0.0,16.46385984835833
2012,6,F9,911.0,0.0,12.466324499842882
2012,6,FL,586.0,0.0,8.24709677419355
2012,6,HA,1526.0,0.0,12.212403100775195
2012,6,MQ,1324.0,0.0,9.777235036218071
2012,6,OO,978.0,0.0,10.068223945867151
2012,6,UA,1187.0,0.0,20.370251088447546
2012,6,US,618.0,0.0,6.596891095108252
2012,6,VX,460.0,0.0,16.068726823238567
2012,6,WN,487.0,0.0,13.539589274710156
2012,6,YV,583.0,0.0,7.256669207317073
2012,7,AA,1174.0,0.0,13.962492847110232
2012,7,AS,741.0,0.0,7.407704905248382
2012,7,B6,519.0,0.0,18.748330007807755
2012,7,DL,1114.0,0.0,13.623592373731743
2012,7,EV,727.0,0.0,24.227680124583756
2012,7,F9,693.0,0.0,11.389438943894389
2012,7,FL,596.0,0.0,13.75616803734163
2012,7,HA,1096.0,0.0,15.044137931034482
2012,7,MQ,1543.0,0.0,14.433084488683493
2012,7,OO,454.0,0.0,12.21034700100506
2012,7,UA,978.0,0.0,26.943830787309047
2012,7,US,438.0,0.0,8.335134035531848
2012,7,VX,441.0,0.0,13.950673696543644
2012,7,WN,487.0,0.0,15.638416673577135
2012,7,YV,429.0,0.0,12.212089300758214
2012,8,AA,1170.0,0.0,13.8623991673172
2012,8,AS,665.0,0.0,6.117341722375148
2012,8,B6,574.0,0.0,20.129414831226377
2012,8,DL,932.0,0.0,10.184460066136698
2012,8,EV,738.0,0.0,17.928956574766506
2012,8,F9,949.0,0.0,10.196372479481203
2012,8,FL,626.0,0.0,9.886027106545122
2012,8,HA,1166.0,0.0,14.810848400556328
2012,8,MQ,1435.0,0.0,11.511933475754025
2012,8,OO,540.0,0.0,9.561430529932467
2012,8,UA,966.0,0.0,20.039523844300007
2012,8,US,567.0,0.0,7.313164293157346
2012,8,VX,300.0,0.0,11.735451582867784
2012,8,WN,473.0,0.0,14.462346458500747
2012,8,YV,549.0,0.0,8.591076923076923
2012,9,AA,1606.0,0.0,21.858521441529053
2012,9,AS,553.0,0.0,5.548559418513005
2012,9,B6,593.0,0.0,10.793147646043876
2012,9,DL,1099.0,0.0,6.167367305379238
2012,9,EV,659.0,0.0,12.160107104867402
2012,9,F9,401.0,0.0,8.232357231010884
2012,9,FL,423.0,0.0,4.579815830095279
2012,9,HA,978.0,0.0,10.624269005847953
2012,9,MQ,1373.0,0.0,7.609850635723984
2012,9,OO,517.0,0.0,9.026547011114449
2012,9,UA,703.0,0.0,11.056684577752828
2012,9,US,603.0,0.0,5.38614080898655
2012,9,VX,512.0,0.0,9.551548362431502
2012,9,WN,461.0,0.0,9.838773151763126
2012,9,YV,296.0,0.0,7.067378706965117
2012,10,AA,1533.0,0.0,14.105318379160638
2012,10,AS,764.0,0.0,9.181962724140977
2012,10,B6,464.0,0.0,10.460199906779222
2012,10,DL,850.0,0.0,7.049838760375799
2012,10,EV,635.0,0.0,13.658713801655779
2012,10,F9,665.0,0.0,9.59991455730001
2012,10,FL,459.0,0.0,5.70534619689782
2012,10,HA,496.0,0.0,7.18037518037518
2012,10,MQ,1432.0,0.0,9.351739213077362
2012,10,OO,585.0,0.0,10.323693962072223
2012,10,UA,923.0,0.0,12.703497294241176
2012,10,US,981.0,0.0,5.259172243580616
2012,10,VX,488.0,0.0,9.637751004016064
2012,10,WN,543.0,0.0,11.421397870396717
2012,10,YV,611.0,0.0,8.499124534909171
2012,11,AA,1441.0,0.0,10.858666371452822
2012,11,AS,552.0,0.0,6.735801781737194
2012,11,B6,408.0,0.0,10.772874692874693
2012,11,DL,1054.0,0.0,5.757943652377013
2012,11,EV,872.0,0.0,10.90155204172822
2012,11,F9,510.0,0.0,8.560013717421125
2012,11,FL,589.0,0.0,5.072943994524923
2012,11,HA,1418.0,0.0,19.99056603773585
2012,11,MQ,1556.0,0.0,8.723959827833573
2012,11,OO,511.0,0.0,9.610852329980798
2012,11,UA,900.0,0.0,10.497045427608743
2012,11,US,519.0,0.0,4.67760964964869
2012,11,VX,335.0,0.0,12.619442252038937
2012,11,WN,444.0,0.0,10.441881657920373
2012,11,YV,456.0,0.0,6.278615298715801
2012,12,AA,1542.0,0.0,14.118017169365302
2012,12,AS,371.0,0.0,7.32979696359978
2012,12,B6,504.0,0.0,19.110371783537296
2012,12,DL,1126.0,0.0,8.294112417769425
2012,12,EV,1068.0,0.0,19.091111438136934
2012,12,F9,513.0,0.0,18.648082427017744
2012,12,FL,600.0,0.0,9.340713962946227
2012,12,HA,1058.0,0.0,8.331297709923664
2012,12,MQ,1615.0,0.0,15.947395804808588
2012,12,OO,1077.0,0.0,14.19297192043821
2012,12,UA,833.0,0.0,14.432530302268269
2012,12,US,558.0,0.0,6.989176346356917
2012,12,VX,619.0,0.0,15.770661157024794
2012,12,WN,560.0,0.0,16.637197754749568
2012,12,YV,403.0,0.0,7.20812409329316
