yr,mon,arr_hour,max,min,mean
2003,1,0,370,0,9.011783189316574
2003,1,1,145,0,8.590214067278287
2003,1,2,136,0,8.170731707317072
2003,1,4,85,0,3.217391304347826
2003,1,5,817,0,3.582359488035615
2003,1,6,408,0,3.7541549751780705
2003,1,7,987,0,4.000280072818933
2003,1,8,775,0,4.19438042900195
2003,1,9,547,0,4.96341167918585
2003,1,10,795,0,5.024767623116448
2003,1,11,793,0,5.149677604241296
2003,1,12,965,0,5.576672080318914
2003,1,13,498,0,5.808414948072314
2003,1,14,503,0,5.8763718969811425
2003,1,15,1122,0,6.353198868303368
2003,1,16,1051,0,6.797660641045116
2003,1,17,1156,0,7.536826859776169
2003,1,18,895,0,8.350060749908168
2003,1,19,1385,0,8.586411574540252
2003,1,20,775,0,9.378193522430095
2003,1,21,731,0,9.54240053170599
2003,1,22,825,0,8.980806299470943
2003,1,23,277,0,8.331603854267632
2003,2,0,466,0,11.555488721804512
2003,2,1,232,0,12.03885135135135
2003,2,2,112,0,9.227272727272727
2003,2,4,284,0,6.8428571428571425
2003,2,5,645,0,4.6169739351557535
2003,2,6,638,0,5.204848484848485
2003,2,7,693,0,4.885435807302069
2003,2,8,653,0,4.7828473768708895
2003,2,9,634,0,5.092644195900294
2003,2,10,1337,0,6.35628596508339
2003,2,11,555,0,6.457256588873552
2003,2,12,1180,0,7.342276231191302
2003,2,13,599,0,7.935182433547961
2003,2,14,647,0,8.092847553932128
2003,2,15,935,0,8.676586206896552
2003,2,16,445,0,9.075301803721063
2003,2,17,1141,0,10.013767171058616
2003,2,18,1230,0,11.240152150087034
2003,2,19,1214,0,10.74032136957501
2003,2,20,730,0,12.779083804561916
2003,2,21,1070,0,12.055488373700031
2003,2,22,646,0,12.520678829792073
2003,2,23,733,0,11.467816019631284
2003,3,0,313,0,10.11187485186063
2003,3,1,162,0,11.09971098265896
2003,3,2,166,0,10.280898876404494
2003,3,4,54,0,2.3112033195020745
2003,3,5,1055,0,3.9291338582677167
2003,3,6,887,0,4.335123966942149
2003,3,7,723,0,4.32543754832361
2003,3,8,683,0,4.225640570972604
2003,3,9,1005,0,4.365683592446787
2003,3,10,863,0,4.748024681017394
2003,3,11,926,0,5.088786994581075
2003,3,12,1245,0,5.506031972425269
2003,3,13,1166,0,5.74528463648834
2003,3,14,1239,0,6.31167734023709
2003,3,15,1304,0,6.7905349668509976
2003,3,16,705,0,7.180994919871401
2003,3,17,1001,0,8.037467387503698
2003,3,18,1264,0,8.905058826848743
2003,3,19,745,0,9.007800270621633
2003,3,20,821,0,10.224559659875213
2003,3,21,694,0,10.352721403592671
2003,3,22,1353,0,10.93989134652697
2003,3,23,826,0,10.121437086810447
2003,4,0,615,0,7.366831251815277
2003,4,1,257,0,7.471264367816092
2003,4,2,138,0,5.067073170731708
2003,4,3,0,0,0.0
2003,4,4,43,0,1.3414634146341464
2003,4,5,753,0,3.5877065816178604
2003,4,6,1451,0,3.420641620937104
2003,4,7,686,0,2.9738853503184712
2003,4,8,702,0,3.0165007622634743
2003,4,9,615,0,3.437246963562753
2003,4,10,1305,0,3.942276350490414
2003,4,11,465,0,3.900116144018583
2003,4,12,563,0,4.316083114689828
2003,4,13,519,0,4.413900064494333
2003,4,14,494,0,4.83162410743146
2003,4,15,1519,0,5.494934923382702
2003,4,16,685,0,5.802964074179448
2003,4,17,1159,0,6.697253795735501
2003,4,18,772,0,7.414349802254884
2003,4,19,1063,0,7.732675979183785
2003,4,20,915,0,8.330113198601316
2003,4,21,939,0,8.194431461574414
2003,4,22,729,0,8.081019353287655
2003,4,23,528,0,7.241433874992392
2003,5,0,215,0,9.27278159545862
2003,5,1,196,0,9.514131897711978
2003,5,2,85,0,8.058064516129033
2003,5,4,226,0,4.609375
2003,5,5,255,0,3.7923034934497815
2003,5,6,594,0,4.291990192071925
2003,5,7,709,0,3.190869596182608
2003,5,8,600,0,3.098369846472313
2003,5,9,746,0,3.188930835036193
2003,5,10,751,0,3.6341463414634148
2003,5,11,820,0,3.918016076421249
2003,5,12,1174,0,4.363612888417066
2003,5,13,599,0,4.132221330241133
2003,5,14,1180,0,4.730648681927576
2003,5,15,1252,0,5.258052527254708
2003,5,16,498,0,6.344052576130036
2003,5,17,1300,0,7.337609980659748
2003,5,18,1007,0,8.785902037816907
2003,5,19,387,0,9.369567564649355
2003,5,20,1005,0,10.932292414109813
2003,5,21,771,0,10.606740835548555
2003,5,22,843,0,9.891742457630514
2003,5,23,506,0,8.784072619584112
2003,6,0,246,0,10.72387136672851
2003,6,1,288,0,11.107398568019093
2003,6,2,74,0,7.7
2003,6,3,101,0,13.476190476190476
2003,6,4,171,0,3.9213483146067416
2003,6,5,1098,0,5.817509948834565
2003,6,6,361,0,4.644142419601837
2003,6,7,732,0,3.6457592339261287
2003,6,8,1067,0,3.68064381270903
2003,6,9,699,0,3.6851783248577106
2003,6,10,676,0,4.281309778327895
2003,6,11,538,0,4.574112978524743
2003,6,12,1179,0,5.291621911922664
2003,6,13,617,0,5.1917106254709875
2003,6,14,1260,0,5.9562788639694695
2003,6,15,1180,0,6.924448541097196
2003,6,16,1209,0,8.294355947885668
2003,6,17,496,0,8.863161031642827
2003,6,18,1217,0,10.915405367031095
2003,6,19,1211,0,11.594214522510962
2003,6,20,817,0,11.806921413121845
2003,6,21,681,0,12.121601489757914
2003,6,22,648,0,12.0145955642531
2003,6,23,1137,0,9.848986653484923
2003,7,0,729,0,15.99509483322433
2003,7,1,302,0,15.791578947368421
2003,7,2,27,0,2.48
2003,7,3,45,0,7.1
2003,7,4,785,0,11.38659793814433
2003,7,5,784,0,7.737177710008317
2003,7,6,643,0,5.529920692141312
2003,7,7,921,0,3.747947138824737
2003,7,8,920,0,3.9278515437529995
2003,7,9,532,0,4.6275500415680755
2003,7,10,522,0,4.791852544410311
2003,7,11,679,0,5.226963425007088
2003,7,12,508,0,5.831310285033055
2003,7,13,1033,0,6.807553905058008
2003,7,14,731,0,7.150851449765818
2003,7,15,513,0,8.578092067080062
2003,7,16,1099,0,10.245232665340385
2003,7,17,940,0,11.548893062131352
2003,7,18,1103,0,14.00351805388895
2003,7,19,1120,0,14.77729926814447
2003,7,20,901,0,16.754628577919128
2003,7,21,1147,0,16.780204045104707
2003,7,22,1091,0,17.143752727849858
2003,7,23,882,0,15.04486800047354
2003,8,0,603,0,15.63407455853499
2003,8,1,271,0,17.353191489361702
2003,8,2,43,0,5.064516129032258
2003,8,3,48,0,6.548387096774194
2003,8,4,136,0,4.0162162162162165
2003,8,5,939,0,8.809707666850525
2003,8,6,462,0,5.975220264317181
2003,8,7,571,0,3.548262800417973
2003,8,8,774,0,3.986500060267588
2003,8,9,946,0,4.581287947293632
2003,8,10,560,0,5.018087154595005
2003,8,11,1532,0,5.117536105402438
2003,8,12,1208,0,5.476206149373269
2003,8,13,734,0,5.894142452775692
2003,8,14,519,0,6.41328082563824
2003,8,15,1336,0,8.187442600869405
2003,8,16,1008,0,10.357176170254547
2003,8,17,1201,0,11.953712530452282
2003,8,18,1167,0,15.428362814790324
2003,8,19,1437,0,16.43201042719583
2003,8,20,1101,0,18.155867448613563
2003,8,21,872,0,18.564446314776962
2003,8,22,1003,0,18.942841265430875
2003,8,23,878,0,15.41023800980744
2003,9,0,326,0,5.681942544459645
2003,9,1,193,0,5.13301282051282
2003,9,2,70,0,2.75
2003,9,3,4,0,0.6666666666666666
2003,9,4,52,0,2.0127388535031847
2003,9,5,1045,0,3.7811757719714962
2003,9,6,585,0,2.8889830508474574
2003,9,7,497,0,2.1313795184762925
2003,9,8,745,0,2.5003300330033005
2003,9,9,583,0,2.9224910078284787
2003,9,10,593,0,3.101105128931709
2003,9,11,535,0,3.487954484843097
2003,9,12,963,0,3.628754926288133
2003,9,13,801,0,4.063552619335629
2003,9,14,768,0,4.495330315705036
2003,9,15,1026,0,5.2007039020658
2003,9,16,499,0,6.107454855716578
2003,9,17,1272,0,6.829532669246179
2003,9,18,998,0,8.407730888965755
2003,9,19,936,0,9.018804566823372
2003,9,20,782,0,8.976041512231282
2003,9,21,699,0,9.184537868052276
2003,9,22,336,0,8.83119916940647
2003,9,23,575,0,6.5404968693193295
2003,10,0,761,0,8.405805866344119
2003,10,1,236,0,7.5792880258899675
2003,10,2,106,0,7.236559139784946
2003,10,3,7,0,3.5
2003,10,4,399,0,5.737623762376238
2003,10,5,753,0,3.371125611745514
2003,10,6,537,0,3.5541324794876927
2003,10,7,499,0,2.6836702161576227
2003,10,8,760,0,2.8486298208065803
2003,10,9,543,0,3.119079475515119
2003,10,10,864,0,3.581955775010734
2003,10,11,1301,0,4.145254237288135
2003,10,12,630,0,4.212022563354195
2003,10,13,1379,0,4.3877706483841665
2003,10,14,530,0,4.926453143534994
2003,10,15,1071,0,5.713876925745007
2003,10,16,1037,0,6.016127465267657
2003,10,17,1160,0,6.7369201936592225
2003,10,18,977,0,7.594399672175932
2003,10,19,931,0,7.207104767879549
2003,10,20,741,0,7.839042498021127
2003,10,21,861,0,7.651482114443986
2003,10,22,727,0,7.1629137994218
2003,10,23,826,0,6.584018014728257
2003,11,0,563,0,10.337736932797243
2003,11,1,176,0,8.098865478119935
2003,11,2,116,0,8.180327868852459
2003,11,4,51,0,1.342281879194631
2003,11,5,1201,0,5.4898239823982395
2003,11,6,553,0,5.0502622377622375
2003,11,7,580,0,3.791361540547871
2003,11,8,682,0,3.649132470393831
2003,11,9,549,0,3.874531900745459
2003,11,10,574,0,4.12302443018971
2003,11,11,854,0,4.759556654649465
2003,11,12,1316,0,5.733884777245683
2003,11,13,589,0,5.843434343434343
2003,11,14,595,0,6.785740536567438
2003,11,15,1297,0,8.01893536570956
2003,11,16,454,0,9.28282645269833
2003,11,17,1063,0,10.35882008857692
2003,11,18,907,0,12.926036464643479
2003,11,19,1050,0,12.056135770234986
2003,11,20,1109,0,12.983047300125575
2003,11,21,719,0,12.652279561400844
2003,11,22,615,0,12.791559073784024
2003,11,23,641,0,11.173719520061928
2003,12,0,295,0,14.729085872576178
2003,12,1,249,0,12.340561224489797
2003,12,2,159,0,11.263374485596708
2003,12,4,128,0,4.882096069868996
2003,12,5,1117,0,6.064598168870804
2003,12,6,500,0,6.549358974358975
2003,12,7,1065,0,4.76250243870716
2003,12,8,749,0,4.853158691971844
2003,12,9,1222,0,5.622173720287829
2003,12,10,593,0,6.148823437743494
2003,12,11,575,0,6.922140553731733
2003,12,12,540,0,8.191119425568791
2003,12,13,750,0,8.517838025520096
2003,12,14,1254,0,9.843088485766039
2003,12,15,1134,0,10.632696876878596
2003,12,16,1117,0,11.637221038191127
2003,12,17,1297,0,13.028598639455783
2003,12,18,1089,0,14.553766613279384
2003,12,19,1245,0,14.63729534124554
2003,12,20,1582,0,15.694325390022287
2003,12,21,1191,0,15.777447188336804
2003,12,22,735,0,15.550344494137557
2003,12,23,644,0,14.154409593006084
2004,1,0,952,0,13.974087161366313
2004,1,1,288,0,12.090596330275229
2004,1,2,243,0,15.936651583710407
2004,1,4,131,0,5.3244444444444445
2004,1,5,1063,0,8.15675261679857
2004,1,6,610,0,7.371664135387285
2004,1,7,656,0,5.030876877647965
2004,1,8,643,0,5.0187418086500655
2004,1,9,525,0,6.015928168432641
2004,1,10,1232,0,6.911747806101128
2004,1,11,738,0,7.548707977569251
2004,1,12,870,0,8.614363799526826
2004,1,13,563,0,9.298019628461269
2004,1,14,1083,0,9.706183641892974
2004,1,15,1021,0,10.636851673010282
2004,1,16,1358,0,11.969179229480737
2004,1,17,599,0,12.687776901959719
2004,1,18,1184,0,14.802934375688174
2004,1,19,844,0,14.108477846770404
2004,1,20,785,0,15.390085963126344
2004,1,21,1882,0,15.87552851102731
2004,1,22,931,0,15.107365792759051
2004,1,23,591,0,13.995150862068966
2004,2,0,564,0,16.65074211502783
2004,2,1,293,0,14.069001029866117
2004,2,2,192,0,13.116161616161616
2004,2,3,30,30,30.0
2004,2,4,57,0,1.4410480349344978
2004,2,5,795,0,5.963737427210164
2004,2,6,675,0,5.69909793814433
2004,2,7,815,0,3.7723255507189024
2004,2,8,581,0,4.054052849694755
2004,2,9,1225,0,4.913967468175389
2004,2,10,679,0,5.62224945533769
2004,2,11,1239,0,6.182852117836728
2004,2,12,604,0,7.056556527745798
2004,2,13,1240,0,7.841079689941481
2004,2,14,1080,0,8.539227929953098
2004,2,15,599,0,8.924484852109938
2004,2,16,560,0,10.621452061725272
2004,2,17,1239,0,11.637449528936743
2004,2,18,463,0,12.907684630738522
2004,2,19,1263,0,13.054448700480732
2004,2,20,1018,0,14.960308807496244
2004,2,21,938,0,14.737739744472039
2004,2,22,791,0,15.125130748072676
2004,2,23,469,0,13.111631634099735
2004,3,0,263,0,11.6313532060905
2004,3,1,205,0,9.390334572490707
2004,3,2,172,0,7.244239631336406
2004,3,4,1100,0,9.120743034055728
2004,3,5,834,0,5.906045156591405
2004,3,6,477,0,4.819141193595342
2004,3,7,712,0,3.1496334888229236
2004,3,8,621,0,3.3986855649695147
2004,3,9,875,0,4.029345299586777
2004,3,10,540,0,4.3929352231693235
2004,3,11,594,0,4.902667392487752
2004,3,12,868,0,5.425431956987002
2004,3,13,607,0,6.3544510427514
2004,3,14,1257,0,6.645430703027525
2004,3,15,577,0,7.804274215931168
2004,3,16,1080,0,9.268058623720279
2004,3,17,861,0,10.224018123043246
2004,3,18,812,0,12.618859493774352
2004,3,19,1109,0,12.252425552353506
2004,3,20,959,0,13.61405728437601
2004,3,21,1092,0,13.054014110035972
2004,3,22,811,0,13.266890239642283
2004,3,23,786,0,12.462024626784352
2004,4,0,268,0,10.510055730554882
2004,4,1,184,0,9.227312775330397
2004,4,2,83,0,7.9655172413793105
2004,4,3,12,0,1.3888888888888888
2004,4,4,60,0,1.3702290076335877
2004,4,5,501,0,3.9054426887384
2004,4,6,639,0,4.2697993664202745
2004,4,7,673,0,2.869903480549868
2004,4,8,626,0,3.1201833034469018
2004,4,9,697,0,3.659945362299987
2004,4,10,400,0,3.891982778386365
2004,4,11,797,0,4.1814236835516985
2004,4,12,652,0,4.699836221470837
2004,4,13,698,0,5.151611770900368
2004,4,14,1110,0,5.417455952744679
2004,4,15,1218,0,6.782888171411799
2004,4,16,470,0,7.837166866746698
2004,4,17,998,0,8.354054054054053
2004,4,18,1020,0,10.558019541113184
2004,4,19,1158,0,11.282592102584978
2004,4,20,974,0,11.84673792264141
2004,4,21,539,0,11.29520697167756
2004,4,22,810,0,12.153747643271318
2004,4,23,662,0,10.684613204873902
2004,5,0,347,0,15.023675860385648
2004,5,1,323,0,10.650691244239631
2004,5,2,93,0,7.740259740259741
2004,5,4,51,0,2.4157894736842107
2004,5,5,910,0,9.320861096873399
2004,5,6,1018,0,6.275568181818182
2004,5,7,801,0,4.297977449726839
2004,5,8,620,0,4.592620128345594
2004,5,9,459,0,4.8569282403707845
2004,5,10,553,0,5.028355631170572
2004,5,11,615,0,6.014582874752366
2004,5,12,578,0,6.325129140079003
2004,5,13,745,0,7.00457075886317
2004,5,14,600,0,7.518589108910891
2004,5,15,1108,0,8.771314505397013
2004,5,16,1196,0,11.352457257314542
2004,5,17,975,0,12.026743982603914
2004,5,18,953,0,15.947625946477872
2004,5,19,877,0,17.263122804318282
2004,5,20,910,0,19.202245997823027
2004,5,21,924,0,19.263883569513595
2004,5,22,753,0,20.124629080118694
2004,5,23,685,0,17.675628491620113
2004,6,0,782,0,23.184191616766466
2004,6,1,888,0,23.048128342245988
2004,6,2,220,0,26.521428571428572
2004,6,3,126,0,12.886363636363637
2004,6,4,293,0,7.92
2004,6,5,621,0,10.291963627426886
2004,6,6,679,0,9.120899584586736
2004,6,7,815,0,4.445429426663597
2004,6,8,805,0,5.350793406254814
2004,6,9,679,0,5.851970654555848
2004,6,10,1326,0,6.182749326145553
2004,6,11,1309,0,6.750247237998361
2004,6,12,587,0,7.372185395622895
2004,6,13,1405,0,8.152954054613769
2004,6,14,999,0,9.584864201946907
2004,6,15,752,0,11.044248061057381
2004,6,16,1201,0,14.378938660308037
2004,6,17,1115,0,16.212565046325675
2004,6,18,1045,0,19.45859872611465
2004,6,19,942,0,21.054297819249864
2004,6,20,1059,0,23.84709496319051
2004,6,21,1016,0,23.473527000117137
2004,6,22,1084,0,25.535442112955423
2004,6,23,789,0,21.466387240759893
2004,7,0,422,0,19.760926677812275
2004,7,1,227,0,16.80548829701372
2004,7,2,187,0,22.32515337423313
2004,7,3,78,0,10.793650793650794
2004,7,4,695,0,8.110588235294118
2004,7,5,1202,0,9.19976580796253
2004,7,6,1118,0,8.685064050149904
2004,7,7,1200,0,4.414453873528607
2004,7,8,551,0,4.6652195250858846
2004,7,9,1316,0,5.611171794405
2004,7,10,673,0,5.790283420870082
2004,7,11,903,0,6.399805236961696
2004,7,12,532,0,6.569386102535553
2004,7,13,556,0,7.501914164819666
2004,7,14,1596,0,8.604288833819957
2004,7,15,995,0,10.571935685946961
2004,7,16,1485,0,12.739122236364494
2004,7,17,1131,0,14.799271767552113
2004,7,18,1022,0,17.14057448229793
2004,7,19,924,0,18.57126753507014
2004,7,20,920,0,21.21784844210796
2004,7,21,1112,0,20.889029039933494
2004,7,22,893,0,20.944009032943676
2004,7,23,464,0,19.513755731554813
2004,8,0,279,0,17.08157169117647
2004,8,1,1011,0,19.54122448979592
2004,8,2,434,0,24.859375
2004,8,3,73,0,8.375
2004,8,4,319,0,6.550408719346049
2004,8,5,1070,0,9.695361181629355
2004,8,6,868,0,7.95837275307474
2004,8,7,835,0,4.331263053753985
2004,8,8,710,0,4.919046019482701
2004,8,9,835,0,5.363068147339037
2004,8,10,932,0,5.868932997580606
2004,8,11,1259,0,6.637047986641482
2004,8,12,627,0,6.724795298136334
2004,8,13,599,0,7.2296321760055005
2004,8,14,621,0,7.984891152631192
2004,8,15,1320,0,9.191366212468347
2004,8,16,958,0,10.421414021194296
2004,8,17,1468,0,11.901684159140835
2004,8,18,809,0,14.195009969566586
2004,8,19,1057,0,15.294191299224197
2004,8,20,937,0,17.362965565706254
2004,8,21,946,0,17.15524607446041
2004,8,22,1142,0,17.680074016361512
2004,8,23,765,0,17.293363538073418
2004,9,0,621,0,11.94206325746379
2004,9,1,275,0,10.064248704663212
2004,9,2,131,0,9.674285714285714
2004,9,3,29,0,4.066666666666666
2004,9,4,623,0,7.408536585365853
2004,9,5,223,0,4.465912153058475
2004,9,6,1009,0,4.296313579094727
2004,9,7,810,0,2.680177983664513
2004,9,8,554,0,3.0292345996305516
2004,9,9,766,0,3.900119024003174
2004,9,10,1376,0,4.068293600666541
2004,9,11,508,0,4.54988926448304
2004,9,12,810,0,4.486302292379388
2004,9,13,459,0,5.041643393533172
2004,9,14,930,0,5.657070774133581
2004,9,15,1057,0,6.31039132166825
2004,9,16,570,0,6.970732447050498
2004,9,17,1150,0,8.029527812878769
2004,9,18,1096,0,9.124581964114345
2004,9,19,693,0,9.240559514945218
2004,9,20,742,0,10.898789695758383
2004,9,21,733,0,10.84039107667161
2004,9,22,598,0,10.947397543251318
2004,9,23,486,0,10.09288270844335
2004,10,0,226,0,10.400936897216864
2004,10,1,196,0,9.928642220019821
2004,10,2,142,0,11.281081081081082
2004,10,3,99,0,8.434782608695652
2004,10,4,89,0,3.7686375321336762
2004,10,5,214,0,4.594111726220433
2004,10,6,1123,0,4.5346012466038035
2004,10,7,655,0,3.248154555940023
2004,10,8,770,0,3.5332057416267943
2004,10,9,613,0,4.056488407461436
2004,10,10,881,0,4.355135488411845
2004,10,11,641,0,5.8240122578526865
2004,10,12,609,0,5.65321955003879
2004,10,13,655,0,6.023364215402432
2004,10,14,1356,0,6.878422285469612
2004,10,15,845,0,7.542700979275791
2004,10,16,492,0,8.476391028109356
2004,10,17,872,0,9.33380060006886
2004,10,18,1015,0,10.582428968751705
2004,10,19,870,0,10.1736406792933
2004,10,20,1013,0,11.328809523809523
2004,10,21,610,0,11.40690133037694
2004,10,22,537,0,10.929789332769674
2004,10,23,319,0,10.589446874480926
2004,11,0,846,0,16.09674601441363
2004,11,1,270,0,14.493684210526316
2004,11,2,147,0,12.700892857142858
2004,11,3,98,0,12.426356589147288
2004,11,4,458,0,7.162790697674419
2004,11,5,526,0,6.314680050188206
2004,11,6,836,0,6.793397424269908
2004,11,7,882,0,4.0409751352665815
2004,11,8,817,0,4.652357350591898
2004,11,9,780,0,4.666311472763086
2004,11,10,834,0,5.437418919620154
2004,11,11,1130,0,6.377085174940831
2004,11,12,1120,0,7.153073923504522
2004,11,13,1248,0,7.862987987987988
2004,11,14,1182,0,8.742586836058926
2004,11,15,660,0,9.453799200168385
2004,11,16,1357,0,11.246561767336186
2004,11,17,1094,0,11.992948423526869
2004,11,18,823,0,13.60381777725729
2004,11,19,1021,0,13.935016125345996
2004,11,20,1388,0,15.803876193231126
2004,11,21,1223,0,14.942243214087874
2004,11,22,844,0,15.984961576644483
2004,11,23,720,0,15.20414167703972
2004,12,0,360,0,21.493971061093248
2004,12,1,297,0,22.204731574158327
2004,12,2,285,0,28.662790697674417
2004,12,3,169,0,17.028776978417266
2004,12,4,198,0,8.916083916083917
2004,12,5,1153,0,10.751180358829084
2004,12,6,1817,0,9.96625344352617
2004,12,7,1060,0,6.458282133202261
2004,12,8,745,0,6.208695652173913
2004,12,9,1057,0,7.704220417263896
2004,12,10,705,0,8.248639206055849
2004,12,11,670,0,9.854540918163673
2004,12,12,684,0,10.502299534682393
2004,12,13,920,0,11.668587570621469
2004,12,14,1216,0,12.22906010230179
2004,12,15,1055,0,13.587901866170572
2004,12,16,1174,0,14.35098469314768
2004,12,17,1065,0,15.521537904643706
2004,12,18,894,0,18.06009767308245
2004,12,19,1008,0,17.866420901578504
2004,12,20,1050,0,20.078812491247724
2004,12,21,794,0,20.330531251787043
2004,12,22,761,0,21.012268648345486
2004,12,23,777,0,20.372656632070857
2005,1,0,640,0,21.347102342786684
2005,1,1,218,0,17.23976023976024
2005,1,2,186,0,20.23076923076923
2005,1,3,112,0,18.755102040816325
2005,1,4,113,0,7.682779456193353
2005,1,5,820,0,10.830032589621458
2005,1,6,1639,0,9.78353601496726
2005,1,7,649,0,6.653011572856391
2005,1,8,760,0,5.9857901838421315
2005,1,9,846,0,7.490187585379669
2005,1,10,768,0,7.790413108823452
2005,1,11,614,0,9.013365842194936
2005,1,12,745,0,10.14579107505071
2005,1,13,995,0,11.0368336903074
2005,1,14,1169,0,10.949584054491654
2005,1,15,1089,0,13.217683200959089
2005,1,16,1422,0,13.85211956930954
2005,1,17,1616,0,15.568036329813427
2005,1,18,1281,0,16.574192060426096
2005,1,19,1218,0,17.427307141395538
2005,1,20,1031,0,18.910841528767445
2005,1,21,1930,0,18.791055059612965
2005,1,22,858,0,18.93327252827435
2005,1,23,1080,0,19.32046960362664
2005,2,0,757,0,17.83747831116252
2005,2,1,240,0,14.94496487119438
2005,2,2,170,0,16.245967741935484
2005,2,3,94,0,17.65
2005,2,4,125,0,5.711743772241993
2005,2,5,832,0,7.0748150178130995
2005,2,6,686,0,6.832411820781697
2005,2,7,902,0,4.610631881618627
2005,2,8,860,0,4.396305408088394
2005,2,9,775,0,5.216983821538023
2005,2,10,1354,0,5.446440989124086
2005,2,11,735,0,6.622323821535551
2005,2,12,1167,0,7.040776872286004
2005,2,13,709,0,7.820574317754586
2005,2,14,1191,0,8.30207119160764
2005,2,15,508,0,9.917946580305896
2005,2,16,1118,0,10.471430866445324
2005,2,17,1144,0,11.689748892171345
2005,2,18,919,0,13.274770972078917
2005,2,19,845,0,14.02919232751838
2005,2,20,877,0,15.809942626568311
2005,2,21,799,0,16.163782945736433
2005,2,22,787,0,16.820919059669198
2005,2,23,315,0,16.3721505246653
2005,3,0,405,0,19.842870544090058
2005,3,1,202,0,14.3971340839304
2005,3,2,204,0,12.561561561561561
2005,3,3,134,0,12.655737704918034
2005,3,4,234,0,6.428571428571429
2005,3,5,626,0,7.771677662582469
2005,3,6,1357,0,7.571876961707471
2005,3,7,720,0,4.76959769032825
2005,3,8,851,0,4.20395006521334
2005,3,9,748,0,5.319800458067958
2005,3,10,1517,0,5.591712340551036
2005,3,11,442,0,6.555284441398218
2005,3,12,1210,0,7.195031585681158
2005,3,13,1315,0,8.610453257790368
2005,3,14,1371,0,9.34684443969433
2005,3,15,990,0,10.679428149158708
2005,3,16,1074,0,12.137290384847388
2005,3,17,1151,0,13.100744117801185
2005,3,18,1009,0,15.382134414049307
2005,3,19,1339,0,16.25613522637489
2005,3,20,894,0,18.603616949910556
2005,3,21,1078,0,18.232744051291682
2005,3,22,1018,0,20.302058188286114
2005,3,23,949,0,17.869518770983824
2005,4,0,489,0,10.486011477761837
2005,4,1,191,0,9.70111448834853
2005,4,2,131,0,6.11969111969112
2005,4,3,99,0,7.096
2005,4,4,641,0,5.328571428571428
2005,4,5,348,0,4.88031179280865
2005,4,6,621,0,5.051270207852194
2005,4,7,788,0,3.699456886556417
2005,4,8,638,0,3.5434287449700097
2005,4,9,1459,0,3.846367182738023
2005,4,10,930,0,4.267887597407709
2005,4,11,824,0,4.790882697783485
2005,4,12,1195,0,5.44937250034478
2005,4,13,473,0,5.867114572804566
2005,4,14,548,0,6.759822130636371
2005,4,15,1078,0,7.680233410550391
2005,4,16,657,0,8.30602084737852
2005,4,17,792,0,8.621956595016465
2005,4,18,640,0,10.212483094011683
2005,4,19,770,0,10.490461446264483
2005,4,20,814,0,11.984275142953246
2005,4,21,806,0,11.626260884559013
2005,4,22,680,0,12.480756153950768
2005,4,23,626,0,10.919542781045388
2005,5,0,754,0,12.168557536466775
2005,5,1,301,0,11.253875968992247
2005,5,2,167,0,11.055172413793104
2005,5,3,119,0,11.14516129032258
2005,5,4,96,0,4.0948717948717945
2005,5,5,490,0,5.9096189591078065
2005,5,6,611,0,5.3689064558629775
2005,5,7,1068,0,3.24216106474171
2005,5,8,1458,0,3.416291491797024
2005,5,9,762,0,4.081903612380378
2005,5,10,543,0,4.033144297416509
2005,5,11,658,0,4.948224970083765
2005,5,12,603,0,5.252781260838247
2005,5,13,957,0,6.251580773319904
2005,5,14,1080,0,6.768046598710214
2005,5,15,1078,0,7.4846587878617745
2005,5,16,594,0,8.189530642317076
2005,5,17,1173,0,9.45028531030652
2005,5,18,889,0,10.553399602385685
2005,5,19,1079,0,11.152367568597562
2005,5,20,866,0,12.93967541616657
2005,5,21,878,0,12.550376608577226
2005,5,22,862,0,13.203136045241308
2005,5,23,524,0,11.826046074283028
2005,6,0,623,0,22.519463087248322
2005,6,1,619,0,20.06896551724138
2005,6,2,189,0,11.407582938388625
2005,6,3,177,0,21.7
2005,6,4,905,0,9.896484375
2005,6,5,982,0,10.729614695340501
2005,6,6,664,0,9.533161185104648
2005,6,7,728,0,4.783845538672455
2005,6,8,638,0,4.418031298790893
2005,6,9,712,0,5.416778351250392
2005,6,10,647,0,5.843185424023748
2005,6,11,1280,0,6.643952158660884
2005,6,12,642,0,6.827067262146434
2005,6,13,704,0,7.928320166080388
2005,6,14,1267,0,8.81158801717929
2005,6,15,1217,0,10.987129575828007
2005,6,16,977,0,13.55697725821504
2005,6,17,1053,0,15.404065974215774
2005,6,18,1084,0,18.849656562441986
2005,6,19,870,0,20.752607287655863
2005,6,20,908,0,23.660305445956464
2005,6,21,1039,0,23.75907099528196
2005,6,22,659,0,24.46479097122874
2005,6,23,933,0,22.82459368291935
2005,7,0,340,0,30.60351201478743
2005,7,1,897,0,26.736679536679535
2005,7,2,135,0,16.93867924528302
2005,7,3,90,0,13.366666666666667
2005,7,4,650,0,13.40893470790378
2005,7,5,747,0,14.279355659177618
2005,7,6,781,0,10.748747800189522
2005,7,7,693,0,5.983619432289913
2005,7,8,889,0,6.11594664402222
2005,7,9,821,0,6.710918534409756
2005,7,10,674,0,7.105785571783946
2005,7,11,825,0,8.01090562958934
2005,7,12,1185,0,8.67991511213582
2005,7,13,848,0,9.772265014665168
2005,7,14,1352,0,11.668312411366143
2005,7,15,1255,0,13.357396013496272
2005,7,16,1137,0,16.752021883920076
2005,7,17,1732,0,19.55484365028717
2005,7,18,1147,0,23.25623322825209
2005,7,19,1358,0,26.514960081577836
2005,7,20,1069,0,29.643154738210864
2005,7,21,1164,0,30.704370179948587
2005,7,22,799,0,32.343170346514725
2005,7,23,536,0,28.83947202406949
2005,8,0,346,0,23.164660194174758
2005,8,1,308,0,18.97933227344992
2005,8,2,192,0,16.277272727272727
2005,8,3,175,0,8.0
2005,8,4,146,0,9.390492359932088
2005,8,5,323,0,10.733613817537645
2005,8,6,656,0,8.273790322580645
2005,8,7,603,0,4.730449617522426
2005,8,8,624,0,4.846846210864424
2005,8,9,639,0,5.3909876852083505
2005,8,10,1352,0,5.860530885636319
2005,8,11,583,0,6.7592207300926805
2005,8,12,923,0,7.177978019688525
2005,8,13,727,0,8.287703016241299
2005,8,14,1218,0,8.793125963070333
2005,8,15,1075,0,10.656783418310797
2005,8,16,1004,0,13.150383959044369
2005,8,17,1292,0,15.132755623850668
2005,8,18,1110,0,17.454377264434566
2005,8,19,1122,0,20.526692994003216
2005,8,20,1125,0,21.907328102141243
2005,8,21,840,0,22.54768565967702
2005,8,22,773,0,23.461200448765894
2005,8,23,641,0,21.097662690330715
2005,9,0,181,0,9.334993773349938
2005,9,1,259,0,9.06448202959831
2005,9,2,115,0,6.859813084112149
2005,9,3,89,0,5.735294117647059
2005,9,4,180,0,5.664150943396226
2005,9,5,375,0,5.8944512946979035
2005,9,6,931,0,5.563809216886884
2005,9,7,662,0,3.3107361777022515
2005,9,8,720,0,3.770936644582854
2005,9,9,716,0,4.075365997090594
2005,9,10,1637,0,4.374162176370088
2005,9,11,1310,0,5.210466172463301
2005,9,12,715,0,5.423302482003391
2005,9,13,1054,0,5.743721579932832
2005,9,14,1347,0,6.041940318844529
2005,9,15,952,0,7.278282741668096
2005,9,16,1257,0,8.248091603053435
2005,9,17,1046,0,9.125919022470747
2005,9,18,1637,0,10.8637017369178
2005,9,19,1617,0,11.367874063885068
2005,9,20,750,0,11.905192705822296
2005,9,21,1133,0,11.68281843152989
2005,9,22,736,0,11.489551768918972
2005,9,23,552,0,10.567981438515082
2005,10,0,439,0,10.80927552140505
2005,10,1,181,0,9.892107892107893
2005,10,2,224,0,11.197530864197532
2005,10,3,45,0,3.49618320610687
2005,10,4,121,0,4.632075471698113
2005,10,5,851,0,5.407018381475292
2005,10,6,738,0,4.633053221288516
2005,10,7,1450,0,3.1461081402257873
2005,10,8,606,0,3.2402717493866766
2005,10,9,665,0,3.973765757092572
2005,10,10,750,0,4.580977254862185
2005,10,11,603,0,5.617229824071488
2005,10,12,1343,0,6.351719178629451
2005,10,13,641,0,7.137346077671575
2005,10,14,675,0,8.13209988355544
2005,10,15,1219,0,9.403740837475777
2005,10,16,1082,0,10.602502822280403
2005,10,17,1137,0,11.166135378791653
2005,10,18,1307,0,13.529423024336888
2005,10,19,1066,0,13.975070669655912
2005,10,20,871,0,14.517909135856726
2005,10,21,962,0,15.294606548131437
2005,10,22,838,0,14.498033014501697
2005,10,23,851,0,12.559728103409851
2005,11,0,309,0,16.655157342657343
2005,11,1,184,0,10.345377258235919
2005,11,2,114,0,10.99
2005,11,3,107,0,10.136
2005,11,4,1163,0,8.359649122807017
2005,11,5,1151,0,8.454591449532002
2005,11,6,825,0,5.969860406091371
2005,11,7,838,0,4.103556151439698
2005,11,8,640,0,4.442319210957153
2005,11,9,1510,0,4.756813218117937
2005,11,10,653,0,5.072919904673091
2005,11,11,677,0,5.800819237343077
2005,11,12,1659,0,6.3850298569643105
2005,11,13,548,0,6.887905268850872
2005,11,14,511,0,7.565307475551135
2005,11,15,1038,0,8.723617076475167
2005,11,16,1122,0,10.018770495815183
2005,11,17,943,0,11.022583706113597
2005,11,18,1210,0,13.10959803585703
2005,11,19,931,0,13.806953080836632
2005,11,20,1045,0,15.314205134108438
2005,11,21,714,0,16.455403734202033
2005,11,22,764,0,16.14903611288565
2005,11,23,648,0,15.098253872680496
2005,12,0,359,0,21.13231981981982
2005,12,1,170,0,16.700102354145343
2005,12,2,229,0,16.458333333333332
2005,12,3,127,0,16.381294964028775
2005,12,4,637,0,11.606060606060606
2005,12,5,635,0,11.870261732851986
2005,12,6,955,0,10.269324778490681
2005,12,7,908,0,5.871738697470623
2005,12,8,1235,0,6.407843594527363
2005,12,9,711,0,7.662709086973997
2005,12,10,980,0,8.499125424426381
2005,12,11,827,0,10.469283726380548
2005,12,12,967,0,11.243784010046044
2005,12,13,648,0,12.627567062289323
2005,12,14,1591,0,12.954192040017398
2005,12,15,1040,0,14.408916572944603
2005,12,16,918,0,15.527116337836524
2005,12,17,1017,0,17.244517665300698
2005,12,18,872,0,18.874633651976225
2005,12,19,1073,0,20.056713950511945
2005,12,20,1252,0,21.577775418668224
2005,12,21,1046,0,22.209832973318324
2005,12,22,988,0,22.465784671532848
2005,12,23,720,0,21.70628750326115
2006,1,0,317,0,16.395398298530548
2006,1,1,255,0,11.958951965065502
2006,1,2,173,0,9.6431718061674
2006,1,3,182,0,14.189473684210526
2006,1,4,207,0,8.123989218328841
2006,1,5,746,0,8.657812122675683
2006,1,6,793,0,7.714241293532338
2006,1,7,532,0,4.705711893875974
2006,1,8,725,0,4.859140518417463
2006,1,9,677,0,5.540272954365442
2006,1,10,728,0,6.271317632081477
2006,1,11,601,0,7.399662249191402
2006,1,12,589,0,8.024259053000462
2006,1,13,714,0,8.94116825822304
2006,1,14,698,0,9.878019844693702
2006,1,15,1345,0,11.119807719496677
2006,1,16,1167,0,11.788624549243666
2006,1,17,1154,0,13.430705257974504
2006,1,18,1107,0,14.15764449638759
2006,1,19,710,0,15.213087117773686
2006,1,20,955,0,16.564050227366682
2006,1,21,823,0,16.83639793962626
2006,1,22,831,0,16.39993410696636
2006,1,23,819,0,16.464191956316288
2006,2,0,254,0,17.97446718717029
2006,2,1,197,0,10.158940397350994
2006,2,2,115,0,9.3727959697733
2006,2,3,102,0,9.936046511627907
2006,2,4,214,0,11.10888252148997
2006,2,5,1139,0,11.741235813366961
2006,2,6,727,0,8.661083392729864
2006,2,7,1118,0,4.858430577877157
2006,2,8,904,0,4.9613130609401255
2006,2,9,792,0,5.612848549303732
2006,2,10,784,0,6.151289724953684
2006,2,11,997,0,7.748335714502843
2006,2,12,1379,0,8.772037682755245
2006,2,13,677,0,9.390190269675962
2006,2,14,645,0,11.043640105317314
2006,2,15,778,0,12.008615248674577
2006,2,16,1199,0,12.706984755392169
2006,2,17,1128,0,14.279531912279625
2006,2,18,1282,0,15.46413332951519
2006,2,19,863,0,16.62776671915387
2006,2,20,1367,0,17.384811106809003
2006,2,21,906,0,18.18880751420408
2006,2,22,852,0,18.015742368547226
2006,2,23,629,0,16.392122612272498
2006,3,0,773,0,19.01044878383008
2006,3,1,239,0,12.728372093023255
2006,3,2,169,0,11.623636363636363
2006,3,3,286,0,20.40408163265306
2006,3,4,279,0,10.676409185803758
2006,3,5,875,0,10.897624553289889
2006,3,6,849,0,7.874102870813397
2006,3,7,878,0,5.030430094644783
2006,3,8,621,0,4.12951785585974
2006,3,9,930,0,5.704426257852574
2006,3,10,737,0,6.244413955311643
2006,3,11,571,0,7.283284179481778
2006,3,12,1257,0,8.822923650406286
2006,3,13,844,0,9.669573283858998
2006,3,14,1476,0,11.433709524311782
2006,3,15,1007,0,12.2955283537347
2006,3,16,1085,0,14.21200116385774
2006,3,17,1648,0,15.874614986234906
2006,3,18,1015,0,17.056616609554524
2006,3,19,1173,0,18.097957059206244
2006,3,20,923,0,19.465753424657535
2006,3,21,1024,0,19.984161472925837
2006,3,22,900,0,19.469648346451372
2006,3,23,985,0,18.330465848728434
2006,4,0,292,0,16.682700080840743
2006,4,1,225,0,10.520979020979022
2006,4,2,174,0,10.12094395280236
2006,4,3,118,0,10.951219512195122
2006,4,4,186,0,10.691780821917808
2006,4,5,950,0,7.991983022871964
2006,4,6,958,0,6.30218797302876
2006,4,7,1021,0,4.17993917199429
2006,4,8,710,0,4.1252593452192565
2006,4,9,891,0,5.2477016023115315
2006,4,10,596,0,5.660091319515699
2006,4,11,670,0,6.910369448801861
2006,4,12,709,0,7.814839296042304
2006,4,13,1252,0,8.656713409542457
2006,4,14,1349,0,9.463655271718842
2006,4,15,1024,0,10.786093206320233
2006,4,16,594,0,12.072865088118649
2006,4,17,1165,0,13.393688245775067
2006,4,18,1098,0,14.913788578626916
2006,4,19,1013,0,15.996724329299656
2006,4,20,1268,0,16.483470871401906
2006,4,21,1098,0,17.329564794553853
2006,4,22,462,0,16.898560416739993
2006,4,23,514,0,15.611490683229814
2006,5,0,803,0,16.416114790286976
2006,5,1,184,0,10.161896974652494
2006,5,2,167,0,8.403693931398417
2006,5,3,170,0,8.608150470219435
2006,5,4,206,0,9.775147928994082
2006,5,5,715,0,6.187719298245614
2006,5,6,489,0,5.341927249521379
2006,5,7,788,0,3.7029543419874664
2006,5,8,1070,0,4.438185661086322
2006,5,9,865,0,5.1252680026299995
2006,5,10,779,0,5.543336253284946
2006,5,11,634,0,6.210485071702845
2006,5,12,673,0,7.276379828103966
2006,5,13,759,0,8.173583010074513
2006,5,14,770,0,9.091058680573136
2006,5,15,959,0,10.829432643780157
2006,5,16,640,0,12.542871262663702
2006,5,17,1001,0,13.913297574253463
2006,5,18,1166,0,16.49049898820394
2006,5,19,1064,0,17.56956577430511
2006,5,20,1064,0,18.859978435600862
2006,5,21,1254,0,19.45685144906237
2006,5,22,844,0,18.616648687522474
2006,5,23,993,0,15.680942076392734
2006,6,0,395,0,25.854264972776768
2006,6,1,307,0,18.476112026359143
2006,6,2,202,0,17.588089330024815
2006,6,3,191,0,19.316526610644257
2006,6,4,681,0,13.997727272727273
2006,6,5,821,0,11.334440753045405
2006,6,6,927,0,9.652621018309507
2006,6,7,667,0,5.5369324599051275
2006,6,8,806,0,5.892704152190778
2006,6,9,650,0,6.542537995657639
2006,6,10,685,0,7.125279754570372
2006,6,11,1372,0,8.420549904211974
2006,6,12,987,0,9.657620205506314
2006,6,13,761,0,10.264347013836185
2006,6,14,1021,0,11.65413264391942
2006,6,15,1087,0,14.06319375443577
2006,6,16,1154,0,15.978268050967438
2006,6,17,1198,0,18.23853703008527
2006,6,18,797,0,20.694184865413916
2006,6,19,1051,0,23.043999360784106
2006,6,20,1011,0,24.532585774888982
2006,6,21,1171,0,27.195932733672272
2006,6,22,849,0,27.151768444321636
2006,6,23,701,0,24.731933929800412
2006,7,0,819,0,25.111600587371512
2006,7,1,370,0,20.645214521452147
2006,7,2,249,0,21.047961630695443
2006,7,3,175,0,23.657608695652176
2006,7,4,305,0,14.642398286937901
2006,7,5,825,0,11.003312629399586
2006,7,6,642,0,10.953671759487433
2006,7,7,763,0,6.494311067559475
2006,7,8,1139,0,6.410040453610982
2006,7,9,718,0,7.235625673472771
2006,7,10,1382,0,7.63601346931854
2006,7,11,678,0,8.931653461488505
2006,7,12,758,0,9.80320348734065
2006,7,13,713,0,11.252519565339789
2006,7,14,1184,0,12.245633026620085
2006,7,15,1018,0,13.648495001647808
2006,7,16,1666,0,16.126703279027552
2006,7,17,1291,0,18.582990717037728
2006,7,18,1206,0,20.56688286355213
2006,7,19,1027,0,22.574869028071
2006,7,20,1020,0,23.20523311132255
2006,7,21,1379,0,25.77321391500341
2006,7,22,1074,0,25.43774706785586
2006,7,23,597,0,24.106923917692345
2006,8,0,536,0,20.830820215410107
2006,8,1,174,0,13.207516339869281
2006,8,2,174,0,15.331807780320366
2006,8,3,212,0,12.711815561959654
2006,8,4,320,0,7.96304347826087
2006,8,5,351,0,8.94070981210856
2006,8,6,695,0,9.31195228821811
2006,8,7,799,0,5.5661269974768715
2006,8,8,981,0,5.790173671637937
2006,8,9,1422,0,6.1208499335989375
2006,8,10,616,0,6.871076044989088
2006,8,11,854,0,8.033776472406863
2006,8,12,1291,0,8.691763352670534
2006,8,13,571,0,9.245931942304999
2006,8,14,1166,0,10.423860282459692
2006,8,15,1077,0,11.878765870454057
2006,8,16,1278,0,13.343923462250102
2006,8,17,1168,0,15.267481762029435
2006,8,18,919,0,16.464377538025325
2006,8,19,842,0,18.673660152538456
2006,8,20,730,0,19.95475345536048
2006,8,21,869,0,21.737599536701897
2006,8,22,688,0,21.41648298993771
2006,8,23,698,0,20.053543823488077
2006,9,0,353,0,16.831651489047502
2006,9,1,217,0,12.26528384279476
2006,9,2,255,0,7.5
2006,9,3,159,0,11.24892703862661
2006,9,4,754,0,10.719402985074627
2006,9,5,771,0,7.504538577912254
2006,9,6,468,0,6.132282578103012
2006,9,7,715,0,4.576712001908852
2006,9,8,775,0,4.786765991676284
2006,9,9,929,0,5.693074610874676
2006,9,10,799,0,6.131907490790012
2006,9,11,596,0,7.58362671288523
2006,9,12,513,0,8.039382650345928
2006,9,13,1314,0,8.741966810431007
2006,9,14,1268,0,9.499910693781736
2006,9,15,1286,0,11.406329923273658
2006,9,16,1037,0,13.195097761405497
2006,9,17,470,0,14.423093390420123
2006,9,18,1129,0,16.23704450888917
2006,9,19,1103,0,17.80704186304408
2006,9,20,970,0,19.154531128842642
2006,9,21,874,0,19.909253326761952
2006,9,22,897,0,18.179548588431672
2006,9,23,950,0,16.90553110900685
2006,10,0,390,0,15.974770101391181
2006,10,1,305,0,14.518711018711018
2006,10,2,264,0,12.207627118644067
2006,10,3,201,0,10.389380530973451
2006,10,4,122,0,4.69811320754717
2006,10,5,1040,0,8.097783251231528
2006,10,6,965,0,7.918694612463075
2006,10,7,634,0,5.362457853737937
2006,10,8,958,0,5.499545836837679
2006,10,9,990,0,6.251823361823361
2006,10,10,860,0,6.718390947216914
2006,10,11,671,0,8.474987643401576
2006,10,12,590,0,9.856861557103908
2006,10,13,712,0,11.219767694311768
2006,10,14,1342,0,12.334420280971878
2006,10,15,1283,0,14.374941689762094
2006,10,16,1752,0,15.944537662691035
2006,10,17,1294,0,17.220925759712784
2006,10,18,659,0,18.07106831728565
2006,10,19,1061,0,19.147174388861053
2006,10,20,1155,0,20.70085532038272
2006,10,21,658,0,20.687312890568233
2006,10,22,1021,0,19.596242011669908
2006,10,23,658,0,17.83469345051266
2006,11,0,345,0,16.216815034619188
2006,11,1,303,0,13.583333333333334
2006,11,2,158,0,12.125592417061611
2006,11,3,150,0,11.993243243243244
2006,11,4,766,0,9.774674115456238
2006,11,5,1197,0,9.545362392295996
2006,11,6,407,0,6.558491732344305
2006,11,7,980,0,5.013302337595247
2006,11,8,671,0,4.693827604822746
2006,11,9,1163,0,5.3963583305468585
2006,11,10,740,0,6.018280941305925
2006,11,11,574,0,7.361408126336569
2006,11,12,833,0,8.12348367029549
2006,11,13,621,0,9.010901938746839
2006,11,14,1188,0,10.109196006305833
2006,11,15,557,0,11.709659824888762
2006,11,16,1154,0,13.115072710147258
2006,11,17,960,0,14.835893421159193
2006,11,18,1007,0,15.581570163219176
2006,11,19,1068,0,17.162625406631857
2006,11,20,843,0,18.150526398286267
2006,11,21,1410,0,19.34039039924515
2006,11,22,573,0,17.631237158790725
2006,11,23,691,0,17.204451370963813
2006,12,0,881,0,21.21667817679558
2006,12,1,264,0,17.773549000951476
2006,12,2,258,0,22.788018433179722
2006,12,3,165,0,19.544554455445546
2006,12,4,211,0,7.83852140077821
2006,12,5,1402,0,12.883552014995313
2006,12,6,570,0,9.33402489626556
2006,12,7,899,0,6.98272639381244
2006,12,8,998,0,6.95479562633008
2006,12,9,941,0,8.079796727063735
2006,12,10,822,0,8.884258683706706
2006,12,11,674,0,10.471486244418896
2006,12,12,834,0,12.127524762717563
2006,12,13,1359,0,13.19922213828031
2006,12,14,659,0,14.596412787842763
2006,12,15,1330,0,16.333775133244973
2006,12,16,1033,0,17.642117770719558
2006,12,17,1119,0,19.388543804688343
2006,12,18,1265,0,19.826014611444766
2006,12,19,953,0,21.174217361585782
2006,12,20,938,0,21.70796036208679
2006,12,21,1275,0,22.809960218063946
2006,12,22,725,0,21.656514858449093
2006,12,23,914,0,21.847829108938416
2007,1,0,760,0,20.473144104803495
2007,1,1,289,0,13.341535433070867
2007,1,2,198,0,15.190600522193211
2007,1,3,366,0,21.76158940397351
2007,1,4,195,0,7.327345309381237
2007,1,5,842,0,10.237542331881954
2007,1,6,632,0,7.851897946484132
2007,1,7,952,0,5.9857209737827715
2007,1,8,838,0,5.613859611385961
2007,1,9,705,0,6.802825105577399
2007,1,10,1406,0,7.62919761353951
2007,1,11,563,0,8.960989067656765
2007,1,12,663,0,10.393610307651853
2007,1,13,795,0,10.918070464808155
2007,1,14,1194,0,12.287716020551144
2007,1,15,728,0,13.231950049078417
2007,1,16,562,0,15.007127424994989
2007,1,17,1199,0,16.645686091478865
2007,1,18,1198,0,17.41966525055024
2007,1,19,984,0,17.973907455012853
2007,1,20,1100,0,19.634583529062724
2007,1,21,1126,0,20.000345512654402
2007,1,22,735,0,18.2396558650241
2007,1,23,764,0,18.49902895081523
2007,2,0,1089,0,23.222455159562077
2007,2,1,292,0,16.565079365079367
2007,2,2,419,0,19.86416184971098
2007,2,3,165,0,21.47222222222222
2007,2,4,206,0,11.02510460251046
2007,2,5,857,0,12.533160621761658
2007,2,6,845,0,10.918861587413824
2007,2,7,1000,0,8.647723603487245
2007,2,8,855,0,7.864239862844384
2007,2,9,763,0,9.086458435327524
2007,2,10,919,0,10.762468048077446
2007,2,11,1048,0,12.212615599371837
2007,2,12,873,0,14.140281273131015
2007,2,13,701,0,13.81868000239564
2007,2,14,1267,0,15.876643373208575
2007,2,15,1028,0,16.83975819435584
2007,2,16,1340,0,17.48527197912485
2007,2,17,1136,0,19.533004926108376
2007,2,18,1328,0,20.884053412632603
2007,2,19,1307,0,20.978488303749852
2007,2,20,923,0,21.874384236453203
2007,2,21,1073,0,23.039844413937374
2007,2,22,996,0,22.630347618171786
2007,2,23,710,0,21.248550834215433
2007,3,0,758,0,21.90407288317256
2007,3,1,250,0,17.815859030837004
2007,3,2,231,0,22.42325581395349
2007,3,3,242,0,19.506276150627617
2007,3,4,186,0,9.661190965092402
2007,3,5,1333,0,10.309458023379383
2007,3,6,646,0,8.54366998577525
2007,3,7,1038,0,6.256065539334103
2007,3,8,1003,0,6.522209046247671
2007,3,9,888,0,7.016662976085031
2007,3,10,875,0,8.932110659149837
2007,3,11,753,0,9.821983121287065
2007,3,12,645,0,10.815622531910016
2007,3,13,1547,0,11.887244802397452
2007,3,14,1290,0,13.283920359795847
2007,3,15,1340,0,14.868832411739685
2007,3,16,1106,0,15.955103905001142
2007,3,17,1173,0,17.668074864940984
2007,3,18,930,0,19.40581495626463
2007,3,19,1071,0,19.806647576738833
2007,3,20,1190,0,21.641202328620647
2007,3,21,1164,0,21.716312679187876
2007,3,22,951,0,21.747142857142858
2007,3,23,673,0,21.402779633836698
2007,4,0,351,0,19.86525104187339
2007,4,1,340,0,16.44518272425249
2007,4,2,232,0,19.19788918205805
2007,4,3,143,0,11.812977099236642
2007,4,4,129,0,4.031700288184438
2007,4,5,1025,0,8.969871510855118
2007,4,6,605,0,7.954708520179373
2007,4,7,950,0,4.76536312849162
2007,4,8,737,0,5.214006841032374
2007,4,9,723,0,5.889624410477868
2007,4,10,753,0,7.190371663756547
2007,4,11,1415,0,8.267722593653826
2007,4,12,1372,0,9.48565653424551
2007,4,13,627,0,10.287352435691545
2007,4,14,545,0,11.289929158990061
2007,4,15,591,0,13.494764255873257
2007,4,16,1008,0,14.686326162251817
2007,4,17,1135,0,16.001961847234053
2007,4,18,1087,0,17.889609421586165
2007,4,19,1125,0,17.73117469879518
2007,4,20,1111,0,19.29623484053586
2007,4,21,1099,0,20.19469968964888
2007,4,22,985,0,20.012640586004604
2007,4,23,896,0,19.351070223290648
2007,5,0,289,0,17.402757468142887
2007,5,1,308,0,13.5078125
2007,5,2,330,0,15.029508196721311
2007,5,3,141,0,9.28135593220339
2007,5,4,307,0,7.963235294117647
2007,5,5,703,0,8.26805588444234
2007,5,6,850,0,7.379371343039869
2007,5,7,1416,0,4.320080862533692
2007,5,8,750,0,4.2753816857648745
2007,5,9,748,0,5.254867685025817
2007,5,10,652,0,5.722781469898358
2007,5,11,565,0,6.409166389903686
2007,5,12,1277,0,6.9510967548076925
2007,5,13,1231,0,7.490132292344394
2007,5,14,1179,0,8.871002550519913
2007,5,15,1354,0,10.247244924861587
2007,5,16,1249,0,11.939207794958696
2007,5,17,1116,0,14.037502184714489
2007,5,18,1041,0,15.639876572513648
2007,5,19,1200,0,16.84650239965681
2007,5,20,959,0,18.290473174279214
2007,5,21,832,0,18.812222189514586
2007,5,22,802,0,18.68618170266836
2007,5,23,731,0,17.43866876504351
2007,6,0,1258,0,33.747782002534855
2007,6,1,544,0,22.471446700507613
2007,6,2,204,0,16.46055979643766
2007,6,3,245,0,23.05945945945946
2007,6,4,273,0,16.001675041876048
2007,6,5,1122,0,16.174089984173637
2007,6,6,819,0,13.640116049057102
2007,6,7,1064,0,7.282902644230769
2007,6,8,1243,0,7.255831793298232
2007,6,9,887,0,7.860337439742903
2007,6,10,827,0,8.905086693649128
2007,6,11,1283,0,9.974916212819439
2007,6,12,737,0,10.851054090481398
2007,6,13,578,0,11.71869849389031
2007,6,14,1123,0,13.750966590661248
2007,6,15,1077,0,16.928496406854617
2007,6,16,1133,0,19.861455108359134
2007,6,17,1091,0,24.11580338266385
2007,6,18,1134,0,26.141438586861604
2007,6,19,1063,0,28.795193628124142
2007,6,20,1133,0,31.31955109273479
2007,6,21,1360,0,33.22203187616629
2007,6,22,1199,0,33.79555686044235
2007,6,23,928,0,30.626066755167837
2007,7,0,874,0,28.111092851273625
2007,7,1,322,0,24.393529411764707
2007,7,2,212,0,17.57788944723618
2007,7,3,175,0,24.95909090909091
2007,7,4,780,0,13.432973805855163
2007,7,5,983,0,14.297898388084064
2007,7,6,538,0,10.995297191378183
2007,7,7,1095,0,6.676579572446556
2007,7,8,888,0,6.7531353586440215
2007,7,9,730,0,6.99129112880369
2007,7,10,637,0,8.592313729337322
2007,7,11,947,0,9.500470630135592
2007,7,12,769,0,10.42504387675507
2007,7,13,1200,0,11.727487111988593
2007,7,14,819,0,13.90641996891997
2007,7,15,1165,0,16.166740634381934
2007,7,16,1369,0,19.12679516250945
2007,7,17,1276,0,21.97176771732584
2007,7,18,964,0,23.752312312312313
2007,7,19,1150,0,26.929832810867293
2007,7,20,1132,0,28.54597797663316
2007,7,21,991,0,30.023552253925377
2007,7,22,1128,0,29.428889585947303
2007,7,23,939,0,27.63067702552719
2007,8,0,452,0,28.720292504570384
2007,8,1,316,0,20.148871262965223
2007,8,2,133,0,15.495548961424332
2007,8,3,285,0,20.065934065934066
2007,8,4,702,0,12.359300476947535
2007,8,5,1449,0,13.503762631692108
2007,8,6,1236,0,11.15284702177906
2007,8,7,827,0,6.392077456593586
2007,8,8,831,0,6.50341073288753
2007,8,9,1429,0,7.4859848969665945
2007,8,10,829,0,8.687797833935019
2007,8,11,1262,0,9.714064010583625
2007,8,12,1230,0,10.651594846306036
2007,8,13,846,0,11.776737604092963
2007,8,14,647,0,12.894741948001553
2007,8,15,1271,0,15.023304267304576
2007,8,16,1014,0,17.572658645907055
2007,8,17,1351,0,19.73255496889021
2007,8,18,1100,0,21.914957407319278
2007,8,19,1110,0,24.34794081125828
2007,8,20,1022,0,25.83768864460186
2007,8,21,1102,0,27.497796013417982
2007,8,22,951,0,28.150807282720713
2007,8,23,762,0,26.135674451028233
2007,9,0,682,0,13.401021995112197
2007,9,1,718,0,10.277840269966255
2007,9,2,174,0,13.371794871794872
2007,9,3,148,0,4.318965517241379
2007,9,4,661,0,9.767391304347827
2007,9,5,1438,0,8.237959606421544
2007,9,6,443,0,6.44906580016247
2007,9,7,1677,0,3.9857593273778247
2007,9,8,828,0,3.9085441423051686
2007,9,9,687,0,4.397460572807446
2007,9,10,880,0,5.133689285158883
2007,9,11,1345,0,5.920876573776537
2007,9,12,1523,0,6.552191583496245
2007,9,13,1529,0,7.476540257373875
2007,9,14,1227,0,7.918697506137744
2007,9,15,973,0,9.23113244875887
2007,9,16,1040,0,10.493114001530222
2007,9,17,1689,0,12.179593125773087
2007,9,18,991,0,12.645422678317415
2007,9,19,1084,0,13.552088814058719
2007,9,20,1102,0,14.439272542286659
2007,9,21,718,0,14.169902316151624
2007,9,22,991,0,14.67023359910477
2007,9,23,679,0,12.948058915333593
2007,10,0,353,0,16.424588086185043
2007,10,1,206,0,10.541845493562231
2007,10,2,154,0,10.444444444444445
2007,10,3,163,0,8.925465838509316
2007,10,4,257,0,9.541832669322709
2007,10,5,1831,0,7.665327642480542
2007,10,6,841,0,7.2609432799013565
2007,10,7,615,0,4.31894198799067
2007,10,8,735,0,4.47891203305216
2007,10,9,1736,0,4.81093344266776
2007,10,10,1355,0,6.017162158805852
2007,10,11,1350,0,7.002294445424977
2007,10,12,1244,0,7.260031279018621
2007,10,13,441,0,8.274212676241929
2007,10,14,1290,0,9.632530418439014
2007,10,15,2601,0,11.222122693420008
2007,10,16,1025,0,12.109100753508098
2007,10,17,1157,0,14.704487743557511
2007,10,18,1122,0,15.022557481685645
2007,10,19,1007,0,16.19089450767703
2007,10,20,1037,0,17.092470908699912
2007,10,21,723,0,17.01026706231454
2007,10,22,870,0,17.144479390829332
2007,10,23,836,0,15.361813908475044
2007,11,0,317,0,16.255969277007846
2007,11,1,281,0,14.853994490358128
2007,11,2,292,0,10.628019323671497
2007,11,3,73,0,8.212121212121213
2007,11,4,756,0,7.973637961335677
2007,11,5,488,0,7.822189202575532
2007,11,6,809,0,6.842253989361702
2007,11,7,1050,0,4.315888679454485
2007,11,8,854,0,4.268898335104499
2007,11,9,940,0,4.945253466894416
2007,11,10,908,0,5.697739899942178
2007,11,11,660,0,6.644361070668608
2007,11,12,836,0,7.409363240245593
2007,11,13,585,0,8.25422103861518
2007,11,14,968,0,9.155569234063051
2007,11,15,655,0,10.495452996828892
2007,11,16,589,0,11.58631095260956
2007,11,17,500,0,13.152528751558819
2007,11,18,1137,0,14.266608369126308
2007,11,19,1117,0,15.293147820492198
2007,11,20,1024,0,15.652886923562855
2007,11,21,915,0,16.818329751304884
2007,11,22,712,0,15.893725607925548
2007,11,23,675,0,14.834035423647679
2007,12,0,707,0,26.445844215701335
2007,12,1,323,0,19.46625
2007,12,2,347,0,14.914712153518124
2007,12,3,118,0,20.150943396226417
2007,12,4,262,0,10.860153256704981
2007,12,5,853,0,13.944102437823195
2007,12,6,762,0,12.970784375992379
2007,12,7,1657,0,8.998808307797072
2007,12,8,1956,0,7.572522408099576
2007,12,9,972,0,9.416278172046203
2007,12,10,1149,0,10.616141047926495
2007,12,11,655,0,12.439582861029246
2007,12,12,1305,0,14.612538979981894
2007,12,13,517,0,15.793752503003605
2007,12,14,1330,0,17.775369404606693
2007,12,15,1118,0,19.656253309329664
2007,12,16,1219,0,21.274401902718836
2007,12,17,1244,0,23.642843308154173
2007,12,18,1160,0,24.70252188684176
2007,12,19,1117,0,26.015724313270326
2007,12,20,1233,0,26.007002695281997
2007,12,21,943,0,26.751890034364262
2007,12,22,793,0,27.174565642027346
2007,12,23,617,0,25.934954545454545
2008,1,0,394,0,21.010811768876284
2008,1,1,334,0,16.084840055632824
2008,1,2,212,0,10.426315789473684
2008,1,3,115,0,17.291666666666668
2008,1,4,163,0,7.8432432432432435
2008,1,5,813,0,11.593918191603874
2008,1,6,472,0,11.417012104128668
2008,1,7,1021,0,7.0648330058939095
2008,1,8,757,0,5.9653837727305925
2008,1,9,897,0,7.226260692338573
2008,1,10,756,0,8.331249523519098
2008,1,11,587,0,9.957485506422644
2008,1,12,595,0,11.316956634640354
2008,1,13,808,0,12.156719680821993
2008,1,14,897,0,14.241297662139727
2008,1,15,928,0,15.960863184214817
2008,1,16,1120,0,16.033212476177194
2008,1,17,1105,0,18.96558406113537
2008,1,18,1024,0,18.572035607670173
2008,1,19,892,0,19.983054918076533
2008,1,20,1172,0,20.28335719129059
2008,1,21,731,0,21.537751598576243
2008,1,22,1355,0,20.752027448533998
2008,1,23,604,0,19.500705550329258
2008,2,0,372,0,22.766469093988146
2008,2,1,320,0,16.50324254215305
2008,2,2,222,0,14.795389048991355
2008,2,3,140,0,17.767123287671232
2008,2,4,199,0,10.917981072555206
2008,2,5,2457,0,10.850360096025607
2008,2,6,943,0,9.732158907064534
2008,2,7,684,0,6.6875612144955925
2008,2,8,940,0,6.878706199460916
2008,2,9,785,0,8.125572630689756
2008,2,10,965,0,9.561844006433848
2008,2,11,859,0,11.359356197352588
2008,2,12,876,0,12.525702822434594
2008,2,13,917,0,13.552748531034688
2008,2,14,1348,0,15.755692272309108
2008,2,15,1215,0,16.395458985820433
2008,2,16,1357,0,18.061203371864117
2008,2,17,1179,0,20.01006631220503
2008,2,18,1216,0,21.066288919083
2008,2,19,1120,0,22.3556723609286
2008,2,20,1148,0,22.684045429962143
2008,2,21,1249,0,23.371847030105776
2008,2,22,886,0,23.881142650515276
2008,2,23,814,0,21.351000594412522
2008,3,0,292,0,21.25748757984386
2008,3,1,314,0,15.095327102803738
2008,3,2,128,0,10.545454545454545
2008,3,3,117,0,13.434782608695652
2008,3,4,346,0,11.053571428571429
2008,3,5,1198,0,11.903723887375113
2008,3,6,933,0,10.525925925925925
2008,3,7,996,0,5.933146305314419
2008,3,8,708,0,6.155714084903008
2008,3,9,790,0,7.248243825062316
2008,3,10,947,0,8.312433338412312
2008,3,11,672,0,9.734715361567739
2008,3,12,1201,0,11.295689226988733
2008,3,13,1225,0,12.193016596702899
2008,3,14,583,0,13.623431514991415
2008,3,15,1090,0,15.617400506864957
2008,3,16,1268,0,17.261960932339342
2008,3,17,1521,0,19.22107808509482
2008,3,18,1133,0,20.009635716388747
2008,3,19,1042,0,20.685527717821916
2008,3,20,872,0,22.118981200727713
2008,3,21,912,0,22.14870499436954
2008,3,22,1069,0,22.94047121596863
2008,3,23,889,0,21.20618556701031
2008,4,0,586,0,16.819932049830125
2008,4,1,241,0,10.506285714285715
2008,4,2,173,0,10.202702702702704
2008,4,3,145,0,12.564102564102564
2008,4,4,378,0,7.154150197628459
2008,4,5,957,0,10.895118898623279
2008,4,6,861,0,8.051831706926892
2008,4,7,714,0,4.238782131270277
2008,4,8,780,0,4.553199176270819
2008,4,9,864,0,5.08567498526233
2008,4,10,819,0,5.712478587429174
2008,4,11,846,0,7.0940695296523515
2008,4,12,1311,0,7.762218045112782
2008,4,13,1401,0,8.603736397956917
2008,4,14,713,0,10.336337457337883
2008,4,15,1042,0,11.212855107684572
2008,4,16,2467,0,12.610501721593703
2008,4,17,1295,0,14.193700356066831
2008,4,18,1545,0,15.238228113010114
2008,4,19,852,0,16.145094350063637
2008,4,20,963,0,16.79881847742448
2008,4,21,1044,0,17.39088932993101
2008,4,22,710,0,17.57292573494944
2008,4,23,617,0,16.81334399849433
2008,5,0,303,0,14.561445372422021
2008,5,1,292,0,9.425879396984925
2008,5,2,164,0,8.57089552238806
2008,5,3,83,0,6.626666666666667
2008,5,4,177,0,6.38801261829653
2008,5,5,1096,0,9.666133089412304
2008,5,6,716,0,7.198615098800878
2008,5,7,901,0,3.6069415743002065
2008,5,8,790,0,3.8243850267379678
2008,5,9,799,0,4.380648532687918
2008,5,10,833,0,5.302998435375894
2008,5,11,669,0,6.569739148635567
2008,5,12,1258,0,7.684030896353511
2008,5,13,605,0,9.032084251775656
2008,5,14,1141,0,10.279543581289923
2008,5,15,1215,0,11.417882968220509
2008,5,16,482,0,12.495708568397704
2008,5,17,1131,0,13.520138211167673
2008,5,18,1952,0,14.786106791083464
2008,5,19,1138,0,15.27831774718924
2008,5,20,1115,0,15.605302787172587
2008,5,21,777,0,16.21620465173141
2008,5,22,971,0,16.42988369019297
2008,5,23,585,0,15.266975729479139
2008,6,0,910,0,27.393828798938287
2008,6,1,307,0,20.649558941459503
2008,6,2,260,0,15.387832699619771
2008,6,3,215,0,18.223809523809525
2008,6,4,202,0,19.09313725490196
2008,6,5,774,0,16.283555555555555
2008,6,6,790,0,12.461549837326235
2008,6,7,671,0,5.9056766055045875
2008,6,8,789,0,5.439262736915319
2008,6,9,927,0,6.403474585574706
2008,6,10,772,0,7.553403618378238
2008,6,11,864,0,8.622685740163563
2008,6,12,733,0,9.712196861626248
2008,6,13,627,0,10.744110958250273
2008,6,14,703,0,12.592217194570136
2008,6,15,647,0,15.219011782800957
2008,6,16,1192,0,17.751965795164143
2008,6,17,1189,0,21.283788656219663
2008,6,18,1710,0,23.36961539459011
2008,6,19,1358,0,25.59474923346474
2008,6,20,1037,0,26.95763263263263
2008,6,21,1153,0,28.99617642631341
2008,6,22,1037,0,29.044243070362473
2008,6,23,907,0,28.044173615565533
2008,7,0,738,0,25.847976307996053
2008,7,1,416,0,19.76450034940601
2008,7,2,233,0,16.849624060150376
2008,7,3,217,0,16.938053097345133
2008,7,4,696,0,21.907268170426065
2008,7,5,871,0,13.462554157210645
2008,7,6,837,0,10.805000698421567
2008,7,7,1093,0,5.477602437582427
2008,7,8,1206,0,4.842933171651846
2008,7,9,949,0,5.9446929000502795
2008,7,10,1337,0,6.825912744829646
2008,7,11,623,0,7.637724092139537
2008,7,12,1518,0,8.733334971979156
2008,7,13,612,0,10.025500217485863
2008,7,14,1259,0,12.066385198062834
2008,7,15,996,0,13.921098319933758
2008,7,16,1165,0,15.904546644143608
2008,7,17,892,0,18.199202975557917
2008,7,18,975,0,20.88106839009366
2008,7,19,940,0,24.203926451886392
2008,7,20,1127,0,25.419315108191654
2008,7,21,1126,0,26.49085729236315
2008,7,22,841,0,25.974626573609026
2008,7,23,1316,0,25.577739481316463
2008,8,0,433,0,22.46065340909091
2008,8,1,360,0,17.081177520071364
2008,8,2,268,0,17.619718309859156
2008,8,3,228,0,18.92737430167598
2008,8,4,417,0,14.258992805755396
2008,8,5,579,0,11.426215644820296
2008,8,6,603,0,8.611997635933806
2008,8,7,1045,0,5.347080674349938
2008,8,8,642,0,5.279161434351891
2008,8,9,795,0,5.523596541161801
2008,8,10,582,0,6.907400389095227
2008,8,11,1367,0,8.175242807885663
2008,8,12,1300,0,9.366782522343595
2008,8,13,664,0,9.925555770881205
2008,8,14,1101,0,11.404717504158057
2008,8,15,1125,0,12.279298150163221
2008,8,16,623,0,14.013753790175864
2008,8,17,1092,0,15.83947968351884
2008,8,18,1030,0,17.146191899412553
2008,8,19,1111,0,18.56645192724123
2008,8,20,1167,0,19.779156753574846
2008,8,21,901,0,20.292800913406648
2008,8,22,892,0,20.70882450882451
2008,8,23,1019,0,20.985519888346126
2008,9,0,270,0,9.889313889552952
2008,9,1,133,0,5.210300429184549
2008,9,2,37,0,1.9183673469387754
2008,9,3,93,0,5.070588235294117
2008,9,4,117,0,5.141025641025641
2008,9,5,1395,0,6.765432098765432
2008,9,6,1001,0,5.315211521152115
2008,9,7,774,0,3.3532944814462415
2008,9,8,1552,0,3.457091948783823
2008,9,9,836,0,3.7572857899822334
2008,9,10,817,0,4.5465601896269545
2008,9,11,609,0,5.380185179941671
2008,9,12,596,0,6.231820905278065
2008,9,13,636,0,6.538808442753712
2008,9,14,1183,0,7.3068279339197595
2008,9,15,582,0,8.062394168125591
2008,9,16,1024,0,8.360569866896098
2008,9,17,483,0,9.358008192673077
2008,9,18,1227,0,10.145423221396898
2008,9,19,1146,0,10.198693679373429
2008,9,20,404,0,10.334346672562459
2008,9,21,815,0,10.680909486655727
2008,9,22,646,0,9.932735248784729
2008,9,23,635,0,8.770841654778888
2008,10,0,228,0,8.649193548387096
2008,10,1,263,0,7.374631268436578
2008,10,2,64,0,1.7424242424242424
2008,10,3,153,0,7.397435897435898
2008,10,4,315,0,8.221893491124261
2008,10,5,960,0,4.9081944916695
2008,10,6,966,0,4.883636363636364
2008,10,7,682,0,2.807858807858808
2008,10,8,623,0,2.8913201453371014
2008,10,9,816,0,3.6281275161780933
2008,10,10,805,0,4.204551008770739
2008,10,11,1369,0,4.850523538626432
2008,10,12,877,0,5.354514699326008
2008,10,13,512,0,5.95943715799531
2008,10,14,1351,0,6.371901472696468
2008,10,15,561,0,7.200163733115023
2008,10,16,1215,0,7.519409002630479
2008,10,17,1146,0,8.896170921198667
2008,10,18,864,0,9.184007966411885
2008,10,19,598,0,10.15124989479
2008,10,20,416,0,10.386827210593763
2008,10,21,902,0,10.611412156427498
2008,10,22,676,0,10.14709998445032
2008,10,23,580,0,9.04016891000264
2008,11,0,351,0,13.65727321524423
2008,11,1,283,0,13.27094972067039
2008,11,2,155,0,12.279411764705882
2008,11,3,188,0,12.17142857142857
2008,11,4,103,0,2.7582781456953644
2008,11,5,724,0,5.333206974981047
2008,11,6,755,0,5.106248727864848
2008,11,7,651,0,3.126339024865286
2008,11,8,738,0,3.1426460361613353
2008,11,9,715,0,3.570706553290305
2008,11,10,631,0,4.58033729190391
2008,11,11,518,0,5.586123825584196
2008,11,12,775,0,6.168422841604351
2008,11,13,470,0,6.7258222735141375
2008,11,14,571,0,7.923716122970315
2008,11,15,772,0,9.19019516185579
2008,11,16,1003,0,9.698045026776894
2008,11,17,1240,0,11.311978625500965
2008,11,18,1100,0,11.933029665292473
2008,11,19,1286,0,13.38562091503268
2008,11,20,953,0,13.554566261024897
2008,11,21,990,0,13.628555513003516
2008,11,22,877,0,13.332548583169249
2008,11,23,534,0,11.950903872299714
2008,12,0,1011,0,28.917038777908342
2008,12,1,161,0,20.261904761904763
2008,12,2,95,0,10.619718309859154
2008,12,3,284,0,21.27848101265823
2008,12,4,356,0,16.322709163346612
2008,12,5,879,0,19.58958923512748
2008,12,6,1002,0,15.35003885003885
2008,12,7,1092,0,8.827254404785124
2008,12,8,875,0,8.55129129383826
2008,12,9,911,0,9.786505236475218
2008,12,10,815,0,11.0053605073906
2008,12,11,643,0,13.34136147693788
2008,12,12,618,0,15.664637268847795
2008,12,13,999,0,17.151917279463557
2008,12,14,1178,0,19.670667601191518
2008,12,15,1597,0,21.13433658083971
2008,12,16,1011,0,21.1346792609508
2008,12,17,1280,0,24.12187665353636
2008,12,18,1403,0,24.65505008939467
2008,12,19,1428,0,25.707168133279055
2008,12,20,994,0,26.520692579118684
2008,12,21,1098,0,26.4128743545611
2008,12,22,933,0,28.341773209659898
2008,12,23,765,0,26.02004988018974
2009,1,0,291,0,15.147313691507799
2009,1,1,208,0,10.98951048951049
2009,1,2,253,0,19.393939393939394
2009,1,3,141,0,15.31578947368421
2009,1,4,216,0,6.813008130081301
2009,1,5,940,0,10.509511376352107
2009,1,6,945,0,7.855866355866356
2009,1,7,872,0,4.993985061801838
2009,1,8,800,0,5.478236702582521
2009,1,9,814,0,6.153630705394191
2009,1,10,1256,0,7.264587985257324
2009,1,11,619,0,8.13739720907052
2009,1,12,1723,0,9.494817994408518
2009,1,13,828,0,9.78414747077208
2009,1,14,879,0,10.780001800558173
2009,1,15,1065,0,11.656655092592592
2009,1,16,1033,0,11.870960063475271
2009,1,17,1178,0,12.840492753623188
2009,1,18,1051,0,13.238000293212139
2009,1,19,1501,0,14.21038914352476
2009,1,20,1049,0,14.124639338015134
2009,1,21,1059,0,14.662530104361787
2009,1,22,925,0,14.159117730842794
2009,1,23,578,0,13.416363636363636
2009,2,0,323,0,14.222739726027397
2009,2,1,417,0,12.7601246105919
2009,2,2,140,0,14.254545454545454
2009,2,3,63,0,8.285714285714286
2009,2,4,511,0,6.605947955390334
2009,2,5,1357,0,6.688184220460551
2009,2,6,493,0,5.846184901090028
2009,2,7,968,0,3.3687448161459774
2009,2,8,688,0,3.788514005092761
2009,2,9,775,0,4.108215194474736
2009,2,10,613,0,4.83896977782934
2009,2,11,500,0,5.9243237801194715
2009,2,12,1094,0,6.964964093636335
2009,2,13,399,0,7.295874734672532
2009,2,14,1280,0,9.336097688389708
2009,2,15,712,0,9.75582321639104
2009,2,16,461,0,9.840712556208924
2009,2,17,1072,0,11.443249889652563
2009,2,18,912,0,12.458979481812705
2009,2,19,460,0,13.15697213785818
2009,2,20,932,0,12.72291642450308
2009,2,21,1119,0,14.32313657906075
2009,2,22,364,0,13.639124940079313
2009,2,23,550,0,13.257935060197008
2009,3,0,802,0,15.968932822271535
2009,3,1,204,0,9.666666666666666
2009,3,2,134,0,13.581818181818182
2009,3,3,235,0,9.607476635514018
2009,3,4,160,0,6.073426573426573
2009,3,5,1691,0,9.019186991869919
2009,3,6,716,0,6.094161652301187
2009,3,7,934,0,4.256023916292975
2009,3,8,803,0,4.61693138252093
2009,3,9,759,0,5.0816154158976445
2009,3,10,634,0,6.291548436712721
2009,3,11,716,0,7.642410360320676
2009,3,12,783,0,8.486515612047526
2009,3,13,1210,0,9.906982649174777
2009,3,14,1306,0,11.437414422638065
2009,3,15,1146,0,12.524658573596358
2009,3,16,934,0,13.56316714311941
2009,3,17,1110,0,14.870483025426818
2009,3,18,1184,0,14.90046984903667
2009,3,19,1132,0,16.754333082140167
2009,3,20,925,0,15.939529029212776
2009,3,21,1080,0,16.40300410498818
2009,3,22,549,0,16.1349020810179
2009,3,23,467,0,14.464584705107704
2009,4,0,399,0,20.02962962962963
2009,4,1,265,0,11.03831417624521
2009,4,2,164,0,16.683333333333334
2009,4,3,211,0,11.859649122807017
2009,4,4,154,0,5.996153846153846
2009,4,5,1124,0,7.941998810232005
2009,4,6,787,0,7.0360899528472975
2009,4,7,998,0,4.1471366631004
2009,4,8,771,0,4.106534147607073
2009,4,9,638,0,4.555107179752066
2009,4,10,834,0,5.712831737346101
2009,4,11,579,0,7.291945306902317
2009,4,12,920,0,8.010551261073182
2009,4,13,738,0,9.882234464782892
2009,4,14,1257,0,11.570682602767544
2009,4,15,1257,0,12.674885269504184
2009,4,16,1052,0,13.99916376682582
2009,4,17,1161,0,15.271638197867706
2009,4,18,1092,0,16.592463262039868
2009,4,19,823,0,17.90350526075023
2009,4,20,1012,0,18.247826954316167
2009,4,21,978,0,19.365369750064417
2009,4,22,445,0,20.598891160742372
2009,4,23,940,0,18.50448824275539
2009,5,0,302,0,13.96729082721024
2009,5,1,169,0,9.142553191489363
2009,5,2,179,0,14.548387096774194
2009,5,3,146,0,11.692982456140351
2009,5,4,645,0,8.354651162790697
2009,5,5,363,0,4.942966903073286
2009,5,6,427,0,5.202846364883402
2009,5,7,618,0,2.873533246414602
2009,5,8,604,0,3.388248940084793
2009,5,9,804,0,4.004847474373225
2009,5,10,640,0,5.040306948833011
2009,5,11,528,0,5.649190329570076
2009,5,12,727,0,6.938302288742011
2009,5,13,875,0,8.048827625408554
2009,5,14,680,0,9.3671388101983
2009,5,15,667,0,10.143529006911187
2009,5,16,963,0,11.330857714428607
2009,5,17,552,0,12.897388725665175
2009,5,18,993,0,13.97077638438777
2009,5,19,1327,0,15.43139108195263
2009,5,20,985,0,14.967100642861002
2009,5,21,835,0,16.29125569044006
2009,5,22,399,0,15.731988583770441
2009,5,23,693,0,13.353201431696162
2009,6,0,646,0,22.790351399642645
2009,6,1,200,0,16.427450980392155
2009,6,2,287,0,17.733333333333334
2009,6,3,263,0,12.045454545454545
2009,6,4,450,0,7.610759493670886
2009,6,5,965,0,9.85782875433449
2009,6,6,621,0,6.524284862932062
2009,6,7,794,0,5.405996715579806
2009,6,8,855,0,4.740370952060429
2009,6,9,776,0,5.967863784286378
2009,6,10,1439,0,7.399219380888291
2009,6,11,758,0,8.176543139054612
2009,6,12,757,0,9.286585032526103
2009,6,13,1150,0,10.477984579320474
2009,6,14,1334,0,10.930270713699754
2009,6,15,631,0,12.45579406682871
2009,6,16,1177,0,14.605980560613444
2009,6,17,1118,0,16.705687140372007
2009,6,18,1137,0,19.63994261594063
2009,6,19,806,0,20.510755478662052
2009,6,20,1409,0,22.515911535535327
2009,6,21,1025,0,23.850286923348186
2009,6,22,954,0,23.577313627001047
2009,6,23,738,0,21.267169417567825
2009,7,0,1022,0,21.9734663153933
2009,7,1,433,0,16.18981018981019
2009,7,2,101,0,13.419354838709678
2009,7,3,155,0,16.875816993464053
2009,7,4,792,0,17.097989949748744
2009,7,5,1211,0,12.635492227979274
2009,7,6,783,0,7.122545789959151
2009,7,7,554,0,4.598960935158358
2009,7,8,949,0,4.781916223261794
2009,7,9,630,0,5.206796699994537
2009,7,10,854,0,6.672256216638458
2009,7,11,1467,0,7.681662684622068
2009,7,12,949,0,8.300783699059561
2009,7,13,660,0,9.755805406582637
2009,7,14,1439,0,10.666862451943613
2009,7,15,1094,0,12.646506065265676
2009,7,16,1377,0,13.667382832017587
2009,7,17,576,0,15.968129437184896
2009,7,18,1064,0,17.42552684528222
2009,7,19,2445,0,19.99997212854316
2009,7,20,1190,0,20.68170527703148
2009,7,21,1145,0,21.75185463282775
2009,7,22,648,0,22.610079669938823
2009,7,23,797,0,20.131463748290013
2009,8,0,747,0,16.912373145979704
2009,8,1,439,0,11.35934065934066
2009,8,2,54,0,8.75609756097561
2009,8,3,158,0,14.566433566433567
2009,8,4,740,0,10.031413612565444
2009,8,5,1214,0,9.519476826841057
2009,8,6,1691,0,6.565629420084866
2009,8,7,886,0,4.6899119837508465
2009,8,8,621,0,4.399715291825879
2009,8,9,597,0,5.3428023992002664
2009,8,10,1435,0,6.300653768470288
2009,8,11,1345,0,7.29432383229628
2009,8,12,1255,0,7.621827614794213
2009,8,13,1305,0,8.752921083308483
2009,8,14,1156,0,9.935656836461126
2009,8,15,672,0,11.275300859598854
2009,8,16,568,0,13.097574476650564
2009,8,17,1077,0,14.55501009946051
2009,8,18,1300,0,16.773798600005243
2009,8,19,851,0,17.41785277990852
2009,8,20,929,0,17.64895578171166
2009,8,21,800,0,18.10653715695344
2009,8,22,1099,0,18.288249627232062
2009,8,23,1031,0,16.026232452616156
2009,9,0,288,0,9.900034234851079
2009,9,1,161,0,6.6879194630872485
2009,9,2,19,0,1.5333333333333334
2009,9,3,156,0,4.564102564102564
2009,9,4,123,0,5.8326693227091635
2009,9,5,999,0,5.817599316531397
2009,9,6,965,0,4.34733798265011
2009,9,7,717,0,2.9282770498862027
2009,9,8,706,0,3.1961206005211134
2009,9,9,822,0,3.9699071168570352
2009,9,10,668,0,4.382537048359391
2009,9,11,961,0,4.550789736363103
2009,9,12,1238,0,5.680075388899828
2009,9,13,1287,0,6.136206694756554
2009,9,14,694,0,6.4375157646926935
2009,9,15,752,0,7.662333652391392
2009,9,16,501,0,8.146093689105978
2009,9,17,535,0,8.93496729365144
2009,9,18,1153,0,9.04936102689071
2009,9,19,729,0,9.708442642499405
2009,9,20,1212,0,10.235273874390593
2009,9,21,845,0,9.862707315394674
2009,9,22,789,0,10.001106194690266
2009,9,23,639,0,9.216433121019108
2009,10,0,233,0,13.285667324128863
2009,10,1,259,0,10.551839464882944
2009,10,2,110,0,8.0
2009,10,3,40,0,1.647887323943662
2009,10,4,148,0,5.332191780821918
2009,10,5,934,0,7.797649034424853
2009,10,6,693,0,5.52085036794767
2009,10,7,784,0,4.040067583876418
2009,10,8,922,0,4.311135109191265
2009,10,9,527,0,5.2752002418014206
2009,10,10,840,0,6.577567228647067
2009,10,11,693,0,7.304212872823725
2009,10,12,895,0,8.778884407495816
2009,10,13,1095,0,9.967580270683504
2009,10,14,1204,0,10.667253187515227
2009,10,15,710,0,12.233085169743894
2009,10,16,1196,0,13.306783546185043
2009,10,17,970,0,14.860934549613042
2009,10,18,1053,0,15.902140756822117
2009,10,19,984,0,16.257868104982208
2009,10,20,1169,0,17.248494908006528
2009,10,21,813,0,16.472347425563417
2009,10,22,759,0,16.70491873396065
2009,10,23,839,0,14.727272727272727
2009,11,0,250,0,7.0021631644004945
2009,11,1,104,0,5.0
2009,11,2,133,0,8.627118644067796
2009,11,3,76,0,11.816326530612244
2009,11,4,83,0,2.9320388349514563
2009,11,5,396,0,4.441764040708632
2009,11,6,378,0,3.323062015503876
2009,11,7,887,0,3.528799061874871
2009,11,8,704,0,3.205682142420413
2009,11,9,748,0,3.8294984844309727
2009,11,10,655,0,4.386249827085351
2009,11,11,679,0,4.785972568578553
2009,11,12,712,0,5.0006767807794255
2009,11,13,673,0,5.552596537949401
2009,11,14,465,0,5.672644447007266
2009,11,15,1240,0,6.517336521659156
2009,11,16,441,0,6.560224742374812
2009,11,17,507,0,7.694646779974564
2009,11,18,858,0,7.829416555174219
2009,11,19,992,0,8.845284287067306
2009,11,20,1045,0,8.505959540732642
2009,11,21,840,0,8.662781392435893
2009,11,22,595,0,8.020351292011485
2009,11,23,317,0,7.661148091255618
2009,12,0,647,0,18.91035044824776
2009,12,1,175,0,16.277955271565496
2009,12,2,184,0,20.16949152542373
2009,12,3,110,0,16.113636363636363
2009,12,4,179,0,9.544715447154472
2009,12,5,635,0,11.480108806528392
2009,12,6,827,0,9.329595233923252
2009,12,7,967,0,6.690369768386835
2009,12,8,863,0,7.193112275508979
2009,12,9,648,0,8.046520967903879
2009,12,10,952,0,8.97235550100424
2009,12,11,685,0,10.925936048100574
2009,12,12,717,0,11.761328708795082
2009,12,13,1214,0,13.097335802820915
2009,12,14,1279,0,14.247548592979403
2009,12,15,1001,0,15.902161100196464
2009,12,16,672,0,15.98963596320767
2009,12,17,1044,0,18.27423596096535
2009,12,18,1113,0,18.689531728159825
2009,12,19,1093,0,20.441708709706656
2009,12,20,997,0,19.875037369207774
2009,12,21,779,0,20.440797463230332
2009,12,22,1001,0,20.586745444779574
2009,12,23,842,0,19.117044228694713
2010,1,0,414,0,15.613456464379947
2010,1,1,217,0,13.16042780748663
2010,1,2,582,0,27.830188679245282
2010,1,3,195,0,18.183333333333334
2010,1,4,167,0,5.209302325581396
2010,1,5,1360,0,8.254481546572935
2010,1,6,864,0,7.575874734196791
2010,1,7,880,0,5.82315026185041
2010,1,8,947,0,5.884491542694111
2010,1,9,856,0,6.327467750981492
2010,1,10,834,0,7.2003693706492395
2010,1,11,1035,0,8.471971895524668
2010,1,12,653,0,8.991181147896487
2010,1,13,675,0,9.404414685354366
2010,1,14,1099,0,10.523246341831348
2010,1,15,1331,0,10.714285714285714
2010,1,16,1055,0,11.147556489753022
2010,1,17,1062,0,12.789228742865506
2010,1,18,1184,0,13.738982951720912
2010,1,19,1175,0,14.657375424263359
2010,1,20,1068,0,14.549595607130298
2010,1,21,1168,0,15.391882720238904
2010,1,22,789,0,15.465608043408873
2010,1,23,959,0,14.121400307759947
2010,2,0,302,0,14.378255945639864
2010,2,1,217,0,11.751677852348994
2010,2,2,130,0,12.195652173913043
2010,2,3,205,0,18.685714285714287
2010,2,4,222,0,7.652631578947369
2010,2,5,891,0,9.212936046511627
2010,2,6,740,0,7.715131713293854
2010,2,7,1124,0,5.9625492772667545
2010,2,8,1054,0,6.673339109023757
2010,2,9,755,0,6.967544702941742
2010,2,10,707,0,7.888820935397689
2010,2,11,565,0,9.657331817712102
2010,2,12,643,0,10.08513371097352
2010,2,13,1267,0,10.709913421296445
2010,2,14,1154,0,11.560665230272017
2010,2,15,1239,0,12.436105476673427
2010,2,16,539,0,12.473866872330328
2010,2,17,1176,0,13.707045694664554
2010,2,18,1111,0,14.463582080020435
2010,2,19,943,0,14.754291064183917
2010,2,20,914,0,14.962680952237639
2010,2,21,1036,0,15.676642363629423
2010,2,22,1188,0,15.871095294582839
2010,2,23,658,0,13.536965662228452
2010,3,0,276,0,17.040528233151186
2010,3,1,227,0,16.976495726495727
2010,3,2,109,0,9.380952380952381
2010,3,3,79,0,11.64864864864865
2010,3,4,128,0,6.441734417344174
2010,3,5,683,0,8.633616619452313
2010,3,6,570,0,7.208964547868187
2010,3,7,926,0,4.759557109557109
2010,3,8,882,0,5.21802919156016
2010,3,9,693,0,5.582682049373527
2010,3,10,746,0,6.322164803684772
2010,3,11,850,0,7.532187591028255
2010,3,12,716,0,8.645776036891963
2010,3,13,688,0,9.48607580474708
2010,3,14,862,0,10.454630948988315
2010,3,15,1156,0,11.819209869290646
2010,3,16,1009,0,12.517486862201972
2010,3,17,1051,0,14.14697084067209
2010,3,18,1184,0,15.024564205656377
2010,3,19,783,0,16.224434519521683
2010,3,20,1091,0,16.6149636006164
2010,3,21,1052,0,17.651650497870843
2010,3,22,702,0,17.4947209653092
2010,3,23,752,0,15.963849675696299
2010,4,0,564,0,11.749441825849665
2010,4,1,122,0,8.291764705882352
2010,4,2,79,0,5.984375
2010,4,3,176,0,9.912621359223301
2010,4,4,347,0,7.497797356828194
2010,4,5,923,0,8.563566701497736
2010,4,6,460,0,4.950993779396146
2010,4,7,693,0,3.517642271696797
2010,4,8,751,0,3.5725024727992087
2010,4,9,618,0,4.173638443935927
2010,4,10,696,0,4.659553483367704
2010,4,11,717,0,5.164461192416674
2010,4,12,730,0,6.195776531861001
2010,4,13,843,0,6.327947083874475
2010,4,14,1039,0,7.174331186700332
2010,4,15,1027,0,8.138033674082983
2010,4,16,1188,0,8.780392259964245
2010,4,17,969,0,9.780185321204588
2010,4,18,994,0,10.984648809353649
2010,4,19,873,0,10.884472692761209
2010,4,20,895,0,11.7316414244781
2010,4,21,943,0,12.427370989055671
2010,4,22,984,0,12.418353222849875
2010,4,23,586,0,11.154877294287482
2010,5,0,302,0,18.195600942655144
2010,5,1,276,0,12.17155756207675
2010,5,2,96,0,7.358974358974359
2010,5,3,157,0,11.515625
2010,5,4,257,0,5.855421686746988
2010,5,5,948,0,10.349579831932774
2010,5,6,896,0,7.1807909604519775
2010,5,7,754,0,4.689842012205555
2010,5,8,935,0,4.767305215711526
2010,5,9,720,0,5.250895632864545
2010,5,10,933,0,6.192184939187441
2010,5,11,590,0,6.979792180951835
2010,5,12,794,0,7.977786288778246
2010,5,13,1241,0,8.472733197073373
2010,5,14,677,0,9.696538800705467
2010,5,15,535,0,11.649275362318841
2010,5,16,695,0,12.315786754830045
2010,5,17,823,0,13.619225831125195
2010,5,18,1090,0,16.24194905745063
2010,5,19,887,0,16.687232760352398
2010,5,20,862,0,18.299978555728302
2010,5,21,826,0,17.934414148857776
2010,5,22,960,0,18.78904800771685
2010,5,23,756,0,16.730224609375
2010,6,0,360,0,21.817740817740816
2010,6,1,208,0,16.257971014492753
2010,6,2,146,0,13.278350515463918
2010,6,3,61,0,6.0125
2010,6,4,270,0,5.063106796116505
2010,6,5,315,0,11.182007125890737
2010,6,6,698,0,9.176388181355069
2010,6,7,1116,0,5.3429980816662095
2010,6,8,791,0,6.037116040955631
2010,6,9,1014,0,6.147402914714421
2010,6,10,655,0,7.176838369898893
2010,6,11,810,0,8.1094717506592
2010,6,12,1324,0,9.199399691733593
2010,6,13,1155,0,10.55211683139106
2010,6,14,826,0,11.279914118197583
2010,6,15,998,0,12.803372681281619
2010,6,16,562,0,14.268963922294173
2010,6,17,971,0,16.914588315681584
2010,6,18,939,0,19.080933234867754
2010,6,19,901,0,20.682852895741643
2010,6,20,1110,0,22.369631981677163
2010,6,21,1005,0,22.667648141332354
2010,6,22,866,0,22.97319811662441
2010,6,23,728,0,21.66417301414581
2010,7,0,530,0,20.450910706352733
2010,7,1,273,0,15.947727272727272
2010,7,2,146,0,24.9468085106383
2010,7,3,214,0,18.0752688172043
2010,7,4,197,0,5.935222672064778
2010,7,5,834,0,11.973656480505795
2010,7,6,975,0,8.354131534569984
2010,7,7,1537,0,4.933968722026223
2010,7,8,762,0,6.0258946973955405
2010,7,9,1513,0,6.225965511542064
2010,7,10,950,0,7.8534639002353455
2010,7,11,1292,0,7.694697252447533
2010,7,12,1302,0,8.727686584636196
2010,7,13,811,0,9.799886347492542
2010,7,14,1142,0,10.939303667845838
2010,7,15,638,0,12.501069074063075
2010,7,16,1145,0,14.112638802245788
2010,7,17,1194,0,16.931464783227714
2010,7,18,1048,0,19.30774155684789
2010,7,19,1196,0,20.718331716779826
2010,7,20,902,0,22.95826334809386
2010,7,21,1172,0,22.965068427600727
2010,7,22,814,0,22.92881925814644
2010,7,23,453,0,21.921646118819538
2010,8,0,382,0,17.070483576642335
2010,8,1,134,0,12.924637681159421
2010,8,2,123,0,15.820512820512821
2010,8,3,177,0,15.255555555555556
2010,8,4,253,0,5.046666666666667
2010,8,5,376,0,10.592674194436794
2010,8,6,1009,0,6.1349255970989125
2010,8,7,790,0,4.241797205757832
2010,8,8,729,0,4.727135469746726
2010,8,9,842,0,5.165486067087456
2010,8,10,745,0,6.700722366089683
2010,8,11,579,0,6.761800872669576
2010,8,12,675,0,7.967131525740059
2010,8,13,1342,0,8.386090651558074
2010,8,14,1182,0,8.789822716584322
2010,8,15,1215,0,9.93016548187857
2010,8,16,1058,0,10.834108412686696
2010,8,17,1038,0,12.294009166598867
2010,8,18,987,0,13.813997280050215
2010,8,19,980,0,14.605444774816553
2010,8,20,940,0,16.313209623368177
2010,8,21,1020,0,16.863247331237744
2010,8,22,1052,0,16.617212173413723
2010,8,23,421,0,16.227172765657986
2010,9,0,210,0,9.588256880733946
2010,9,1,108,0,8.326693227091633
2010,9,2,101,0,7.338461538461538
2010,9,3,178,0,11.3
2010,9,4,370,0,4.0653061224489795
2010,9,5,1168,0,8.383006535947713
2010,9,6,1192,0,5.337938205585265
2010,9,7,774,0,3.873216025677767
2010,9,8,716,0,3.398655700747297
2010,9,9,568,0,3.7256527395395276
2010,9,10,733,0,4.435650277089966
2010,9,11,714,0,5.0440611366328625
2010,9,12,947,0,5.878010485883309
2010,9,13,492,0,6.355958077679594
2010,9,14,543,0,6.711965566714491
2010,9,15,1052,0,7.741415495831633
2010,9,16,929,0,8.43882230328296
2010,9,17,995,0,9.274610666742037
2010,9,18,1039,0,10.057132630303698
2010,9,19,771,0,10.735792477000116
2010,9,20,760,0,11.374897859127309
2010,9,21,474,0,12.974593092497022
2010,9,22,615,0,11.867778271226129
2010,9,23,697,0,10.653277063100626
2010,10,0,604,0,11.81328073635766
2010,10,1,91,0,7.745019920318725
2010,10,2,134,0,7.415384615384616
2010,10,3,34,0,3.409090909090909
2010,10,4,110,0,4.821078431372549
2010,10,5,290,0,5.6724667349027635
2010,10,6,507,0,4.357257476294675
2010,10,7,659,0,3.6823966990178416
2010,10,8,874,0,4.120757818921987
2010,10,9,760,0,4.312160979877516
2010,10,10,731,0,5.138579247499785
2010,10,11,525,0,5.883286854239722
2010,10,12,651,0,7.054469161040428
2010,10,13,603,0,8.069682392325653
2010,10,14,623,0,8.63198382840137
2010,10,15,920,0,10.12611379570403
2010,10,16,928,0,10.347821740108476
2010,10,17,1161,0,11.54843249806822
2010,10,18,971,0,12.369075532839792
2010,10,19,1028,0,12.52072441581699
2010,10,20,827,0,12.219375728532574
2010,10,21,566,0,13.103076677825602
2010,10,22,351,0,12.761086245157408
2010,10,23,538,0,11.014196675900276
2010,11,0,262,0,11.391121192482178
2010,11,1,141,0,10.196078431372548
2010,11,2,146,0,10.088235294117647
2010,11,3,76,0,5.478260869565218
2010,11,4,73,0,5.122362869198312
2010,11,5,473,0,6.986714975845411
2010,11,6,357,0,5.011406166458742
2010,11,7,532,0,3.551004450860099
2010,11,8,1457,0,3.879544619904517
2010,11,9,559,0,4.297955974842767
2010,11,10,604,0,4.879696864914707
2010,11,11,594,0,5.626178202116951
2010,11,12,1626,0,6.578796642849041
2010,11,13,1120,0,6.952207348333808
2010,11,14,1086,0,7.847262334536703
2010,11,15,599,0,8.731890653903749
2010,11,16,679,0,9.304853517639778
2010,11,17,514,0,10.490419410333987
2010,11,18,993,0,11.111051743532059
2010,11,19,769,0,12.13568284631373
2010,11,20,806,0,11.724368600682594
2010,11,21,744,0,12.460463271982288
2010,11,22,872,0,12.747660243806529
2010,11,23,745,0,10.913094270621698
2010,12,0,402,0,21.223407321994813
2010,12,1,292,0,14.754512635379061
2010,12,2,220,0,25.972477064220183
2010,12,3,147,0,21.807692307692307
2010,12,4,296,0,11.603174603174603
2010,12,5,798,0,13.832601697395376
2010,12,6,687,0,10.548334243582742
2010,12,7,905,0,6.64686140459913
2010,12,8,1170,0,7.3378423236514525
2010,12,9,811,0,8.168050760474014
2010,12,10,659,0,8.943177912704778
2010,12,11,1445,0,10.457997769793087
2010,12,12,636,0,12.03294524234441
2010,12,13,659,0,12.762276339107071
2010,12,14,1352,0,14.215894161141495
2010,12,15,757,0,15.163400471783705
2010,12,16,996,0,16.541146881287727
2010,12,17,1079,0,17.39819386288357
2010,12,18,1267,0,18.961728838868456
2010,12,19,724,0,20.530124223602485
2010,12,20,1091,0,19.637439902176027
2010,12,21,1144,0,21.437221931431562
2010,12,22,746,0,21.464004268593005
2010,12,23,731,0,19.273664479850048
2011,1,0,347,0,14.028197674418605
2011,1,1,167,0,11.037688442211055
2011,1,2,280,0,14.44
2011,1,3,86,0,8.326530612244898
2011,1,4,358,0,7.813559322033898
2011,1,5,1046,0,8.97192151556157
2011,1,6,733,0,6.918118832668486
2011,1,7,668,0,5.76497461928934
2011,1,8,943,0,5.873565304178197
2011,1,9,896,0,6.432577688968511
2011,1,10,685,0,7.4371231563649856
2011,1,11,546,0,8.931133964633608
2011,1,12,884,0,9.802796288223204
2011,1,13,569,0,10.530660524186018
2011,1,14,780,0,11.286124620556842
2011,1,15,650,0,11.939601414336225
2011,1,16,1070,0,12.247715958203402
2011,1,17,1034,0,12.970431678026614
2011,1,18,510,0,13.830643709880617
2011,1,19,1216,0,14.583293280784389
2011,1,20,1068,0,14.036315773729397
2011,1,21,969,0,14.467552722587644
2011,1,22,660,0,15.049509927117366
2011,1,23,396,0,13.848648373466375
2011,2,0,252,0,16.669305189094107
2011,2,1,234,0,13.10609480812641
2011,2,2,306,0,11.920634920634921
2011,2,3,138,0,19.565217391304348
2011,2,4,405,0,8.604113110539846
2011,2,5,730,0,11.303670745272525
2011,2,6,695,0,7.692918596955659
2011,2,7,914,0,6.506892655367231
2011,2,8,763,0,6.047157622739018
2011,2,9,719,0,6.677685009487666
2011,2,10,663,0,7.538306586987175
2011,2,11,747,0,8.865277414044671
2011,2,12,667,0,9.433812353185022
2011,2,13,620,0,10.359009675975345
2011,2,14,699,0,11.019515747314765
2011,2,15,530,0,11.92909518046558
2011,2,16,561,0,12.559159322855153
2011,2,17,543,0,14.471259403232192
2011,2,18,1167,0,15.310059563203177
2011,2,19,1040,0,16.204556781772872
2011,2,20,1169,0,16.181913636960232
2011,2,21,904,0,17.24756227692534
2011,2,22,870,0,17.331081685604367
2011,2,23,421,0,15.516618107262328
2011,3,0,380,0,17.735632183908045
2011,3,1,258,0,9.77159590043924
2011,3,2,162,0,12.465346534653465
2011,3,3,189,0,12.882978723404255
2011,3,4,520,0,5.808558558558558
2011,3,5,935,0,10.985495347564314
2011,3,6,696,0,7.106201799485861
2011,3,7,909,0,4.324430921794005
2011,3,8,1545,0,4.588069803473864
2011,3,9,852,0,5.540873221413119
2011,3,10,1318,0,6.569699804156558
2011,3,11,829,0,8.082529016493586
2011,3,12,632,0,8.563415137141678
2011,3,13,841,0,9.944854178780181
2011,3,14,602,0,10.301952729836609
2011,3,15,665,0,11.443539290637924
2011,3,16,768,0,12.085743185413802
2011,3,17,730,0,13.956946454413893
2011,3,18,1157,0,14.209273999376823
2011,3,19,1038,0,15.434897749006915
2011,3,20,976,0,15.348049769327554
2011,3,21,1399,0,16.29641642023594
2011,3,22,909,0,16.8950796460177
2011,3,23,558,0,16.012674428205763
2011,4,0,627,0,20.5335241210139
2011,4,1,213,0,17.125850340136054
2011,4,2,196,0,10.295774647887324
2011,4,3,188,0,18.368932038834952
2011,4,4,159,0,3.6452513966480447
2011,4,5,1113,0,11.562150055991042
2011,4,6,885,0,7.1564106558653995
2011,4,7,902,0,4.6210116731517505
2011,4,8,663,0,4.7681825852176845
2011,4,9,805,0,5.923041629706665
2011,4,10,737,0,7.111164473473569
2011,4,11,844,0,8.184177960218527
2011,4,12,642,0,9.509411106969809
2011,4,13,1092,0,10.918172022564493
2011,4,14,658,0,11.636984156803807
2011,4,15,1046,0,13.217742996185716
2011,4,16,498,0,14.258592515932241
2011,4,17,1011,0,15.746255616575137
2011,4,18,939,0,17.642740426037612
2011,4,19,884,0,18.145506288442117
2011,4,20,893,0,19.29744721460098
2011,4,21,913,0,20.53945475832079
2011,4,22,945,0,20.7526542105864
2011,4,23,574,0,19.369988339761413
2011,5,0,370,0,19.410351605153963
2011,5,1,238,0,17.23583460949464
2011,5,2,85,0,10.991666666666667
2011,5,3,111,0,9.590361445783133
2011,5,4,217,0,8.545685279187817
2011,5,5,363,0,8.522058823529411
2011,5,6,573,0,7.812705882352941
2011,5,7,898,0,4.994225103123158
2011,5,8,662,0,5.113138840665623
2011,5,9,714,0,5.899258730016969
2011,5,10,974,0,6.480815677642239
2011,5,11,1638,0,8.11663974151858
2011,5,12,785,0,8.637964540915478
2011,5,13,604,0,9.990761350123487
2011,5,14,733,0,11.013959691760522
2011,5,15,1077,0,12.851694644794792
2011,5,16,1150,0,14.220357735570717
2011,5,17,1026,0,15.613358927446686
2011,5,18,917,0,17.535210045133667
2011,5,19,1032,0,19.950707256190285
2011,5,20,941,0,19.94198504738918
2011,5,21,848,0,21.690511642642168
2011,5,22,1145,0,22.130529724031476
2011,5,23,955,0,19.760249595562744
2011,6,0,510,0,22.37192385079709
2011,6,1,352,0,18.42046605876393
2011,6,2,277,0,19.47972972972973
2011,6,3,126,0,13.775280898876405
2011,6,4,932,0,8.516826923076923
2011,6,5,930,0,13.403733333333333
2011,6,6,950,0,9.441436751691827
2011,6,7,797,0,6.293727608149297
2011,6,8,1040,0,5.786287089013633
2011,6,9,1100,0,6.8892908194521425
2011,6,10,812,0,8.205638955834955
2011,6,11,958,0,8.748365815276602
2011,6,12,832,0,9.276633107000702
2011,6,13,1067,0,10.268986757006468
2011,6,14,605,0,10.553141583839095
2011,6,15,1205,0,12.452851967039662
2011,6,16,1210,0,13.790164287058698
2011,6,17,1162,0,15.35338575930969
2011,6,18,1112,0,18.137940566689704
2011,6,19,997,0,19.383660566688903
2011,6,20,892,0,20.88664483787778
2011,6,21,1155,0,23.136852680018148
2011,6,22,1074,0,23.02922288765423
2011,6,23,724,0,21.013141025641026
2011,7,0,279,0,20.414122644013805
2011,7,1,267,0,17.441471571906355
2011,7,2,224,0,24.341040462427745
2011,7,3,156,0,19.06451612903226
2011,7,4,1189,0,11.792710706150341
2011,7,5,638,0,12.660113812726332
2011,7,6,546,0,8.061905893536121
2011,7,7,850,0,5.358256247764093
2011,7,8,824,0,5.322439753266158
2011,7,9,811,0,6.337892287611373
2011,7,10,805,0,7.919614325068871
2011,7,11,892,0,8.770482782588548
2011,7,12,978,0,9.849625345451438
2011,7,13,632,0,10.913393489030431
2011,7,14,1236,0,11.427971120762592
2011,7,15,994,0,13.160939713036518
2011,7,16,719,0,15.062176567998344
2011,7,17,1010,0,16.59002786683846
2011,7,18,977,0,19.078153408342335
2011,7,19,1173,0,20.06622385528547
2011,7,20,961,0,21.658172356251946
2011,7,21,1069,0,22.340930495385194
2011,7,22,686,0,22.24152209609481
2011,7,23,487,0,20.014394516374715
2011,8,0,367,0,19.0527850685331
2011,8,1,234,0,14.4026792750197
2011,8,2,189,0,24.515384615384615
2011,8,3,167,0,32.37837837837838
2011,8,4,150,0,7.791866028708134
2011,8,5,414,0,12.638598474145239
2011,8,6,719,0,7.42547123015873
2011,8,7,1123,0,4.845076268548303
2011,8,8,992,0,4.90611889495765
2011,8,9,649,0,5.776728371741594
2011,8,10,808,0,7.06060093101989
2011,8,11,910,0,7.720701504917645
2011,8,12,981,0,8.254108504820838
2011,8,13,907,0,9.027722713689753
2011,8,14,551,0,9.681170122124396
2011,8,15,1075,0,11.498795988660957
2011,8,16,1003,0,13.170999422299248
2011,8,17,995,0,14.761759478672985
2011,8,18,1020,0,16.590618394666954
2011,8,19,783,0,18.011737155432666
2011,8,20,876,0,18.42596020360944
2011,8,21,967,0,20.406254946028934
2011,8,22,947,0,19.895857558139536
2011,8,23,505,0,17.495549575657215
2011,9,0,364,0,11.854398602925125
2011,9,1,232,0,14.530329289428076
2011,9,2,58,0,6.608108108108108
2011,9,3,51,0,4.205882352941177
2011,9,4,136,0,3.849498327759197
2011,9,5,693,0,7.017373872368861
2011,9,6,718,0,4.8115117014547755
2011,9,7,866,0,3.741483816220148
2011,9,8,934,0,3.8115109185748386
2011,9,9,1346,0,4.552125424276709
2011,9,10,818,0,5.046022675182593
2011,9,11,904,0,5.716697877652934
2011,9,12,1386,0,5.608870844653378
2011,9,13,615,0,6.677230575312866
2011,9,14,748,0,7.185792515051584
2011,9,15,1026,0,8.32112109012078
2011,9,16,1062,0,9.134962805526037
2011,9,17,803,0,10.650566722079493
2011,9,18,480,0,11.293974276149644
2011,9,19,795,0,12.04173233119166
2011,9,20,936,0,13.116035627926907
2011,9,21,1210,0,14.57807429971525
2011,9,22,790,0,12.796049930196272
2011,9,23,715,0,11.348919685726758
2011,10,0,280,0,9.865343864380659
2011,10,1,210,0,9.17195325542571
2011,10,2,89,0,7.675675675675675
2011,10,3,58,0,7.303030303030303
2011,10,4,129,0,3.588235294117647
2011,10,5,338,0,7.703530979347102
2011,10,6,667,0,4.603155339805825
2011,10,7,657,0,3.383627705105793
2011,10,8,1401,0,3.6722912205567453
2011,10,9,761,0,4.280803386701467
2011,10,10,741,0,4.671575502571295
2011,10,11,688,0,5.6007343792674416
2011,10,12,734,0,6.002948895638584
2011,10,13,1224,0,6.676089928162173
2011,10,14,730,0,7.264189947433701
2011,10,15,1133,0,8.179403325826057
2011,10,16,955,0,8.724765018389865
2011,10,17,1077,0,9.559072419014816
2011,10,18,1200,0,10.163329791398692
2011,10,19,966,0,10.736169710559702
2011,10,20,1294,0,10.674594594594595
2011,10,21,1254,0,11.385627755050265
2011,10,22,491,0,10.772229486760379
2011,10,23,591,0,9.68453206016736
2011,11,0,197,0,9.551484135107472
2011,11,1,144,0,10.56193895870736
2011,11,2,61,0,4.011494252873563
2011,11,3,44,0,4.081081081081081
2011,11,4,241,0,3.202185792349727
2011,11,5,840,0,8.63232
2011,11,6,609,0,4.789658356417359
2011,11,7,812,0,3.906763056550233
2011,11,8,946,0,4.181168831168831
2011,11,9,1371,0,4.758384224352632
2011,11,10,929,0,5.004826665047659
2011,11,11,688,0,5.905048886039429
2011,11,12,636,0,6.5984084712446895
2011,11,13,1131,0,6.968334408304924
2011,11,14,613,0,7.901459854014599
2011,11,15,1117,0,8.616210074485545
2011,11,16,941,0,9.154705073225989
2011,11,17,522,0,10.273868774600697
2011,11,18,931,0,10.681086428635668
2011,11,19,885,0,11.305106616342462
2011,11,20,578,0,10.73161529801929
2011,11,21,846,0,11.358296921044609
2011,11,22,807,0,10.67479919247455
2011,11,23,328,0,9.633871220429265
2011,12,0,538,0,11.47022955523673
2011,12,1,324,0,10.126284875183554
2011,12,2,158,0,7.463276836158192
2011,12,3,166,0,11.145833333333334
2011,12,4,136,0,5.781491002570694
2011,12,5,704,0,6.799117647058823
2011,12,6,472,0,6.545817395642774
2011,12,7,953,0,5.217895665151618
2011,12,8,1024,0,5.293695632678683
2011,12,9,807,0,5.6049926085203605
2011,12,10,923,0,6.230233165887511
2011,12,11,741,0,6.495361662788103
2011,12,12,717,0,7.5794852963676975
2011,12,13,669,0,7.957887740921999
2011,12,14,1228,0,8.694533354460466
2011,12,15,970,0,8.919902463115006
2011,12,16,1061,0,10.003658376102118
2011,12,17,944,0,10.742278023432204
2011,12,18,876,0,11.226383552805233
2011,12,19,1154,0,11.410428744346053
2011,12,20,947,0,12.152457959805472
2011,12,21,1397,0,11.298380165289256
2011,12,22,627,0,12.484993348852678
2011,12,23,554,0,11.487445197289757
2012,1,0,245,0,9.432759327593276
2012,1,1,397,0,12.091880341880342
2012,1,2,88,0,6.568
2012,1,3,31,0,4.090909090909091
2012,1,4,1126,0,11.542307692307693
2012,1,5,1053,0,8.447430298958682
2012,1,6,558,0,5.4588796185935635
2012,1,7,800,0,4.938498515481408
2012,1,8,918,0,4.578427336352409
2012,1,9,879,0,5.873280156048626
2012,1,10,800,0,6.206885400129359
2012,1,11,650,0,6.361640159696315
2012,1,12,904,0,7.647441005209929
2012,1,13,1463,0,8.346493394246203
2012,1,14,1179,0,9.117941611816207
2012,1,15,1443,0,9.442728482560119
2012,1,16,1013,0,10.027241009125067
2012,1,17,844,0,10.606767059416546
2012,1,18,1061,0,10.895601640166376
2012,1,19,1364,0,12.555427040847386
2012,1,20,980,0,12.077904232756818
2012,1,21,1063,0,12.166891718106996
2012,1,22,1458,0,11.975486414673867
2012,1,23,809,0,10.894451599055591
2012,2,0,342,0,8.509281502511465
2012,2,1,130,0,8.504573170731707
2012,2,2,134,0,11.614754098360656
2012,2,3,81,0,17.375
2012,2,4,110,0,4.318181818181818
2012,2,5,657,0,6.243705941591138
2012,2,6,625,0,5.08806182631686
2012,2,7,816,0,4.786689541782829
2012,2,8,877,0,4.547450586570503
2012,2,9,727,0,4.843675896537886
2012,2,10,661,0,5.0408492259026065
2012,2,11,903,0,5.73612554562461
2012,2,12,1274,0,6.203749681690858
2012,2,13,1138,0,6.369824607159158
2012,2,14,535,0,7.232683037303051
2012,2,15,1163,0,7.631893687707641
2012,2,16,960,0,8.503266878874184
2012,2,17,1073,0,9.029336905559276
2012,2,18,1136,0,9.267054679123909
2012,2,19,1049,0,9.676344704228951
2012,2,20,1117,0,9.863426580013186
2012,2,21,1065,0,9.361127045722963
2012,2,22,850,0,9.772147475100471
2012,2,23,1039,0,8.896199213630407
2012,3,0,336,0,12.976443216518831
2012,3,1,276,0,11.511861313868613
2012,3,2,139,0,7.692913385826771
2012,3,3,136,0,7.785714285714286
2012,3,4,244,0,8.014450867052023
2012,3,5,878,0,10.354722792607802
2012,3,6,1447,0,7.381126090404441
2012,3,7,735,0,5.227750809061488
2012,3,8,1467,0,5.320390996183503
2012,3,9,702,0,5.733500762970499
2012,3,10,1356,0,6.696913838849323
2012,3,11,565,0,7.5358529885384105
2012,3,12,1282,0,8.447722267300335
2012,3,13,1563,0,8.875652614934813
2012,3,14,1399,0,10.015343680709535
2012,3,15,1200,0,11.093631669535284
2012,3,16,1061,0,11.972979941215902
2012,3,17,1043,0,12.878830256697123
2012,3,18,985,0,13.94289050770172
2012,3,19,925,0,14.61139836505965
2012,3,20,901,0,14.904398960920327
2012,3,21,1099,0,14.498464090434355
2012,3,22,1088,0,14.81038017480128
2012,3,23,715,0,13.950984243376544
2012,4,0,716,0,11.042678440029434
2012,4,1,202,0,8.427624309392264
2012,4,2,195,0,5.968421052631579
2012,4,3,104,0,5.597701149425287
2012,4,4,138,0,6.562913907284768
2012,4,5,307,0,7.074274331246443
2012,4,6,1147,0,5.332827209231704
2012,4,7,764,0,4.105122096486004
2012,4,8,841,0,3.85895832492839
2012,4,9,941,0,4.481671390808624
2012,4,10,996,0,4.989121191684016
2012,4,11,812,0,5.553026044594342
2012,4,12,650,0,6.008518093396967
2012,4,13,1202,0,6.876765634096271
2012,4,14,1198,0,7.4192161199164515
2012,4,15,1052,0,8.400550326756512
2012,4,16,1004,0,8.694483040457703
2012,4,17,1492,0,9.620383685708166
2012,4,18,1068,0,10.061906406492835
2012,4,19,836,0,10.461513902594763
2012,4,20,1051,0,10.782469008577577
2012,4,21,933,0,11.151683131522715
2012,4,22,799,0,11.175677211593104
2012,4,23,989,0,10.387021908652061
2012,5,0,399,0,14.280240658644711
2012,5,1,480,0,11.798543689320388
2012,5,2,100,0,6.1441441441441444
2012,5,3,52,0,2.164383561643836
2012,5,4,89,0,3.6424870466321244
2012,5,5,916,0,8.716087516087516
2012,5,6,291,0,4.570892289922033
2012,5,7,717,0,4.727230402141652
2012,5,8,1831,0,4.717297762478485
2012,5,9,555,0,4.753596840422531
2012,5,10,853,0,5.604790419161676
2012,5,11,1433,0,6.754468688362919
2012,5,12,755,0,7.337142038946163
2012,5,13,1347,0,8.162325790499025
2012,5,14,810,0,8.976419213973799
2012,5,15,1260,0,10.119130513759801
2012,5,16,965,0,11.029715829393735
2012,5,17,1029,0,11.24377990430622
2012,5,18,1095,0,12.595611713014764
2012,5,19,1264,0,13.54577883472057
2012,5,20,816,0,14.740389301378896
2012,5,21,1222,0,14.709407400361457
2012,5,22,793,0,15.322658743259602
2012,5,23,811,0,13.788059839748042
2012,6,0,416,0,21.372141886046226
2012,6,1,350,0,20.791356184798808
2012,6,2,213,0,11.069182389937106
2012,6,3,299,0,15.206185567010309
2012,6,4,122,0,14.163380281690142
2012,6,5,923,0,16.294331065759636
2012,6,6,874,0,8.452366614476695
2012,6,7,911,0,5.987416331994646
2012,6,8,945,0,5.498909062573054
2012,6,9,656,0,5.951131687242798
2012,6,10,960,0,6.5766914730443675
2012,6,11,1333,0,7.579619199216358
2012,6,12,1435,0,8.894833948339484
2012,6,13,1526,0,9.447824237267534
2012,6,14,1317,0,10.348423005565863
2012,6,15,1038,0,11.465452497183627
2012,6,16,1157,0,12.97082313711781
2012,6,17,1187,0,15.217672413793103
2012,6,18,1002,0,16.124913619150288
2012,6,19,1216,0,17.30481960892316
2012,6,20,1013,0,18.01661887764059
2012,6,21,1085,0,18.30011924052955
2012,6,22,1324,0,20.12140466969959
2012,6,23,1006,0,18.324575232089682
2012,7,0,844,0,27.399376155268023
2012,7,1,319,0,23.17340644276902
2012,7,2,304,0,19.22543352601156
2012,7,3,215,0,29.766129032258064
2012,7,4,161,0,8.449591280653951
2012,7,5,1066,0,16.58621453900709
2012,7,6,624,0,8.80301835792319
2012,7,7,869,0,6.7795275590551185
2012,7,8,931,0,6.746497690575256
2012,7,9,927,0,8.132947475039792
2012,7,10,926,0,8.883089770354905
2012,7,11,741,0,9.571074552891648
2012,7,12,1235,0,10.719701525173564
2012,7,13,1174,0,11.571617569236198
2012,7,14,910,0,12.21734314198881
2012,7,15,720,0,14.369695871462655
2012,7,16,990,0,16.451660081079694
2012,7,17,1543,0,19.26845256675842
2012,7,18,1040,0,20.66648380283622
2012,7,19,1242,0,23.61748737203209
2012,7,20,1000,0,24.44278792396571
2012,7,21,1324,0,25.477090305956224
2012,7,22,968,0,26.968096118299446
2012,7,23,716,0,24.69070598381864
2012,8,0,833,0,21.95540151713314
2012,8,1,240,0,16.899484536082475
2012,8,2,257,0,23.732394366197184
2012,8,3,224,0,26.92622950819672
2012,8,4,966,0,15.866883116883116
2012,8,5,1170,0,13.674741298212606
2012,8,6,739,0,8.355082912761356
2012,8,7,840,0,5.612612612612613
2012,8,8,932,0,5.575157686754313
2012,8,9,874,0,6.888545793521324
2012,8,10,949,0,7.583937565727569
2012,8,11,703,0,8.22670835194283
2012,8,12,1358,0,9.388455195162177
2012,8,13,646,0,9.721492943869714
2012,8,14,1049,0,10.779356169091534
2012,8,15,1107,0,12.491108390181331
2012,8,16,984,0,14.024922432711953
2012,8,17,620,0,15.988632478632478
2012,8,18,1057,0,17.418763508285082
2012,8,19,1122,0,18.317671147991486
2012,8,20,883,0,19.02836181695525
2012,8,21,1435,0,19.903591848702536
2012,8,22,954,0,20.862646190636326
2012,8,23,557,0,18.78263864967275
2012,9,0,863,0,14.016915022150624
2012,9,1,153,0,12.488888888888889
2012,9,2,66,0,6.65
2012,9,3,119,0,11.816326530612244
2012,9,4,161,0,7.4523809523809526
2012,9,5,959,0,11.525489033787789
2012,9,6,878,0,4.673676248108926
2012,9,7,902,0,4.502826247235193
2012,9,8,1445,0,4.57612725234934
2012,9,9,853,0,5.244630611980852
2012,9,10,1474,0,6.139798751903497
2012,9,11,907,0,6.727176088044022
2012,9,12,1147,0,7.686497205696773
2012,9,13,1147,0,7.875662810315739
2012,9,14,1296,0,9.086887313791447
2012,9,15,1074,0,9.976243126942386
2012,9,16,1089,0,10.40220239828467
2012,9,17,1223,0,11.870744499270707
2012,9,18,1373,0,13.200435790708719
2012,9,19,1087,0,13.60321196591383
2012,9,20,1447,0,14.011851807624563
2012,9,21,1606,0,14.854935767410412
2012,9,22,938,0,14.359930209796161
2012,9,23,906,0,13.304756280867512
2012,10,0,546,0,14.457288481141692
2012,10,1,129,0,12.188963210702342
2012,10,2,91,0,6.0978260869565215
2012,10,3,32,0,1.9142857142857144
2012,10,4,557,0,12.775119617224881
2012,10,5,791,0,10.473208910295003
2012,10,6,717,0,5.735517846693973
2012,10,7,969,0,5.0031843233312925
2012,10,8,1432,0,4.865166652673999
2012,10,9,1533,0,5.720604099244876
2012,10,10,732,0,6.339870590929913
2012,10,11,764,0,7.378957427787539
2012,10,12,760,0,8.567600808222789
2012,10,13,1310,0,8.752230814991076
2012,10,14,754,0,9.477196142226354
2012,10,15,1107,0,9.89387607852569
2012,10,16,1016,0,10.992336866167914
2012,10,17,1042,0,12.413475177304965
2012,10,18,913,0,13.251673105174383
2012,10,19,1147,0,13.557940790433134
2012,10,20,1208,0,13.770759321838085
2012,10,21,894,0,14.88575982996812
2012,10,22,825,0,14.558614969935725
2012,10,23,597,0,13.005001064056183
2012,11,0,519,0,11.07751791776688
2012,11,1,151,0,9.247240618101545
2012,11,2,75,0,4.477064220183486
2012,11,3,122,0,3.2285714285714286
2012,11,4,190,0,5.980891719745223
2012,11,5,1418,0,9.04571611253197
2012,11,6,1054,0,7.391215176892839
2012,11,7,946,0,6.627886912662596
2012,11,8,1556,0,5.064616852422048
2012,11,9,872,0,5.931413322243016
2012,11,10,1441,0,6.244880596139177
2012,11,11,789,0,6.773018788874923
2012,11,12,675,0,7.1623110312827425
2012,11,13,1085,0,8.118839867272952
2012,11,14,1306,0,8.432650398790287
2012,11,15,1485,0,8.66280252813319
2012,11,16,1255,0,9.129933899905572
2012,11,17,1124,0,10.272326493565432
2012,11,18,1079,0,10.220443631374343
2012,11,19,882,0,11.007495256166983
2012,11,20,979,0,11.455989084363932
2012,11,21,1302,0,11.963589950288862
2012,11,22,705,0,11.438783824349244
2012,11,23,756,0,10.451208641392691
2012,12,0,713,0,20.98304408537802
2012,12,1,244,0,17.30368763557484
2012,12,2,133,0,18.479338842975206
2012,12,3,170,0,15.493333333333334
2012,12,4,415,0,16.262210796915166
2012,12,5,841,0,14.01492982979994
2012,12,6,1088,0,12.157509780574928
2012,12,7,935,0,8.661494770381658
2012,12,8,833,0,7.310655285174332
2012,12,9,924,0,8.166583594417546
2012,12,10,636,0,8.52463793455139
2012,12,11,863,0,9.655941641970886
2012,12,12,1542,0,11.312870062155714
2012,12,13,1166,0,11.518639160332972
2012,12,14,1385,0,12.765667896678966
2012,12,15,922,0,13.76810931161741
2012,12,16,1345,0,14.292410240067984
2012,12,17,1147,0,15.857638554216868
2012,12,18,1615,0,16.08356697373691
2012,12,19,1183,0,17.2428124808435
2012,12,20,801,0,17.591635770428592
2012,12,21,1188,0,18.16852561277418
2012,12,22,845,0,18.432837076289008
2012,12,23,786,0,18.234622372177522
