yr,mon,dep_hour,max,min,mean
2003,1,0,743,0,4.942041522491349
2003,1,1,126,0,2.687679083094556
2003,1,2,111,0,4.454545454545454
2003,1,5,638,0,4.018421052631579
2003,1,6,987,0,3.7298344017094016
2003,1,7,775,0,4.495060220902481
2003,1,8,795,0,4.809199145212171
2003,1,9,523,0,5.48106960950764
2003,1,10,663,0,6.085380871400926
2003,1,11,793,0,6.000136414481761
2003,1,12,1122,0,6.027322254770444
2003,1,13,1156,0,6.371493957746086
2003,1,14,1385,0,7.229705747652851
2003,1,15,944,0,7.511360235095643
2003,1,16,938,0,8.495358347512015
2003,1,17,835,0,9.122337109009665
2003,1,18,775,0,8.944137246561747
2003,1,19,825,0,9.84219232465814
2003,1,20,317,0,9.265634991686916
2003,1,21,230,0,7.904021408939679
2003,1,22,817,0,6.508720637161004
2003,1,23,181,0,5.6242299794661195
2003,2,0,236,0,4.570066730219256
2003,2,1,119,0,4.141744548286605
2003,2,2,32,0,1.6964285714285714
2003,2,5,693,0,5.101672679567071
2003,2,6,640,0,4.347976791500264
2003,2,7,1337,0,4.797143131051673
2003,2,8,709,0,5.582254033174278
2003,2,9,599,0,6.880582213691619
2003,2,10,1180,0,7.556971563359979
2003,2,11,755,0,8.255610780106814
2003,2,12,593,0,8.297928271890843
2003,2,13,935,0,8.608117368552206
2003,2,14,1141,0,9.864227905471026
2003,2,15,1230,0,10.362381012024048
2003,2,16,1078,0,11.208535402521823
2003,2,17,1214,0,11.733403799289468
2003,2,18,810,0,12.224931986008551
2003,2,19,439,0,12.765680185117525
2003,2,20,285,0,12.199227837449884
2003,2,21,733,0,12.065367245067744
2003,2,22,335,0,8.603848268279274
2003,2,23,195,0,7.705515430072226
2003,3,0,174,0,3.828164291701593
2003,3,1,141,0,2.469361147327249
2003,3,2,123,0,2.959349593495935
2003,3,5,683,0,5.183760683760684
2003,3,6,1005,0,3.623770758710518
2003,3,7,1001,0,4.164980931852098
2003,3,8,1304,0,4.5153884093711465
2003,3,9,1239,0,5.496901626646011
2003,3,10,1245,0,5.953436233508666
2003,3,11,1166,0,5.958645908956468
2003,3,12,466,0,6.119514192139738
2003,3,13,1088,0,6.6941102482773704
2003,3,14,943,0,7.499759309075464
2003,3,15,1264,0,8.373832029552368
2003,3,16,849,0,8.733387188463034
2003,3,17,821,0,9.867244050491454
2003,3,18,612,0,10.064457195055807
2003,3,19,1353,0,11.015472759709072
2003,3,20,596,0,11.068074609425715
2003,3,21,1055,0,9.860172609888272
2003,3,22,552,0,8.075482625482625
2003,3,23,180,0,5.944184767665659
2003,4,0,425,0,4.624314442413163
2003,4,1,199,0,2.5383561643835617
2003,4,2,48,0,2.6145833333333335
2003,4,5,659,0,3.038805970149254
2003,4,6,702,0,2.7711698563799794
2003,4,7,654,0,3.272680574184527
2003,4,8,518,0,3.5967025661481187
2003,4,9,1305,0,4.183807255918196
2003,4,10,563,0,4.397224657617075
2003,4,11,685,0,4.763987560272761
2003,4,12,1519,0,5.113577965759159
2003,4,13,689,0,5.397767933208383
2003,4,14,540,0,6.376428960261296
2003,4,15,1063,0,6.884799165966813
2003,4,16,939,0,7.229827021972884
2003,4,17,1451,0,7.858240041655819
2003,4,18,915,0,8.37403736998742
2003,4,19,838,0,8.82010738752083
2003,4,20,729,0,7.730180806675939
2003,4,21,615,0,7.501447842361749
2003,4,22,528,0,5.122590766472434
2003,4,23,753,0,4.1966802380206705
2003,5,0,308,0,5.076200417536534
2003,5,1,255,0,2.6811397557666212
2003,5,2,14,0,0.5403225806451613
2003,5,5,545,0,3.4721634954193092
2003,5,6,600,0,2.794703092645782
2003,5,7,751,0,3.2672409017891764
2003,5,8,746,0,3.55442051498078
2003,5,9,573,0,4.053569961383617
2003,5,10,1252,0,4.376545695059527
2003,5,11,599,0,4.655752830980008
2003,5,12,1300,0,5.054963375970264
2003,5,13,1058,0,5.655164079703528
2003,5,14,1000,0,6.894508064032616
2003,5,15,498,0,6.962144763267215
2003,5,16,1007,0,8.07683816765806
2003,5,17,788,0,10.477765973592351
2003,5,18,831,0,10.252630610178851
2003,5,19,1005,0,11.090722244257744
2003,5,20,386,0,9.885436805899015
2003,5,21,565,0,9.201687395446942
2003,5,22,506,0,7.043675960272825
2003,5,23,258,0,5.573696824445776
2003,6,0,164,0,4.247723132969035
2003,6,1,103,0,3.25801749271137
2003,6,2,166,0,6.111111111111111
2003,6,5,1067,0,3.7943037974683542
2003,6,6,844,0,3.141152032707969
2003,6,7,1034,0,3.849164018239602
2003,6,8,585,0,3.917181486732834
2003,6,9,1260,0,5.192618161063246
2003,6,10,1179,0,5.209446170509934
2003,6,11,620,0,5.582284673715109
2003,6,12,1180,0,6.023605389154882
2003,6,13,1211,0,7.2799946652440655
2003,6,14,1068,0,8.426403233048944
2003,6,15,1209,0,9.876821878923522
2003,6,16,1217,0,9.85629760387042
2003,6,17,1137,0,12.315367879746836
2003,6,18,711,0,11.775618754803997
2003,6,19,725,0,12.504620261702415
2003,6,20,840,0,11.58246609902239
2003,6,21,1098,0,10.596689076845225
2003,6,22,655,0,8.034809429389734
2003,6,23,168,0,7.434448879336813
2003,7,0,397,0,5.560816326530612
2003,7,1,95,0,2.610719322990127
2003,7,2,119,0,4.632258064516129
2003,7,5,643,0,4.087014725568943
2003,7,6,921,0,3.443434056392283
2003,7,7,648,0,4.09549308344489
2003,7,8,679,0,4.947100048332528
2003,7,9,573,0,5.566498593761877
2003,7,10,731,0,6.3548646326932134
2003,7,11,515,0,6.301846646878038
2003,7,12,1120,0,8.085777501956235
2003,7,13,486,0,8.94252336448598
2003,7,14,992,0,11.260481298927225
2003,7,15,1103,0,11.8049953746531
2003,7,16,940,0,13.054846366027327
2003,7,17,896,0,16.221579355088604
2003,7,18,868,0,16.029084661984992
2003,7,19,1147,0,18.037578765222502
2003,7,20,882,0,16.500846777787682
2003,7,21,784,0,15.317781017843505
2003,7,22,729,0,12.013107822410149
2003,7,23,785,0,9.352769679300291
2003,8,0,315,0,5.92986798679868
2003,8,1,313,0,5.649295774647888
2003,8,2,115,0,7.012987012987013
2003,8,5,571,0,3.6180579216354345
2003,8,6,946,0,3.475562526005825
2003,8,7,1532,0,4.471747805267358
2003,8,8,734,0,4.852375027446388
2003,8,9,688,0,5.498688399337833
2003,8,10,642,0,5.501134037727499
2003,8,11,1437,0,6.07655678619347
2003,8,12,1247,0,7.305141640740135
2003,8,13,1336,0,8.741189109870817
2003,8,14,1101,0,10.780703027488316
2003,8,15,1139,0,12.744152438045282
2003,8,16,1016,0,13.996828889464147
2003,8,17,1104,0,17.9033632775612
2003,8,18,1110,0,17.938134783128213
2003,8,19,1005,0,19.263508339714353
2003,8,20,953,0,18.177531391931605
2003,8,21,939,0,17.208536844340625
2003,8,22,350,0,11.646965363838577
2003,8,23,238,0,9.847302904564316
2003,9,0,143,0,2.595845136921624
2003,9,1,128,0,1.4577702702702702
2003,9,2,634,0,7.443548387096774
2003,9,5,585,0,3.0003331112591605
2003,9,6,745,0,1.9786529134503723
2003,9,7,580,0,2.702084334964224
2003,9,8,963,0,3.1877749479046074
2003,9,9,593,0,3.758485822042185
2003,9,10,555,0,3.761564388656439
2003,9,11,469,0,4.450672584312758
2003,9,12,1272,0,4.862335564274175
2003,9,13,1026,0,5.5389502302613325
2003,9,14,427,0,6.335557532621589
2003,9,15,499,0,7.3684762220015445
2003,9,16,998,0,7.693268150888551
2003,9,17,834,0,9.390864222401289
2003,9,18,826,0,8.807310511179145
2003,9,19,782,0,9.703321590337191
2003,9,20,699,0,8.054920328787253
2003,9,21,575,0,6.582235785415998
2003,9,22,1045,0,4.652496235375883
2003,9,23,323,0,4.396248883596308
2003,10,0,110,0,2.1588089330024816
2003,10,1,169,0,2.089983022071307
2003,10,2,37,0,1.2
2003,10,3,0,0,0.0
2003,10,5,760,0,3.6477526299011793
2003,10,6,520,0,2.3954520600816958
2003,10,7,1379,0,2.9418903025767134
2003,10,8,1301,0,3.2908769951209944
2003,10,9,667,0,4.1707131220768305
2003,10,10,540,0,4.490646353758262
2003,10,11,692,0,4.854268956182489
2003,10,12,1160,0,5.431002873170065
2003,10,13,1071,0,5.664322184015838
2003,10,14,1015,0,6.69529227705874
2003,10,15,891,0,6.80840543881335
2003,10,16,977,0,7.312257109370181
2003,10,17,751,0,7.930085047750273
2003,10,18,861,0,7.524628731068961
2003,10,19,741,0,7.696474866166122
2003,10,20,741,0,7.322095279154991
2003,10,21,753,0,6.036443369121428
2003,10,22,677,0,4.953390277338395
2003,10,23,166,0,4.735335391523996
2003,11,0,205,0,5.926630434782608
2003,11,1,69,0,2.6257396449704142
2003,11,2,132,0,5.788135593220339
2003,11,3,0,0,0.0
2003,11,5,553,0,4.52
2003,11,6,854,0,3.3420096852300243
2003,11,7,574,0,3.636177853034771
2003,11,8,682,0,4.288912681418035
2003,11,9,1297,0,4.969224283305228
2003,11,10,1316,0,5.971050957256058
2003,11,11,527,0,6.646178241238443
2003,11,12,1063,0,7.478011689269704
2003,11,13,1057,0,8.722789485118401
2003,11,14,988,0,9.858248126460147
2003,11,15,951,0,10.46512539184953
2003,11,16,460,0,10.864845207602063
2003,11,17,1109,0,13.256067205973864
2003,11,18,719,0,13.516769084961325
2003,11,19,775,0,14.270566327089496
2003,11,20,615,0,11.957247613337637
2003,11,21,641,0,10.05743565300286
2003,11,22,1201,0,6.475275891341257
2003,11,23,321,0,5.2396490265972036
2003,12,0,212,0,8.189209726443769
2003,12,1,272,0,4.357446808510638
2003,12,2,218,0,10.94059405940594
2003,12,5,1065,0,5.026704366949419
2003,12,6,1052,0,4.440056147514834
2003,12,7,698,0,5.006139591996204
2003,12,8,687,0,6.098746913437796
2003,12,9,577,0,6.902012582041994
2003,12,10,750,0,8.320616001559497
2003,12,11,1254,0,9.854428432227294
2003,12,12,1134,0,10.007272528433946
2003,12,13,1117,0,11.189854531891086
2003,12,14,1297,0,12.31851009382997
2003,12,15,1196,0,13.277309562398703
2003,12,16,1582,0,14.522122571001495
2003,12,17,1191,0,15.314630008482611
2003,12,18,764,0,15.678666161424783
2003,12,19,1222,0,16.37962798307074
2003,12,20,606,0,15.540883831701509
2003,12,21,735,0,13.252360450185058
2003,12,22,1117,0,10.76163192729428
2003,12,23,238,0,8.239597497960293
2004,1,0,218,0,8.1078125
2004,1,1,175,0,4.997118155619597
2004,1,2,97,0,9.433333333333334
2004,1,3,1,0,0.25
2004,1,4,1,0,0.125
2004,1,5,610,0,5.850267379679145
2004,1,6,656,0,4.814530474674656
2004,1,7,643,0,5.600340522133939
2004,1,8,870,0,7.020338827418392
2004,1,9,1232,0,7.866548372573426
2004,1,10,563,0,8.79964737490205
2004,1,11,543,0,9.94366527632951
2004,1,12,1083,0,10.783625730994151
2004,1,13,1358,0,11.26181855798076
2004,1,14,1882,0,12.811983588808479
2004,1,15,1076,0,12.816496634413125
2004,1,16,515,0,13.847124948502149
2004,1,17,876,0,14.641763565891473
2004,1,18,844,0,15.549901762578662
2004,1,19,814,0,16.440084685956247
2004,1,20,931,0,14.779911436600528
2004,1,21,1063,0,13.241415120465245
2004,1,22,979,0,10.108238249764472
2004,1,23,288,0,8.260245901639344
2004,2,0,122,0,6.123298638911129
2004,2,1,589,0,4.4546805349182765
2004,2,2,86,0,3.142857142857143
2004,2,3,0,0,0.0
2004,2,4,1,0,0.16666666666666666
2004,2,5,605,0,4.464780600461894
2004,2,6,815,0,3.5292889015475173
2004,2,7,883,0,4.09190162315979
2004,2,8,723,0,5.352501382311225
2004,2,9,1239,0,6.362192692842915
2004,2,10,1240,0,7.291362979137773
2004,2,11,1080,0,8.551959915845421
2004,2,12,1118,0,8.936814517277725
2004,2,13,1239,0,9.637775146655185
2004,2,14,653,0,11.126059096844726
2004,2,15,1263,0,12.08454834466126
2004,2,16,1066,0,12.270148191690128
2004,2,17,873,0,13.99667613924693
2004,2,18,438,0,14.620195885802746
2004,2,19,881,0,15.682984349317517
2004,2,20,648,0,14.783101271296376
2004,2,21,1225,0,13.892420877290395
2004,2,22,795,0,11.875340228633641
2004,2,23,530,0,9.42729658792651
2004,3,0,667,0,5.786802030456853
2004,3,1,147,0,4.527644230769231
2004,3,2,834,0,20.258064516129032
2004,3,5,477,0,3.720788362271234
2004,3,6,868,0,2.9339487824396935
2004,3,7,621,0,3.6317316741608283
2004,3,8,875,0,4.393691899070385
2004,3,9,577,0,5.1006487899943265
2004,3,10,1257,0,6.161039173905917
2004,3,11,1092,0,6.5044243363495475
2004,3,12,1160,0,7.354381033202503
2004,3,13,1080,0,8.179464754241735
2004,3,14,410,0,9.636216472689721
2004,3,15,1005,0,10.767807990121678
2004,3,16,979,0,11.04359448315086
2004,3,17,1109,0,13.423103998498217
2004,3,18,1092,0,13.50106485963214
2004,3,19,811,0,14.893108759052332
2004,3,20,786,0,13.150911073041582
2004,3,21,1100,0,12.071801242236026
2004,3,22,803,0,7.19670140645553
2004,3,23,567,0,6.622992785664417
2004,4,0,129,0,4.627052384675528
2004,4,1,152,0,3.002421307506053
2004,4,2,35,0,2.0303030303030303
2004,4,4,2,0,0.3333333333333333
2004,4,5,548,0,3.263145428706774
2004,4,6,673,0,2.6730342329711414
2004,4,7,797,0,3.329055146867011
2004,4,8,1006,0,3.959016393442623
2004,4,9,556,0,4.279793268624732
2004,4,10,1218,0,5.146693173545389
2004,4,11,1110,0,5.219637204160595
2004,4,12,1158,0,5.957425474254743
2004,4,13,1020,0,6.807502240430162
2004,4,14,1031,0,8.156622751097888
2004,4,15,926,0,8.935988323603002
2004,4,16,998,0,10.055147829733697
2004,4,17,865,0,12.059447125098048
2004,4,18,767,0,11.66470940341476
2004,4,19,974,0,12.271879699248121
2004,4,20,810,0,12.115578512396695
2004,4,21,584,0,10.785797797058642
2004,4,22,639,0,6.865860362836724
2004,4,23,184,0,5.2993630573248405
2004,5,0,194,0,6.551937984496124
2004,5,1,198,0,5.358604091456077
2004,5,2,40,0,5.254237288135593
2004,5,5,621,0,4.385850593437282
2004,5,6,801,0,3.7917170584938495
2004,5,7,620,0,4.401629586518875
2004,5,8,537,0,5.006295302906036
2004,5,9,553,0,6.158324770044362
2004,5,10,578,0,6.882194195076279
2004,5,11,1196,0,7.18988379022646
2004,5,12,1108,0,8.057026798902722
2004,5,13,1033,0,9.636332333120173
2004,5,14,1058,0,11.74910031488979
2004,5,15,659,0,12.817574538326628
2004,5,16,907,0,14.332811715728248
2004,5,17,953,0,18.850325799966086
2004,5,18,924,0,18.39175895216145
2004,5,19,910,0,21.538309676980155
2004,5,20,753,0,20.627666666666666
2004,5,21,910,0,18.723909226867807
2004,5,22,1018,0,11.690369768386836
2004,5,23,812,0,10.704441391941392
2004,6,0,223,0,11.037554585152838
2004,6,1,264,0,7.393710691823899
2004,6,2,117,0,5.745454545454545
2004,6,5,590,0,4.458022612460909
2004,6,6,815,0,4.437507249739009
2004,6,7,858,0,5.3739101187550125
2004,6,8,690,0,6.022838242242873
2004,6,9,1326,0,7.171451596655586
2004,6,10,1405,0,7.632746024924796
2004,6,11,1104,0,8.87594899022478
2004,6,12,1115,0,9.834906947552257
2004,6,13,1059,0,12.192358162871479
2004,6,14,1201,0,14.748671487063334
2004,6,15,1027,0,17.030018420984355
2004,6,16,1045,0,18.403660857220526
2004,6,17,994,0,22.64295102716386
2004,6,18,1016,0,23.38796915750085
2004,6,19,922,0,26.017066328234588
2004,6,20,781,0,24.102382562348357
2004,6,21,785,0,23.23624484181568
2004,6,22,888,0,17.83534174355112
2004,6,23,298,0,16.192460317460316
2004,7,0,302,0,8.907718120805368
2004,7,1,162,0,6.7988372093023255
2004,7,2,228,0,10.419354838709678
2004,7,5,633,0,4.15729537366548
2004,7,6,1200,0,3.981450205483308
2004,7,7,704,0,4.8570233084742425
2004,7,8,1485,0,6.1477700629040335
2004,7,9,632,0,6.597050347516528
2004,7,10,673,0,7.269467494641974
2004,7,11,1179,0,8.356089789318496
2004,7,12,1596,0,9.054740391454388
2004,7,13,1032,0,10.602598242950648
2004,7,14,1022,0,13.848071535697105
2004,7,15,1131,0,15.450299520270438
2004,7,16,1202,0,16.66035761272575
2004,7,17,920,0,20.157666516598347
2004,7,18,957,0,20.680352149719
2004,7,19,862,0,21.623583771124753
2004,7,20,1112,0,20.879427951321603
2004,7,21,726,0,19.582446947864817
2004,7,22,1118,0,14.695329185625406
2004,7,23,695,0,13.114169459071325
2004,8,0,206,0,7.037766830870279
2004,8,1,177,0,7.655083655083655
2004,8,2,132,0,6.282258064516129
2004,8,4,0,0,0.0
2004,8,5,868,0,4.396002788752034
2004,8,6,856,0,4.336913900701386
2004,8,7,1320,0,5.252514741588623
2004,8,8,932,0,5.9891188207331165
2004,8,9,1468,0,6.504003859141341
2004,8,10,829,0,7.270317433937178
2004,8,11,958,0,7.561786938353913
2004,8,12,1297,0,8.617066496639303
2004,8,13,922,0,8.896727057313521
2004,8,14,1142,0,11.220468261063925
2004,8,15,990,0,12.767221838967183
2004,8,16,1039,0,13.81775577751091
2004,8,17,946,0,16.571590830068843
2004,8,18,868,0,16.813198624247637
2004,8,19,1081,0,18.002475170941494
2004,8,20,1093,0,18.034729586426298
2004,8,21,1070,0,16.582891591310673
2004,8,22,684,0,12.6964592954813
2004,8,23,273,0,13.458432304038006
2004,9,0,215,0,3.966666666666667
2004,9,1,126,0,3.375
2004,9,2,44,0,3.8043478260869565
2004,9,5,810,0,2.7123737373737375
2004,9,6,670,0,2.525729600952948
2004,9,7,930,0,3.547949726355161
2004,9,8,1376,0,4.1565819535059
2004,9,9,529,0,4.795300708005913
2004,9,10,810,0,5.0811945870275315
2004,9,11,458,0,5.5422313555133575
2004,9,12,1150,0,5.939651579561557
2004,9,13,1096,0,6.40956034228386
2004,9,14,1009,0,7.213504248025041
2004,9,15,418,0,7.8200373063718205
2004,9,16,872,0,8.76452442159383
2004,9,17,825,0,10.470401312080364
2004,9,18,742,0,9.84068017537623
2004,9,19,733,0,10.931236206956948
2004,9,20,568,0,11.260308840997794
2004,9,21,621,0,10.120033458803848
2004,9,22,1009,0,9.521680497925312
2004,9,23,623,0,7.034136014818735
2004,10,0,146,0,4.017873100983021
2004,10,1,76,0,2.074858757062147
2004,10,2,59,0,2.9263157894736844
2004,10,5,400,0,3.157649253731343
2004,10,6,767,0,2.897431531148006
2004,10,7,664,0,3.5210971545757497
2004,10,8,796,0,4.404927620021792
2004,10,9,1356,0,5.334180087306089
2004,10,10,845,0,6.478890886310399
2004,10,11,655,0,6.659009224118431
2004,10,12,478,0,7.355702583490864
2004,10,13,1015,0,7.914253675554448
2004,10,14,1012,0,8.867513508925793
2004,10,15,348,0,9.36413295542386
2004,10,16,872,0,10.117099802233922
2004,10,17,1013,0,11.138486351162678
2004,10,18,908,0,11.055671518813513
2004,10,19,679,0,11.820203156536413
2004,10,20,339,0,11.197265011002829
2004,10,21,537,0,10.15164151054208
2004,10,22,1123,0,8.01421011368091
2004,10,23,594,0,7.2312067260138475
2004,11,0,183,0,7.792060491493384
2004,11,1,135,0,4.719941348973607
2004,11,2,122,0,14.11864406779661
2004,11,3,20,0,3.433333333333333
2004,11,5,817,0,5.014663461538461
2004,11,6,1130,0,3.868212415856395
2004,11,7,1120,0,4.363756964712125
2004,11,8,776,0,5.422645766256962
2004,11,9,497,0,6.386254995689993
2004,11,10,552,0,7.271541501976285
2004,11,11,1357,0,8.835826331260893
2004,11,12,1182,0,9.17899800928998
2004,11,13,1094,0,10.192485064458651
2004,11,14,441,0,11.532046332046333
2004,11,15,1388,0,12.439880003243156
2004,11,16,823,0,13.027517271791856
2004,11,17,1223,0,14.871998587570621
2004,11,18,763,0,15.083228822255158
2004,11,19,1173,0,16.407230043567495
2004,11,20,846,0,15.530492556289218
2004,11,21,434,0,15.310049713674406
2004,11,22,478,0,11.816668338180724
2004,11,23,836,0,9.84810733109727
2004,12,0,536,0,12.200807265388496
2004,12,1,686,0,12.533248081841432
2004,12,2,84,0,12.0
2004,12,3,135,0,20.612903225806452
2004,12,5,1060,0,7.414364640883978
2004,12,6,750,0,5.985948477751757
2004,12,7,1057,0,6.9023408924652525
2004,12,8,920,0,8.118023027757909
2004,12,9,751,0,9.970532803585982
2004,12,10,564,0,10.849057645078506
2004,12,11,1216,0,12.384432928558537
2004,12,12,1174,0,13.442575607669065
2004,12,13,1008,0,13.822821130296665
2004,12,14,1065,0,15.118069815195073
2004,12,15,894,0,15.814096562792564
2004,12,16,850,0,17.32619816524249
2004,12,17,929,0,19.10418425177861
2004,12,18,1817,0,20.291383913672266
2004,12,19,723,0,21.065203783558214
2004,12,20,777,0,20.98224406484087
2004,12,21,761,0,19.847601588756493
2004,12,22,1153,0,15.385786802030458
2004,12,23,906,0,14.23615635179153
2005,1,0,189,0,11.09163802978236
2005,1,1,220,0,8.830486202365309
2005,1,2,45,0,8.65079365079365
2005,1,3,169,0,15.166666666666666
2005,1,4,16,0,10.333333333333334
2005,1,5,758,0,7.495059050373584
2005,1,6,728,0,5.811987189263383
2005,1,7,995,0,6.530187902893979
2005,1,8,771,0,8.122663494683692
2005,1,9,1422,0,9.363125472819625
2005,1,10,614,0,10.753468547912993
2005,1,11,1169,0,11.616928540680155
2005,1,12,1616,0,12.450791178842572
2005,1,13,577,0,13.314110429447853
2005,1,14,1930,0,15.056798623063683
2005,1,15,1038,0,15.31761863287725
2005,1,16,837,0,16.501200844931855
2005,1,17,962,0,17.575308196213957
2005,1,18,1639,0,19.384187467573643
2005,1,19,1031,0,19.186060498850168
2005,1,20,1080,0,19.132067581130812
2005,1,21,582,0,18.956333909344675
2005,1,22,673,0,13.1605242412298
2005,1,23,888,0,13.797922334899827
2005,2,0,178,0,7.609424083769634
2005,2,1,775,0,7.585406301824213
2005,2,2,44,0,4.345454545454546
2005,2,3,82,0,7.142857142857143
2005,2,5,738,0,5.094131736526946
2005,2,6,1167,0,4.084282387469296
2005,2,7,1354,0,4.676734967338507
2005,2,8,795,0,5.726879394267171
2005,2,9,709,0,6.711662153012864
2005,2,10,632,0,7.438777092183188
2005,2,11,538,0,8.071393244697873
2005,2,12,561,0,9.559491859008768
2005,2,13,1191,0,10.229357261859526
2005,2,14,538,0,11.207084976248874
2005,2,15,1016,0,11.842043435043225
2005,2,16,845,0,13.087698499360434
2005,2,17,919,0,14.529762234661641
2005,2,18,799,0,15.437530237058539
2005,2,19,877,0,16.867057849454625
2005,2,20,411,0,16.2646383467279
2005,2,21,757,0,16.560480693459418
2005,2,22,832,0,13.643929912390488
2005,2,23,342,0,11.207477098291657
2005,3,0,162,0,7.635350318471337
2005,3,1,722,0,9.342182890855458
2005,3,2,68,0,7.580645161290323
2005,3,3,136,0,18.333333333333332
2005,3,5,1155,0,5.365873666940115
2005,3,6,851,0,3.752464827739005
2005,3,7,748,0,4.929008895153842
2005,3,8,1517,0,5.956133775058642
2005,3,9,1210,0,6.732327757865392
2005,3,10,754,0,8.006371000961142
2005,3,11,1371,0,8.900766720198932
2005,3,12,1178,0,10.01349191794818
2005,3,13,1074,0,11.187462671063907
2005,3,14,1339,0,12.578988631909056
2005,3,15,1060,0,14.159958555830078
2005,3,16,528,0,14.4136837081333
2005,3,17,880,0,17.357797047790715
2005,3,18,1357,0,18.038195279715605
2005,3,19,986,0,19.446705577577326
2005,3,20,1018,0,19.196439463250993
2005,3,21,555,0,18.409692349578002
2005,3,22,500,0,15.287479406919275
2005,3,23,626,0,12.187181663837013
2005,4,0,601,0,6.506125574272588
2005,4,1,159,0,3.49812734082397
2005,4,2,348,0,6.092307692307692
2005,4,3,9,1,5.0
2005,4,4,20,20,20.0
2005,4,5,745,0,2.6895344046147507
2005,4,6,788,0,3.287874932858395
2005,4,7,930,0,3.636029503687961
2005,4,8,715,0,4.5267481710132955
2005,4,9,699,0,4.941876860410465
2005,4,10,1195,0,5.717198976185177
2005,4,11,666,0,6.384250908601427
2005,4,12,551,0,7.09882638607851
2005,4,13,1078,0,7.738740644751805
2005,4,14,577,0,8.559615897572685
2005,4,15,548,0,9.14990517474939
2005,4,16,792,0,9.745971700837424
2005,4,17,814,0,11.791982994230185
2005,4,18,806,0,11.132461205834861
2005,4,19,680,0,12.051310543172756
2005,4,20,1459,0,11.446940262263235
2005,4,21,529,0,10.895765842568911
2005,4,22,615,0,9.428431564519288
2005,4,23,641,0,8.45947354704196
2005,5,0,1068,0,7.195103857566766
2005,5,1,104,0,4.532110091743119
2005,5,2,56,0,5.2439024390243905
2005,5,5,611,0,3.530015621513055
2005,5,6,1458,0,3.0392524912358185
2005,5,7,580,0,3.601726762439349
2005,5,8,957,0,4.516127546909175
2005,5,9,496,0,4.748392141037605
2005,5,10,658,0,5.922537028435775
2005,5,11,603,0,6.477657736637187
2005,5,12,1080,0,6.890787347033018
2005,5,13,1079,0,7.693208668919434
2005,5,14,1173,0,9.194931397178587
2005,5,15,382,0,9.222704360027024
2005,5,16,889,0,10.502574778130821
2005,5,17,827,0,12.186493942665228
2005,5,18,754,0,12.380211959464686
2005,5,19,866,0,12.813374613003097
2005,5,20,716,0,12.956101601325235
2005,5,21,654,0,12.307970436539586
2005,5,22,524,0,8.621948893974066
2005,5,23,192,0,8.728148326510956
2005,6,0,728,0,10.972168284789644
2005,6,1,169,0,7.216216216216216
2005,6,2,153,0,14.437956204379562
2005,6,5,664,0,3.392678143386359
2005,6,6,642,0,3.921586238806783
2005,6,7,712,0,5.025320036777707
2005,6,8,720,0,6.121237162082399
2005,6,9,1280,0,6.53094981250321
2005,6,10,672,0,7.3740670661200465
2005,6,11,500,0,8.270126516911954
2005,6,12,1048,0,9.544854916354158
2005,6,13,1217,0,11.811166793482538
2005,6,14,1036,0,14.287713358724785
2005,6,15,975,0,16.091011386470193
2005,6,16,1084,0,18.499156260546744
2005,6,17,1039,0,22.77733757929841
2005,6,18,908,0,22.84216084913133
2005,6,19,947,0,24.4080800476773
2005,6,20,933,0,23.832423385007772
2005,6,21,982,0,23.097411860607295
2005,6,22,623,0,20.43611162107582
2005,6,23,599,0,15.644409589961908
2005,7,0,292,0,15.821976672805402
2005,7,1,315,0,11.581929555895865
2005,7,2,341,0,18.13605442176871
2005,7,5,781,0,4.876605005440696
2005,7,6,760,0,4.87984496124031
2005,7,7,674,0,6.529620217751148
2005,7,8,825,0,7.6897159871736145
2005,7,9,695,0,7.85453318672531
2005,7,10,1185,0,9.04429581019687
2005,7,11,1352,0,10.761176470588236
2005,7,12,1156,0,11.80387377810045
2005,7,13,1255,0,14.391070967741936
2005,7,14,1732,0,16.911957086948192
2005,7,15,1053,0,20.655590233155866
2005,7,16,963,0,23.044677661169416
2005,7,17,1147,0,28.260582629466374
2005,7,18,1084,0,29.139650743402786
2005,7,19,865,0,32.077969875978106
2005,7,20,855,0,31.355053813757603
2005,7,21,848,0,30.81082276614568
2005,7,22,897,0,26.40857447186224
2005,7,23,749,0,20.883423618634886
2005,8,0,261,0,12.781209781209782
2005,8,1,312,0,5.915857605177994
2005,8,2,165,0,7.128378378378378
2005,8,5,602,0,3.7932210616073334
2005,8,6,923,0,4.010453322293521
2005,8,7,1352,0,5.335767277493037
2005,8,8,703,0,5.869984094523971
2005,8,9,1218,0,6.627886056971514
2005,8,10,727,0,7.710200382640218
2005,8,11,619,0,8.326076125946592
2005,8,12,1112,0,9.543638900372054
2005,8,13,1075,0,11.23870984296418
2005,8,14,1292,0,13.417069939711807
2005,8,15,1004,0,15.315223911739391
2005,8,16,947,0,17.48104035002431
2005,8,17,1122,0,21.3896871743924
2005,8,18,1125,0,22.04543581289924
2005,8,19,908,0,23.334914085114246
2005,8,20,840,0,23.135012515644554
2005,8,21,733,0,22.52275315672196
2005,8,22,335,0,20.526500494915865
2005,8,23,656,0,15.012274045971882
2005,9,0,590,0,9.71394422310757
2005,9,1,211,0,4.136263736263737
2005,9,2,56,0,4.8875
2005,9,5,545,0,3.474331550802139
2005,9,6,715,0,3.078722731583939
2005,9,7,952,0,3.9151050539466214
2005,9,8,1321,0,4.5855474990782845
2005,9,9,1637,0,5.092912590387069
2005,9,10,699,0,5.930378881138012
2005,9,11,1347,0,6.020898613840353
2005,9,12,1617,0,6.617361600607277
2005,9,13,1133,0,7.73260374158673
2005,9,14,1046,0,7.968456181079512
2005,9,15,415,0,9.648199521322889
2005,9,16,1637,0,10.48051724137931
2005,9,17,1010,0,12.026099114494329
2005,9,18,787,0,11.69623292396854
2005,9,19,725,0,12.229511001608323
2005,9,20,637,0,11.141871026339691
2005,9,21,736,0,10.117889380262918
2005,9,22,772,0,7.252724877230806
2005,9,23,931,0,7.538395660862118
2005,10,0,460,0,5.109915449654112
2005,10,1,90,0,2.8026030368763557
2005,10,2,86,0,5.241379310344827
2005,10,5,585,0,3.086523736600306
2005,10,6,1450,0,2.90748031496063
2005,10,7,665,0,3.772463946752126
2005,10,8,660,0,4.623035152900829
2005,10,9,765,0,5.564496860940955
2005,10,10,1343,0,7.183826450878076
2005,10,11,1137,0,7.779645927659358
2005,10,12,1219,0,8.349384599200505
2005,10,13,1307,0,9.853923500581072
2005,10,14,1011,0,10.820314477792467
2005,10,15,1066,0,11.858540691251513
2005,10,16,1083,0,13.146229178873357
2005,10,17,854,0,15.035821711785617
2005,10,18,871,0,14.614334289661034
2005,10,19,962,0,15.173090399439383
2005,10,20,851,0,13.34302609932862
2005,10,21,629,0,12.035118525021948
2005,10,22,851,0,8.704037408759124
2005,10,23,224,0,6.712860310421286
2005,11,0,214,0,7.492251595259799
2005,11,1,287,0,6.579646017699115
2005,11,2,96,0,7.446153846153846
2005,11,4,81,0,13.52
2005,11,5,710,0,4.532333415293828
2005,11,6,1659,0,3.592308972864991
2005,11,7,709,0,4.5479179744716465
2005,11,8,1510,0,5.210189049840412
2005,11,9,677,0,5.913943844264244
2005,11,10,619,0,6.955978812745286
2005,11,11,855,0,7.386071077845901
2005,11,12,1210,0,8.107927646881755
2005,11,13,1038,0,9.371840094062316
2005,11,14,1150,0,10.380441040994933
2005,11,15,504,0,11.129845283646647
2005,11,16,943,0,12.658722786647315
2005,11,17,931,0,14.919289498286071
2005,11,18,1045,0,15.202927383828335
2005,11,19,687,0,16.922887042380836
2005,11,20,1100,0,16.0013696871121
2005,11,21,1073,0,14.94921232071479
2005,11,22,1163,0,12.264221804926544
2005,11,23,825,0,10.906346565248395
2005,12,0,208,0,11.741618969746526
2005,12,1,218,0,7.377532228360957
2005,12,2,108,0,9.086206896551724
2005,12,4,142,0,17.557377049180328
2005,12,5,745,0,5.700026831231553
2005,12,6,953,0,5.7484310755247785
2005,12,7,980,0,7.138678834174977
2005,12,8,831,0,8.384600683246136
2005,12,9,967,0,10.12510013351135
2005,12,10,522,0,12.26271255834266
2005,12,11,760,0,13.425399504245556
2005,12,12,1591,0,14.544647195378719
2005,12,13,1040,0,15.365588756992768
2005,12,14,1252,0,16.60377199865486
2005,12,15,599,0,17.2837470153812
2005,12,16,553,0,18.583387220034094
2005,12,17,878,0,20.454394405316933
2005,12,18,1073,0,22.031946231946232
2005,12,19,962,0,22.93165209447997
2005,12,20,578,0,22.47963424771405
2005,12,21,720,0,20.106180310416317
2005,12,22,696,0,15.93715322236449
2005,12,23,1235,0,14.486739469578783
2006,1,0,229,0,10.748866727107888
2006,1,1,510,0,6.217472118959108
2006,1,2,200,0,9.645833333333334
2006,1,4,186,0,15.639344262295081
2006,1,5,625,0,4.2841151385927505
2006,1,6,725,0,4.334194132367818
2006,1,7,677,0,5.230994152046784
2006,1,8,714,0,6.445186474156986
2006,1,9,728,0,7.677204306764371
2006,1,10,1345,0,9.087420386444869
2006,1,11,698,0,9.5567676558784
2006,1,12,1154,0,10.550046697798532
2006,1,13,1167,0,11.465551475588196
2006,1,14,1110,0,12.453081382864505
2006,1,15,562,0,13.162415240555376
2006,1,16,860,0,14.323108384458077
2006,1,17,1086,0,15.90977018267531
2006,1,18,831,0,16.854505941125005
2006,1,19,752,0,16.777003484320556
2006,1,20,819,0,16.7475
2006,1,21,695,0,14.487485931721958
2006,1,22,488,0,11.567317126349067
2006,1,23,793,0,10.575820142234457
2006,2,0,904,0,16.828865979381444
2006,2,1,192,0,6.306194690265487
2006,2,2,1012,0,18.32608695652174
2006,2,3,52,52,52.0
2006,2,4,930,0,29.436363636363637
2006,2,5,623,0,5.007982806263432
2006,2,6,792,0,4.414712338262477
2006,2,7,1118,0,5.421373707123645
2006,2,8,997,0,6.519817779379214
2006,2,9,1379,0,7.861855971896955
2006,2,10,508,0,9.764655679811653
2006,2,11,1199,0,10.872120983863024
2006,2,12,1367,0,11.790759173971178
2006,2,13,1026,0,12.921721758082093
2006,2,14,1282,0,13.24991856918658
2006,2,15,966,0,14.391369528792733
2006,2,16,1128,0,15.337027130301873
2006,2,17,840,0,16.414366504098787
2006,2,18,873,0,17.554673583549487
2006,2,19,862,0,17.24601436879918
2006,2,20,906,0,18.22031466455571
2006,2,21,629,0,15.672686889940966
2006,2,22,1139,0,12.585902551082095
2006,2,23,727,0,12.999028654686741
2006,3,0,484,0,9.77442996742671
2006,3,1,112,0,4.787009063444109
2006,3,2,77,0,2.9424460431654675
2006,3,4,140,0,6.455555555555556
2006,3,5,849,0,4.572383646181538
2006,3,6,878,0,4.092779406649108
2006,3,7,863,0,5.0933441947386076
2006,3,8,1476,0,6.592107047601826
2006,3,9,1102,0,7.396162155292922
2006,3,10,1257,0,9.464144652474994
2006,3,11,1195,0,10.430051292366489
2006,3,12,1176,0,11.950158820339333
2006,3,13,1648,0,13.297910416337702
2006,3,14,1307,0,14.861497074801504
2006,3,15,1034,0,15.710653816097942
2006,3,16,809,0,17.617365037135574
2006,3,17,895,0,18.593855807864205
2006,3,18,923,0,19.97749319849405
2006,3,19,1024,0,19.906401766004414
2006,3,20,900,0,20.598585101955887
2006,3,21,985,0,17.271474391099527
2006,3,22,875,0,13.032110547768168
2006,3,23,787,0,11.866742813630307
2006,4,0,205,0,7.138252756573367
2006,4,1,111,0,4.234657039711191
2006,4,2,81,0,3.066666666666667
2006,4,3,119,0,9.916666666666666
2006,4,4,0,0,0.0
2006,4,5,655,0,3.1682289097187963
2006,4,6,710,0,3.879716795594598
2006,4,7,891,0,4.812980439461671
2006,4,8,665,0,5.629486210804685
2006,4,9,1349,0,7.261438250451252
2006,4,10,1252,0,8.31615510592213
2006,4,11,694,0,8.915155491405327
2006,4,12,1165,0,10.15898259564496
2006,4,13,1098,0,10.732841747022121
2006,4,14,1024,0,12.85782191889954
2006,4,15,1098,0,13.708996175378305
2006,4,16,849,0,14.89084653588968
2006,4,17,1268,0,16.479153164830418
2006,4,18,1013,0,16.992021423444317
2006,4,19,785,0,17.476933887327387
2006,4,20,796,0,17.539154570687536
2006,4,21,950,0,15.037319981417436
2006,4,22,1021,0,11.199386503067485
2006,4,23,225,0,8.759179780639007
2006,5,0,185,0,6.285217391304347
2006,5,1,144,0,3.027173913043478
2006,5,2,84,0,1.5423728813559323
2006,5,3,68,0,5.661290322580645
2006,5,4,6,0,0.21428571428571427
2006,5,5,452,0,4.180243082492889
2006,5,6,1070,0,3.734631489711511
2006,5,7,865,0,4.635813644384353
2006,5,8,742,0,5.585529038488067
2006,5,9,518,0,6.646680315881837
2006,5,10,725,0,7.647880951183953
2006,5,11,770,0,8.145715100158077
2006,5,12,603,0,9.607997188684456
2006,5,13,1254,0,11.025287531418996
2006,5,14,556,0,13.012330041875614
2006,5,15,1166,0,14.82319849986606
2006,5,16,969,0,16.80644288034651
2006,5,17,1064,0,18.16408202944172
2006,5,18,824,0,19.296234788053688
2006,5,19,993,0,19.834451901565995
2006,5,20,646,0,18.737675012541615
2006,5,21,629,0,15.490230998900005
2006,5,22,646,0,10.132327770646128
2006,5,23,715,0,7.779368325380595
2006,6,0,927,0,13.002834868887314
2006,6,1,238,0,9.67047308319739
2006,6,2,109,0,3.1313868613138687
2006,6,3,215,0,34.53191489361702
2006,6,4,133,0,16.666666666666668
2006,6,5,540,0,4.372431077694236
2006,6,6,987,0,4.874304278842521
2006,6,7,763,0,6.389050466506899
2006,6,8,1021,0,7.1589068825910935
2006,6,9,863,0,8.619252587579618
2006,6,10,1372,0,9.46187054079206
2006,6,11,600,0,10.591767032176882
2006,6,12,1198,0,12.301325285395617
2006,6,13,1087,0,14.616620585320048
2006,6,14,1171,0,16.963513765624583
2006,6,15,843,0,19.11101591863807
2006,6,16,959,0,21.005678464003598
2006,6,17,972,0,23.55875237191651
2006,6,18,1120,0,25.494261456345583
2006,6,19,978,0,27.652463421044946
2006,6,20,1028,0,27.097748005817284
2006,6,21,701,0,24.53154581949745
2006,6,22,821,0,19.606536366549182
2006,6,23,605,0,18.22161529457667
2006,7,0,819,0,9.483849259757738
2006,7,1,255,0,10.176090468497577
2006,7,2,255,0,5.6726190476190474
2006,7,3,639,0,57.886792452830186
2006,7,4,274,0,19.838709677419356
2006,7,5,450,0,5.250312891113892
2006,7,6,1139,0,5.488722170799435
2006,7,7,742,0,6.862038344186894
2006,7,8,1382,0,8.110390469887491
2006,7,9,1258,0,8.996947082767978
2006,7,10,588,0,10.264321030814564
2006,7,11,1291,0,10.896921345014928
2006,7,12,1166,0,12.703541177671191
2006,7,13,1666,0,14.151914117885356
2006,7,14,1027,0,17.14566142176208
2006,7,15,1014,0,19.39595421879159
2006,7,16,949,0,20.61927115838602
2006,7,17,1012,0,23.699095807413915
2006,7,18,1020,0,24.654662500673382
2006,7,19,1024,0,25.665523830935253
2006,7,20,1074,0,26.890568091430485
2006,7,21,825,0,21.918761904761904
2006,7,22,594,0,19.381547924141465
2006,7,23,632,0,16.953335763762304
2006,8,0,204,0,9.039464411557434
2006,8,1,299,0,9.138709677419355
2006,8,2,73,0,3.8360655737704916
2006,8,3,141,0,20.705882352941178
2006,8,4,51,0,6.548387096774194
2006,8,5,670,0,4.801275760549558
2006,8,6,981,0,5.124077228847246
2006,8,7,1422,0,6.128998485253497
2006,8,8,730,0,6.945719338850194
2006,8,9,622,0,7.612397329362602
2006,8,10,634,0,9.139909958937318
2006,8,11,1291,0,9.725071570673007
2006,8,12,1168,0,11.030104515677351
2006,8,13,1102,0,11.886439913840604
2006,8,14,1278,0,14.224243502121498
2006,8,15,893,0,15.060860908066756
2006,8,16,983,0,16.68315543518666
2006,8,17,842,0,18.973583784648433
2006,8,18,813,0,20.788646034305046
2006,8,19,869,0,21.89052750992626
2006,8,20,797,0,22.441832303323867
2006,8,21,688,0,20.07360052073647
2006,8,22,600,0,15.35660122571933
2006,8,23,695,0,14.234755022911527
2006,9,0,145,0,4.883476599808978
2006,9,1,231,0,6.623376623376624
2006,9,2,114,0,4.402985074626866
2006,9,3,119,0,26.5
2006,9,4,126,0,6.3
2006,9,5,462,0,3.202956575300277
2006,9,6,929,0,4.34997303751637
2006,9,7,695,0,5.119118537353191
2006,9,8,1314,0,6.0221190157858935
2006,9,9,511,0,7.390543082904804
2006,9,10,596,0,8.6147469343433
2006,9,11,684,0,8.88328526645768
2006,9,12,1286,0,10.601501101351536
2006,9,13,1268,0,11.708652679930841
2006,9,14,1129,0,13.380739415623136
2006,9,15,966,0,14.572893909522033
2006,9,16,874,0,17.02580480327031
2006,9,17,1103,0,18.910834297530833
2006,9,18,922,0,18.614844533600802
2006,9,19,741,0,19.180307501164776
2006,9,20,754,0,20.938199130997504
2006,9,21,487,0,15.798901815809502
2006,9,22,655,0,12.736010775070405
2006,9,23,771,0,10.346291438111137
2006,10,0,212,0,5.375358166189112
2006,10,1,192,0,7.181286549707602
2006,10,2,177,0,10.620689655172415
2006,10,4,42,0,1.5357142857142858
2006,10,5,585,0,4.586642043705756
2006,10,6,990,0,4.683236565781346
2006,10,7,910,0,5.770631067961165
2006,10,8,1342,0,7.175370139136639
2006,10,9,860,0,8.784709069549999
2006,10,10,1283,0,10.32504116529449
2006,10,11,576,0,11.47224714469313
2006,10,12,1049,0,13.202422596982196
2006,10,13,1061,0,14.84144822026238
2006,10,14,1294,0,16.35466354897376
2006,10,15,1752,0,17.3924573223241
2006,10,16,991,0,19.14116475054522
2006,10,17,1155,0,19.862195497265688
2006,10,18,846,0,19.487886693999254
2006,10,19,801,0,21.040269852591535
2006,10,20,356,0,20.28537662221826
2006,10,21,973,0,17.49401412053617
2006,10,22,619,0,12.73092698933552
2006,10,23,965,0,11.7312764955252
2006,11,0,639,0,9.279170267934314
2006,11,1,1197,0,15.375838926174497
2006,11,2,188,0,11.155172413793103
2006,11,3,112,0,35.7
2006,11,4,209,0,5.430769230769231
2006,11,5,457,0,4.727865477007549
2006,11,6,1163,0,4.271329415340967
2006,11,7,852,0,5.125246596961926
2006,11,8,740,0,6.50652092325014
2006,11,9,557,0,7.4101640557542865
2006,11,10,795,0,9.095540882041249
2006,11,11,471,0,9.290998797836105
2006,11,12,1188,0,11.157990264829634
2006,11,13,1068,0,12.694466393087453
2006,11,14,1410,0,13.399907998701158
2006,11,15,976,0,14.960731084531648
2006,11,16,960,0,16.375066431708206
2006,11,17,923,0,17.228668858847886
2006,11,18,944,0,18.078350929538672
2006,11,19,691,0,18.369941838881328
2006,11,20,910,0,19.583344759815347
2006,11,21,600,0,15.470276916497381
2006,11,22,559,0,11.412552018895513
2006,11,23,907,0,10.989727463312368
2006,12,0,774,0,10.60648918469218
2006,12,1,283,0,11.21875
2006,12,2,283,0,16.724489795918366
2006,12,3,120,0,23.21875
2006,12,4,123,0,5.467741935483871
2006,12,5,656,0,8.664480157428665
2006,12,6,998,0,6.812794309187456
2006,12,7,1359,0,7.117330834484119
2006,12,8,1330,0,9.376132436723639
2006,12,9,834,0,10.49155438874579
2006,12,10,585,0,12.817575530319264
2006,12,11,659,0,13.929613841524574
2006,12,12,1192,0,15.141062827643099
2006,12,13,1119,0,17.7315911464303
2006,12,14,1265,0,18.259921477079796
2006,12,15,1071,0,19.06970992284324
2006,12,16,939,0,20.437729958746793
2006,12,17,898,0,21.54881852551985
2006,12,18,1402,0,22.428026331119653
2006,12,19,914,0,22.685805706159453
2006,12,20,567,0,23.585406740779955
2006,12,21,881,0,19.302315942179163
2006,12,22,541,0,13.566604900144123
2006,12,23,369,0,15.281464993929584
2007,1,0,421,0,9.348119575699132
2007,1,1,196,0,8.06387665198238
2007,1,2,306,0,12.933333333333334
2007,1,3,138,0,36.733333333333334
2007,1,4,160,0,5.5
2007,1,5,804,0,6.537839399191219
2007,1,6,952,0,5.579233012958447
2007,1,7,698,0,6.218257078475556
2007,1,8,671,0,7.6458573137427495
2007,1,9,1406,0,9.297974198750252
2007,1,10,663,0,10.839087483450454
2007,1,11,1194,0,11.662414555434147
2007,1,12,1109,0,12.482762169393846
2007,1,13,1100,0,15.061577902329907
2007,1,14,1199,0,15.629234158351691
2007,1,15,921,0,16.38008694285864
2007,1,16,1198,0,17.2580407159448
2007,1,17,1070,0,18.61571814487753
2007,1,18,1085,0,19.871224432614177
2007,1,19,722,0,19.458536020384525
2007,1,20,339,0,20.85117629218838
2007,1,21,760,0,16.31697800321904
2007,1,22,842,0,11.995839112343967
2007,1,23,756,0,11.867036625971144
2007,2,0,358,0,10.151390319258496
2007,2,1,427,0,12.450777202072539
2007,2,2,238,0,7.313253012048193
2007,2,3,200,0,40.72727272727273
2007,2,4,460,0,22.09259259259259
2007,2,5,1000,0,8.939642098877767
2007,2,6,1048,0,7.622478924341052
2007,2,7,860,0,8.767963386727688
2007,2,8,1340,0,10.568600438797898
2007,2,9,1267,0,12.9488285017303
2007,2,10,649,0,13.799376626347545
2007,2,11,1198,0,14.974371526477956
2007,2,12,1207,0,16.24903408107952
2007,2,13,1060,0,18.473691619042256
2007,2,14,1328,0,18.019634689894254
2007,2,15,1237,0,19.626585639270754
2007,2,16,1140,0,20.683323152107512
2007,2,17,1080,0,21.448554883408303
2007,2,18,1307,0,22.49830191618632
2007,2,19,960,0,22.948190252188684
2007,2,20,996,0,24.692868172167536
2007,2,21,1089,0,19.084449464794794
2007,2,22,857,0,15.383085741022342
2007,2,23,459,0,14.51604938271605
2007,3,0,448,0,6.463348416289593
2007,3,1,168,0,7.993520518358531
2007,3,2,118,0,7.888888888888889
2007,3,3,133,0,17.90625
2007,3,4,152,0,8.3
2007,3,5,646,0,5.786606932327281
2007,3,6,1038,0,5.83666778937914
2007,3,7,888,0,7.027458348424484
2007,3,8,1340,0,8.712441208393633
2007,3,9,753,0,10.696249968977241
2007,3,10,659,0,11.105260489288883
2007,3,11,1547,0,12.255873340143003
2007,3,12,1173,0,13.696444036884202
2007,3,13,1190,0,15.70969870244117
2007,3,14,1098,0,16.94871070474625
2007,3,15,944,0,18.042927402972307
2007,3,16,930,0,20.032952734997345
2007,3,17,960,0,20.26811361446336
2007,3,18,831,0,21.129922748635945
2007,3,19,1164,0,22.887200299340876
2007,3,20,481,0,22.942518101367657
2007,3,21,1333,0,19.40272121436505
2007,3,22,673,0,13.763309352517986
2007,3,23,359,0,13.291513667890657
2007,4,0,605,0,9.848513902205177
2007,4,1,277,0,3.2035398230088497
2007,4,2,84,0,8.069767441860465
2007,4,3,123,0,11.087719298245615
2007,4,4,68,0,4.344827586206897
2007,4,5,546,0,4.209973111708629
2007,4,6,950,0,4.639110551122311
2007,4,7,723,0,5.997492853460799
2007,4,8,1415,0,7.31393023255814
2007,4,9,1372,0,9.115258946718464
2007,4,10,769,0,9.68714867722139
2007,4,11,889,0,10.823588431534853
2007,4,12,1135,0,12.28274718332105
2007,4,13,983,0,14.0378404252639
2007,4,14,991,0,15.413364856785694
2007,4,15,1014,0,16.56340241094406
2007,4,16,1087,0,17.82029424261738
2007,4,17,1111,0,18.550281028735494
2007,4,18,1125,0,19.433818452956285
2007,4,19,1099,0,20.172629405692376
2007,4,20,896,0,21.15440466697444
2007,4,21,343,0,16.29482979632531
2007,4,22,726,0,12.421336788683728
2007,4,23,297,0,12.76174645390071
2007,5,0,427,0,8.271266540642722
2007,5,1,91,0,4.333333333333333
2007,5,2,50,0,2.819672131147541
2007,5,3,17,0,2.4285714285714284
2007,5,4,112,0,3.306451612903226
2007,5,5,760,0,5.223645320197044
2007,5,6,1416,0,3.991615414737521
2007,5,7,665,0,4.809892974753018
2007,5,8,748,0,5.699022916253115
2007,5,9,1249,0,6.828659277443031
2007,5,10,552,0,7.348339749759384
2007,5,11,1277,0,8.14802663321432
2007,5,12,1231,0,9.037488992326079
2007,5,13,1200,0,10.847031577931633
2007,5,14,1354,0,12.523203794534577
2007,5,15,882,0,14.344398875390132
2007,5,16,1014,0,15.846433898819306
2007,5,17,1041,0,17.56307758435418
2007,5,18,874,0,18.545979946775624
2007,5,19,723,0,19.58297237600757
2007,5,20,832,0,19.209409709222513
2007,5,21,735,0,16.60202559117421
2007,5,22,850,0,11.467331831348568
2007,5,23,308,0,9.115034891097483
2007,6,0,299,0,12.573518653986833
2007,6,1,199,0,8.758314855875831
2007,6,2,205,0,13.378048780487806
2007,6,3,178,0,18.833333333333332
2007,6,4,453,0,15.807017543859649
2007,6,5,819,0,7.337172538392051
2007,6,6,887,0,6.039827187308183
2007,6,7,1041,0,8.003883088799498
2007,6,8,1283,0,9.041092508640423
2007,6,9,720,0,10.462463612685767
2007,6,10,1201,0,11.15206097142577
2007,6,11,737,0,12.359294563905515
2007,6,12,1123,0,14.752149774047773
2007,6,13,1360,0,17.70992076551148
2007,6,14,1077,0,21.236127668798094
2007,6,15,980,0,24.12992636310985
2007,6,16,1134,0,27.02022507697208
2007,6,17,1133,0,30.940217792089673
2007,6,18,1199,0,31.907378335949765
2007,6,19,1258,0,32.74173232959372
2007,6,20,960,0,34.76173469387755
2007,6,21,1243,0,28.88603187357707
2007,6,22,1064,0,23.660383420798972
2007,6,23,544,0,24.150222050588916
2007,7,0,247,0,11.252830188679246
2007,7,1,208,0,11.200779727095517
2007,7,2,342,0,22.033333333333335
2007,7,3,145,0,27.2
2007,7,4,244,0,27.848101265822784
2007,7,5,578,0,6.159956474428727
2007,7,6,1095,0,5.4341784164859
2007,7,7,888,0,7.309763158494609
2007,7,8,797,0,8.819267446900737
2007,7,9,947,0,9.516763034469067
2007,7,10,622,0,10.753590898317137
2007,7,11,1369,0,12.218505202504822
2007,7,12,1150,0,14.444394156546227
2007,7,13,1190,0,16.862547258410192
2007,7,14,1233,0,20.504374237428934
2007,7,15,1276,0,22.483485024441624
2007,7,16,1047,0,24.619286827843904
2007,7,17,991,0,28.341683658607632
2007,7,18,1132,0,29.39344087738913
2007,7,19,930,0,29.00487995315245
2007,7,20,939,0,31.412124802527646
2007,7,21,983,0,25.335749530588185
2007,7,22,940,0,21.854473276529824
2007,7,23,792,0,20.310636731689364
2007,8,0,185,0,9.302649006622516
2007,8,1,580,0,10.584615384615384
2007,8,2,201,0,12.717391304347826
2007,8,3,72,0,14.6
2007,8,4,116,0,8.15625
2007,8,5,593,0,5.689578219147512
2007,8,6,841,0,5.530363568133154
2007,8,7,831,0,7.529402476710351
2007,8,8,1429,0,8.706638207964124
2007,8,9,1351,0,9.96800353877912
2007,8,10,1230,0,11.130828833059404
2007,8,11,759,0,12.006725873297809
2007,8,12,1210,0,13.993659101202757
2007,8,13,1271,0,16.025278491859467
2007,8,14,1002,0,18.57290140120838
2007,8,15,1014,0,19.648655935722182
2007,8,16,1087,0,22.357022245062772
2007,8,17,1449,0,25.965930040462567
2007,8,18,1022,0,26.163038054468576
2007,8,19,1102,0,26.844290943115833
2007,8,20,995,0,29.706004221718395
2007,8,21,762,0,25.067646676206582
2007,8,22,1236,0,20.265824006175222
2007,8,23,702,0,17.86800076967481
2007,9,0,358,0,6.5974643423137875
2007,9,1,87,0,5.706666666666667
2007,9,2,391,0,17.627906976744185
2007,9,3,73,0,6.033333333333333
2007,9,4,23,0,1.4
2007,9,5,612,0,3.7488198757763973
2007,9,6,1677,0,3.5039932440583907
2007,9,7,880,0,4.407641725615224
2007,9,8,1523,0,5.333967076281011
2007,9,9,1689,0,6.131977152019241
2007,9,10,505,0,6.820471182596144
2007,9,11,1529,0,7.733801872501055
2007,9,12,1212,0,8.543464714129927
2007,9,13,1252,0,9.496556714406907
2007,9,14,991,0,11.021070997181587
2007,9,15,1040,0,12.015683761874252
2007,9,16,978,0,13.199617511758929
2007,9,17,1438,0,13.982066631305095
2007,9,18,718,0,14.755914222499575
2007,9,19,877,0,14.175057070767751
2007,9,20,694,0,14.817300884955753
2007,9,21,1205,0,12.55437110834371
2007,9,22,679,0,10.049657129344999
2007,9,23,661,0,8.497557003257329
2007,10,0,227,0,7.713076923076923
2007,10,1,216,0,6.809523809523809
2007,10,2,9,0,0.6571428571428571
2007,10,3,27,0,1.6923076923076923
2007,10,4,108,0,4.564516129032258
2007,10,5,587,0,3.783980582524272
2007,10,6,735,0,3.934115382032282
2007,10,7,1041,0,4.942342469292374
2007,10,8,1736,0,5.858873491282968
2007,10,9,1355,0,7.206738897487796
2007,10,10,1350,0,7.87589936860653
2007,10,11,1157,0,8.805772913169902
2007,10,12,2601,0,10.53030495714322
2007,10,13,1025,0,11.849466613986566
2007,10,14,1150,0,13.201213504122803
2007,10,15,979,0,14.206196078431372
2007,10,16,963,0,15.633258426966291
2007,10,17,1831,0,16.69301426154218
2007,10,18,892,0,17.474038461538463
2007,10,19,1037,0,16.47639159942909
2007,10,20,723,0,17.460195648507337
2007,10,21,1107,0,14.465539541759053
2007,10,22,280,0,10.286316256376137
2007,10,23,593,0,10.695362399333519
2007,11,0,140,0,6.8188010899182565
2007,11,1,488,0,10.023809523809524
2007,11,2,59,0,4.966101694915254
2007,11,3,107,0,9.4
2007,11,4,250,0,7.963414634146342
2007,11,5,680,0,4.124544033350704
2007,11,6,1050,0,3.91845248951304
2007,11,7,927,0,4.699685141686241
2007,11,8,940,0,5.780997320560548
2007,11,9,968,0,6.886016655100625
2007,11,10,1137,0,8.43964882900713
2007,11,11,655,0,8.896766045958795
2007,11,12,1117,0,10.186370690610797
2007,11,13,565,0,11.266564092701222
2007,11,14,915,0,12.748436619340294
2007,11,15,1024,0,13.06652841609685
2007,11,16,582,0,14.153584397775465
2007,11,17,1083,0,15.327251791197543
2007,11,18,733,0,16.042756496192133
2007,11,19,802,0,15.973435933722508
2007,11,20,719,0,16.637582081496806
2007,11,21,675,0,13.904479804161566
2007,11,22,694,0,9.698128812157552
2007,11,23,756,0,10.863625785431697
2007,12,0,265,0,13.380330123796425
2007,12,1,226,0,17.416058394160583
2007,12,2,65,0,5.753086419753086
2007,12,3,127,0,21.03030303030303
2007,12,4,326,0,16.258064516129032
2007,12,5,797,0,8.486063569682152
2007,12,6,1657,0,7.785489105238757
2007,12,7,1956,0,8.218408578164212
2007,12,8,1330,0,10.540077615944806
2007,12,9,698,0,13.169000580324477
2007,12,10,1305,0,15.73278671827256
2007,12,11,1176,0,17.150364527607056
2007,12,12,1244,0,18.92161760166138
2007,12,13,1163,0,21.01064011518657
2007,12,14,1126,0,22.59483267980878
2007,12,15,1104,0,23.641749786263894
2007,12,16,1151,0,25.0075852361589
2007,12,17,1233,0,25.816544898699416
2007,12,18,956,0,27.126225951106612
2007,12,19,964,0,27.1086682126398
2007,12,20,724,0,27.91849888010239
2007,12,21,754,0,23.973458945052844
2007,12,22,853,0,16.5136629119733
2007,12,23,846,0,16.542480970993623
2008,1,0,323,0,8.452229299363058
2008,1,1,605,0,17.79353233830846
2008,1,2,117,0,5.462686567164179
2008,1,3,74,0,18.333333333333332
2008,1,4,101,0,5.645161290322581
2008,1,5,729,0,6.157797681770284
2008,1,6,1021,0,5.86104826546003
2008,1,7,784,0,6.719724958949097
2008,1,8,897,0,8.086777555785572
2008,1,9,897,0,10.502691232791637
2008,1,10,496,0,12.17623339658444
2008,1,11,635,0,13.5297052154195
2008,1,12,928,0,15.013248019843843
2008,1,13,1120,0,16.965999654568332
2008,1,14,1172,0,17.39115850332715
2008,1,15,1036,0,18.343829109423442
2008,1,16,1024,0,19.76680523962664
2008,1,17,892,0,19.336492048168285
2008,1,18,889,0,21.43118745925107
2008,1,19,1355,0,20.790931911860415
2008,1,20,758,0,21.767120696178583
2008,1,21,685,0,18.20972390071581
2008,1,22,813,0,13.816033948847345
2008,1,23,262,0,13.877299067775258
2008,2,0,173,0,8.23407917383821
2008,2,1,155,0,8.056497175141242
2008,2,2,93,0,8.192982456140351
2008,2,3,50,0,6.214285714285714
2008,2,4,454,0,15.552941176470588
2008,2,5,655,0,7.0728169422686396
2008,2,6,891,0,6.200258687162649
2008,2,7,965,0,7.494152915440084
2008,2,8,1348,0,9.336308990919555
2008,2,9,876,0,11.907592056849142
2008,2,10,695,0,13.591366503153468
2008,2,11,1250,0,14.489024225199621
2008,2,12,1143,0,16.44452104064261
2008,2,13,997,0,17.548169348741766
2008,2,14,1357,0,19.39621861152142
2008,2,15,1216,0,20.104809368025194
2008,2,16,1078,0,21.255281640080753
2008,2,17,1148,0,22.28010888693357
2008,2,18,2457,0,24.227757018004386
2008,2,19,959,0,23.248159249364697
2008,2,20,934,0,25.205154533319643
2008,2,21,1011,0,20.34814278822962
2008,2,22,617,0,13.452752185211434
2008,2,23,943,0,13.23059866962306
2008,3,0,457,0,10.494514106583072
2008,3,1,181,0,7.564231738035264
2008,3,2,356,0,10.46808510638298
2008,3,3,142,0,13.169811320754716
2008,3,4,89,0,7.276595744680851
2008,3,5,699,0,5.276522487626425
2008,3,6,996,0,5.643782209276272
2008,3,7,1193,0,7.068866605601889
2008,3,8,947,0,8.528281048055458
2008,3,9,730,0,10.072052174816816
2008,3,10,1225,0,12.389572976418101
2008,3,11,1521,0,13.135100525035217
2008,3,12,1090,0,15.061744374982787
2008,3,13,1268,0,16.313431340629617
2008,3,14,1167,0,18.385890388139263
2008,3,15,1133,0,19.24420243787833
2008,3,16,921,0,20.26192475205961
2008,3,17,859,0,21.30708600171122
2008,3,18,907,0,22.48489010989011
2008,3,19,1069,0,22.103260067856617
2008,3,20,725,0,23.2612018061827
2008,3,21,801,0,19.65105327334651
2008,3,22,1198,0,14.456268530283777
2008,3,23,847,0,13.532361387232163
2008,4,0,326,0,10.54759967453214
2008,4,1,126,0,7.111111111111111
2008,4,2,130,0,7.697368421052632
2008,4,3,196,0,13.966666666666667
2008,4,4,32,0,2.466666666666667
2008,4,5,861,0,2.9738693467336685
2008,4,6,780,0,3.9007561223338225
2008,4,7,864,0,5.160674491160303
2008,4,8,1311,0,6.022282162542512
2008,4,9,1401,0,7.487930257823471
2008,4,10,781,0,8.386353205160896
2008,4,11,1118,0,9.517203827106075
2008,4,12,1260,0,11.443021908283207
2008,4,13,1015,0,11.773292394422912
2008,4,14,2467,0,14.341843407062035
2008,4,15,461,0,13.797948805363788
2008,4,16,1545,0,15.27936970338983
2008,4,17,848,0,16.330821240546246
2008,4,18,1044,0,16.780490511596938
2008,4,19,888,0,17.462033383915024
2008,4,20,704,0,17.476264556849497
2008,4,21,957,0,15.314457178954967
2008,4,22,653,0,11.716188647545902
2008,4,23,557,0,11.34189864382584
2008,5,0,177,0,6.072964669738863
2008,5,1,169,0,7.004504504504505
2008,5,2,274,0,6.290322580645161
2008,5,3,144,0,8.193548387096774
2008,5,4,145,0,6.3559322033898304
2008,5,5,542,0,3.1356657437704505
2008,5,6,859,0,3.444375416019525
2008,5,7,790,0,4.333621704755726
2008,5,8,833,0,5.716427062751244
2008,5,9,1258,0,6.801596205823857
2008,5,10,1215,0,8.638408347072865
2008,5,11,1146,0,9.858666400877105
2008,5,12,1141,0,10.691206010487047
2008,5,13,1121,0,12.444148273628619
2008,5,14,1138,0,13.717883927851402
2008,5,15,1952,0,14.149980608343952
2008,5,16,1131,0,14.08652837813643
2008,5,17,1096,0,15.811172895383422
2008,5,18,1004,0,15.710462945426013
2008,5,19,803,0,16.42849751970541
2008,5,20,370,0,15.82174430465828
2008,5,21,835,0,13.21566952847575
2008,5,22,716,0,9.193037592167292
2008,5,23,351,0,9.67659184608337
2008,6,0,353,0,11.826487252124647
2008,6,1,423,0,9.53295128939828
2008,6,2,151,0,5.083333333333333
2008,6,3,236,0,20.794871794871796
2008,6,4,133,0,12.855263157894736
2008,6,5,767,0,5.210115042326894
2008,6,6,790,0,4.718843245911202
2008,6,7,927,0,6.303991811668372
2008,6,8,767,0,7.898254586402665
2008,6,9,864,0,8.577840966791916
2008,6,10,733,0,10.644022013531254
2008,6,11,1192,0,12.105636928539726
2008,6,12,1189,0,14.02469926115601
2008,6,13,1287,0,16.785233022297934
2008,6,14,1358,0,19.547641098278493
2008,6,15,995,0,21.466009238006176
2008,6,16,1153,0,22.971553667872687
2008,6,17,1710,0,27.081612380404664
2008,6,18,1037,0,28.11725151155563
2008,6,19,965,0,28.83919458960959
2008,6,20,970,0,29.72473781616286
2008,6,21,910,0,24.167044433990505
2008,6,22,730,0,21.38779235596121
2008,6,23,591,0,20.15621181262729
2008,7,0,228,0,8.217171717171718
2008,7,1,182,0,5.74
2008,7,2,40,0,2.6774193548387095
2008,7,3,346,0,13.641304347826088
2008,7,4,837,0,35.39344262295082
2008,7,5,1093,0,4.705936920222634
2008,7,6,1206,0,4.5197466227134635
2008,7,7,1518,0,5.790572560152011
2008,7,8,1337,0,6.974075590121435
2008,7,9,689,0,7.802134885977681
2008,7,10,596,0,9.235610595448707
2008,7,11,1259,0,11.256591517004203
2008,7,12,1126,0,12.851074905002342
2008,7,13,664,0,15.145493948912753
2008,7,14,1316,0,17.307429861165787
2008,7,15,994,0,19.34309497816594
2008,7,16,1061,0,21.610565235008103
2008,7,17,918,0,23.621834922722787
2008,7,18,1079,0,26.13239063921277
2008,7,19,1127,0,25.937940298507463
2008,7,20,825,0,28.011257186507457
2008,7,21,871,0,23.42578679355539
2008,7,22,696,0,19.31136267456623
2008,7,23,602,0,20.773482726423904
2008,8,0,160,0,7.987603305785124
2008,8,1,169,0,6.118457300275482
2008,8,2,21,0,1.7704918032786885
2008,8,3,297,0,17.263736263736263
2008,8,4,450,0,19.704918032786885
2008,8,5,1045,0,4.968939393939394
2008,8,6,749,0,4.58012215435869
2008,8,7,856,0,5.908395872420263
2008,8,8,1367,0,6.851913400729354
2008,8,9,585,0,8.194869022460313
2008,8,10,779,0,9.912108600871978
2008,8,11,681,0,11.313167864775597
2008,8,12,1101,0,12.07561957212455
2008,8,13,1125,0,13.747901240682499
2008,8,14,1074,0,15.538338059821285
2008,8,15,872,0,16.81119481526616
2008,8,16,918,0,17.59272736724456
2008,8,17,1111,0,19.16928654667875
2008,8,18,1167,0,20.056469344020485
2008,8,19,901,0,19.650158125825172
2008,8,20,1019,0,21.49383587231746
2008,8,21,651,0,17.649471586971586
2008,8,22,603,0,13.851549575383258
2008,8,23,417,0,15.567791215786123
2008,9,0,297,0,3.6666666666666665
2008,9,1,133,0,3.7864583333333335
2008,9,2,254,0,6.0
2008,9,3,78,0,9.321428571428571
2008,9,4,26,0,0.7288135593220338
2008,9,5,1001,0,3.965165007857517
2008,9,6,797,0,3.184177315033917
2008,9,7,1552,0,3.7727308324849242
2008,9,8,817,0,4.753449978477199
2008,9,9,596,0,5.856511243117151
2008,9,10,1183,0,6.38603040631932
2008,9,11,551,0,7.121854561578539
2008,9,12,691,0,7.748324544056252
2008,9,13,981,0,8.541729813086597
2008,9,14,1024,0,8.950344867898059
2008,9,15,996,0,9.26637400194455
2008,9,16,1227,0,9.882489575462458
2008,9,17,1395,0,10.791141377757766
2008,9,18,1146,0,10.535944885538633
2008,9,19,815,0,10.21264305959172
2008,9,20,1303,0,9.850494502736082
2008,9,21,846,0,8.078778045095955
2008,9,22,482,0,6.089646805068751
2008,9,23,159,0,5.3431317128321085
2008,10,0,258,0,3.5835266821345706
2008,10,1,86,0,3.238709677419355
2008,10,2,217,0,6.919354838709677
2008,10,3,107,0,5.911764705882353
2008,10,4,22,0,0.5645161290322581
2008,10,5,813,0,3.676959064327485
2008,10,6,966,0,2.946015297310634
2008,10,7,623,0,3.301472050925005
2008,10,8,1351,0,4.3038744796669866
2008,10,9,1369,0,5.193832481194956
2008,10,10,600,0,5.901176712928393
2008,10,11,598,0,6.217993079584775
2008,10,12,1215,0,7.112210786765287
2008,10,13,578,0,7.717005646894208
2008,10,14,561,0,8.21436927554427
2008,10,15,959,0,8.799853020153199
2008,10,16,864,0,9.223401649383522
2008,10,17,960,0,10.194375184321295
2008,10,18,433,0,10.421712087978126
2008,10,19,395,0,10.067704712915335
2008,10,20,620,0,10.257237225568293
2008,10,21,546,0,8.315672931518687
2008,10,22,676,0,5.739102231447847
2008,10,23,631,0,6.457516339869281
2008,11,0,219,0,4.841019417475728
2008,11,1,78,0,3.9558232931726907
2008,11,2,244,0,6.830985915492958
2008,11,3,0,0,0.0
2008,11,4,433,0,7.80327868852459
2008,11,5,755,0,3.4635055940330313
2008,11,6,738,0,2.962525192003922
2008,11,7,715,0,3.4032999280217044
2008,11,8,603,0,4.474164679334308
2008,11,9,775,0,5.714447048194472
2008,11,10,496,0,6.9284208727355585
2008,11,11,713,0,7.476732960030894
2008,11,12,1240,0,8.937234679050686
2008,11,13,1003,0,10.251737284698375
2008,11,14,1286,0,10.624275604997234
2008,11,15,987,0,11.013111034069778
2008,11,16,1100,0,12.209032332965693
2008,11,17,910,0,13.70677800974252
2008,11,18,990,0,13.87577560289132
2008,11,19,878,0,12.641669678352006
2008,11,20,415,0,13.827618545220092
2008,11,21,593,0,10.579553798362044
2008,11,22,534,0,7.686741829598972
2008,11,23,724,0,7.031073446327683
2008,12,0,787,0,20.903225806451612
2008,12,1,528,0,23.09439528023599
2008,12,2,169,0,17.81578947368421
2008,12,4,159,0,8.109243697478991
2008,12,5,1003,0,9.89591788016233
2008,12,6,1092,0,8.469167974047386
2008,12,7,1103,0,9.536672436174817
2008,12,8,999,0,11.647822531179719
2008,12,9,700,0,13.525793259060782
2008,12,10,810,0,16.952092788703983
2008,12,11,1403,0,18.54044405982097
2008,12,12,1099,0,20.572891996005136
2008,12,13,1597,0,22.546791012685443
2008,12,14,1280,0,23.191641124065427
2008,12,15,1162,0,24.134911876911435
2008,12,16,1098,0,24.676290013992404
2008,12,17,1428,0,25.580778466521473
2008,12,18,994,0,26.747582697201018
2008,12,19,915,0,26.239523858957057
2008,12,20,915,0,29.048127101936682
2008,12,21,765,0,24.73197053617313
2008,12,22,879,0,17.87513542795233
2008,12,23,1002,0,19.995644599303137
2009,1,0,545,0,8.232142857142858
2009,1,1,704,0,13.989399293286219
2009,1,2,364,0,25.16216216216216
2009,1,4,728,0,12.38993710691824
2009,1,5,800,0,5.2945341889798625
2009,1,6,872,0,4.846984041114417
2009,1,7,1371,0,6.034979987937935
2009,1,8,905,0,7.2546413557197695
2009,1,9,1723,0,8.923996902515272
2009,1,10,879,0,9.79011776901149
2009,1,11,729,0,10.846132642372789
2009,1,12,733,0,11.124875651003569
2009,1,13,1065,0,12.13130349452107
2009,1,14,1501,0,13.026467633127602
2009,1,15,1049,0,13.179621914060071
2009,1,16,1178,0,14.01564570967556
2009,1,17,1029,0,13.72995432282208
2009,1,18,774,0,14.500848949817634
2009,1,19,833,0,13.717384459293985
2009,1,20,858,0,14.983775475350107
2009,1,21,623,0,12.06474616560077
2009,1,22,940,0,9.39489385319828
2009,1,23,945,0,9.583251714005877
2009,2,0,127,0,5.295454545454546
2009,2,1,63,0,2.9789473684210526
2009,2,2,342,0,14.36111111111111
2009,2,4,198,0,4.666666666666667
2009,2,5,731,0,3.3244546498277843
2009,2,6,968,0,3.263483542873287
2009,2,7,775,0,4.02000175710897
2009,2,8,768,0,4.909243889221642
2009,2,9,1280,0,6.509288655581051
2009,2,10,1202,0,7.517793213181971
2009,2,11,1094,0,8.289172973135948
2009,2,12,1137,0,9.657123813755673
2009,2,13,975,0,10.751012935562292
2009,2,14,1072,0,11.061214265585372
2009,2,15,932,0,12.02038569331376
2009,2,16,853,0,12.095822784810126
2009,2,17,845,0,12.760050770411477
2009,2,18,828,0,13.42987336587364
2009,2,19,1119,0,13.630405866915915
2009,2,20,762,0,14.644575385736848
2009,2,21,550,0,11.392237770601602
2009,2,22,1357,0,9.21654093322157
2009,2,23,224,0,6.59877800407332
2009,3,0,545,0,6.981330221703617
2009,3,1,89,0,7.638709677419355
2009,3,2,366,0,25.109375
2009,3,3,122,0,7.9361702127659575
2009,3,4,399,0,8.948051948051948
2009,3,5,795,0,4.1981845688350985
2009,3,6,934,0,4.103113325031133
2009,3,7,803,0,4.859568214068518
2009,3,8,771,0,6.313822683377851
2009,3,9,783,0,7.872439323090625
2009,3,10,896,0,9.087827051597717
2009,3,11,1306,0,10.984062207025865
2009,3,12,1146,0,12.420556540333699
2009,3,13,683,0,13.188977006599957
2009,3,14,1110,0,14.440328376522832
2009,3,15,1184,0,15.184498910033582
2009,3,16,1132,0,15.987467758214645
2009,3,17,743,0,16.103848487246445
2009,3,18,925,0,16.74055933484505
2009,3,19,730,0,15.455936611625235
2009,3,20,653,0,16.343073310722673
2009,3,21,1691,0,13.358319957196361
2009,3,22,467,0,10.358882189239331
2009,3,23,670,0,8.501862197392924
2009,4,0,267,0,8.693641618497109
2009,4,1,176,0,7.490384615384615
2009,4,2,41,0,3.5254237288135593
2009,4,3,139,0,13.016666666666667
2009,4,4,1,0,0.03389830508474576
2009,4,5,638,0,4.651651039543416
2009,4,6,998,0,3.8882604708040356
2009,4,7,738,0,4.772597698766456
2009,4,8,1257,0,6.1066137082233665
2009,4,9,920,0,7.361537370585732
2009,4,10,548,0,9.250342341335271
2009,4,11,721,0,10.850659264399722
2009,4,12,1257,0,12.602487491065046
2009,4,13,1195,0,12.975119564315927
2009,4,14,1161,0,15.140325966168662
2009,4,15,1092,0,16.117765416025566
2009,4,16,964,0,16.872016222479722
2009,4,17,790,0,17.642979499364536
2009,4,18,813,0,19.068941377001277
2009,4,19,450,0,18.925123762376238
2009,4,20,978,0,20.118508586457637
2009,4,21,1124,0,16.91906690241259
2009,4,22,401,0,11.926413726437893
2009,4,23,787,0,8.372932330827068
2009,5,0,148,0,4.770767613038906
2009,5,1,88,0,3.8936781609195403
2009,5,2,363,0,8.405063291139241
2009,5,3,41,0,1.3225806451612903
2009,5,4,0,0,0.0
2009,5,5,493,0,3.4835791543756147
2009,5,6,618,0,2.932294043092522
2009,5,7,804,0,4.017470585239138
2009,5,8,704,0,4.904886889138858
2009,5,9,680,0,6.325661648823433
2009,5,10,979,0,7.549635845471817
2009,5,11,650,0,8.372575921479644
2009,5,12,573,0,9.718140477755862
2009,5,13,985,0,10.885670081092616
2009,5,14,1210,0,12.721216272559413
2009,5,15,1327,0,13.020075778996777
2009,5,16,993,0,14.38161359164103
2009,5,17,450,0,15.106912272379898
2009,5,18,872,0,15.727464602937296
2009,5,19,912,0,15.522676435309755
2009,5,20,693,0,16.52432514101531
2009,5,21,303,0,11.753163074039362
2009,5,22,231,0,9.457558896649697
2009,5,23,250,0,6.282628676470588
2009,6,0,643,0,8.09046052631579
2009,6,1,217,0,7.085798816568047
2009,6,2,84,0,7.3164556962025316
2009,6,3,93,0,6.983333333333333
2009,6,5,625,0,4.019474718599249
2009,6,6,794,0,4.73349797934441
2009,6,7,776,0,5.59243915069912
2009,6,8,1439,0,7.158343002444022
2009,6,9,1334,0,8.41028781383956
2009,6,10,757,0,9.871165644171779
2009,6,11,1177,0,11.520395323231794
2009,6,12,1146,0,12.361415146489774
2009,6,13,1409,0,14.005103676784952
2009,6,14,1141,0,15.574472548549508
2009,6,15,1116,0,17.192011113001076
2009,6,16,987,0,19.27983779129517
2009,6,17,954,0,21.694939681861854
2009,6,18,1030,0,22.8445437104487
2009,6,19,773,0,23.37545329498562
2009,6,20,934,0,23.68853928109131
2009,6,21,965,0,19.931668998170665
2009,6,22,855,0,14.952737127371273
2009,6,23,450,0,14.281456953642385
2009,7,0,533,0,12.272727272727273
2009,7,1,269,0,7.326869806094183
2009,7,2,366,0,15.76086956521739
2009,7,3,286,0,14.380434782608695
2009,7,5,604,0,3.279324055666004
2009,7,6,777,0,4.261413562559694
2009,7,7,854,0,5.058383510884669
2009,7,8,628,0,6.453347732181426
2009,7,9,1439,0,8.232817037754113
2009,7,10,1467,0,8.885835835835836
2009,7,11,724,0,10.395989417204461
2009,7,12,1190,0,12.009050258387555
2009,7,13,2445,0,12.907631545419799
2009,7,14,1008,0,15.251717032967033
2009,7,15,943,0,16.226059870996195
2009,7,16,1064,0,18.43520788984398
2009,7,17,930,0,20.401986909166173
2009,7,18,992,0,21.14320415148504
2009,7,19,638,0,21.115843219702658
2009,7,20,1145,0,22.780080022863675
2009,7,21,1211,0,19.074983274149556
2009,7,22,783,0,15.12665596146126
2009,7,23,792,0,17.367451690821255
2009,8,0,164,0,7.365293185419969
2009,8,1,144,0,4.435530085959885
2009,8,2,376,0,12.815217391304348
2009,8,3,131,0,7.404761904761905
2009,8,5,506,0,4.069803785379406
2009,8,6,886,0,4.446330195904049
2009,8,7,1435,0,4.941949172745911
2009,8,8,1305,0,6.18167167769092
2009,8,9,1345,0,7.480613305613305
2009,8,10,1255,0,8.067371470685405
2009,8,11,1300,0,9.216452467622515
2009,8,12,1156,0,10.526700333082626
2009,8,13,1064,0,12.21283255086072
2009,8,14,1099,0,14.485149925892145
2009,8,15,1077,0,14.570255901716111
2009,8,16,1041,0,16.64475973037617
2009,8,17,1691,0,17.86353414914758
2009,8,18,1139,0,18.269873319688003
2009,8,19,929,0,18.19566992228841
2009,8,20,926,0,18.858457711442785
2009,8,21,1214,0,15.200065274151436
2009,8,22,320,0,11.712813429664259
2009,8,23,884,0,12.32182562902282
2009,9,0,100,0,4.08550185873606
2009,9,1,103,0,1.804255319148936
2009,9,2,7,0,0.2835820895522388
2009,9,3,16,0,0.8333333333333334
2009,9,5,965,0,3.448654467168999
2009,9,6,752,0,3.0272005312819945
2009,9,7,961,0,3.8522232734153263
2009,9,8,1287,0,4.30204112261744
2009,9,9,935,0,5.156997742663657
2009,9,10,558,0,5.800175707079295
2009,9,11,1192,0,6.157146268339922
2009,9,12,1212,0,6.930937562738406
2009,9,13,1153,0,7.51059372596855
2009,9,14,911,0,8.863551755686657
2009,9,15,1022,0,8.7532515476799
2009,9,16,501,0,9.86719046645442
2009,9,17,446,0,9.612328687908402
2009,9,18,831,0,10.189006277752258
2009,9,19,845,0,9.67929397192403
2009,9,20,687,0,9.911531591873185
2009,9,21,705,0,9.622645808019442
2009,9,22,587,0,7.171584073331424
2009,9,23,999,0,6.12437585111212
2009,10,0,135,0,7.998708010335918
2009,10,1,117,0,3.9434782608695653
2009,10,2,43,0,1.2
2009,10,3,97,0,4.409090909090909
2009,10,5,556,0,3.6282645324347094
2009,10,6,784,0,4.071710596521182
2009,10,7,922,0,4.812978462794733
2009,10,8,893,0,6.250477326968974
2009,10,9,895,0,8.080679760412314
2009,10,10,693,0,9.615845232611699
2009,10,11,652,0,10.625459249676585
2009,10,12,1204,0,11.878662136571238
2009,10,13,1196,0,12.982178017872469
2009,10,14,1196,0,14.88465625
2009,10,15,1169,0,14.673127561962158
2009,10,16,932,0,15.335880681818182
2009,10,17,984,0,16.93857528002446
2009,10,18,873,0,16.685070488998996
2009,10,19,759,0,16.849475652928994
2009,10,20,333,0,15.706296691568836
2009,10,21,934,0,13.837139648071883
2009,10,22,579,0,9.527692735875313
2009,10,23,464,0,8.767333643555142
2009,11,0,144,0,4.125835189309577
2009,11,1,396,0,3.6153846153846154
2009,11,2,83,0,2.688311688311688
2009,11,4,84,0,4.75
2009,11,5,497,0,2.6529202428302283
2009,11,6,814,0,3.4062164453235377
2009,11,7,887,0,3.448974615988947
2009,11,8,748,0,4.466651221458543
2009,11,9,655,0,5.075962033278061
2009,11,10,580,0,5.382859270716966
2009,11,11,772,0,5.533998786742403
2009,11,12,1240,0,6.405494344057588
2009,11,13,1021,0,6.671283009926015
2009,11,14,1045,0,7.266034647809035
2009,11,15,441,0,7.5876352853965905
2009,11,16,858,0,8.140820696330625
2009,11,17,365,0,8.591625242227652
2009,11,18,840,0,8.797965071191488
2009,11,19,647,0,8.359230637128627
2009,11,20,595,0,8.456942212700113
2009,11,21,314,0,6.134090584369195
2009,11,22,317,0,5.20346869712352
2009,11,23,568,0,4.156754627806223
2009,12,0,683,0,11.87035175879397
2009,12,1,502,0,12.113022113022113
2009,12,2,149,0,7.7
2009,12,3,495,0,34.55555555555556
2009,12,4,164,0,15.833333333333334
2009,12,5,859,0,6.884095537863359
2009,12,6,720,0,6.661408265549256
2009,12,7,863,0,7.305448556172462
2009,12,8,1279,0,9.567924865375291
2009,12,9,816,0,11.116388384231623
2009,12,10,489,0,12.558723828514456
2009,12,11,1214,0,13.529187259747392
2009,12,12,733,0,15.507891671520094
2009,12,13,1001,0,16.75085234723315
2009,12,14,1001,0,17.164521406303052
2009,12,15,1113,0,18.211016847891027
2009,12,16,1044,0,18.92576944517795
2009,12,17,1030,0,19.702006920415226
2009,12,18,1093,0,20.96997583193902
2009,12,19,807,0,20.716878894608506
2009,12,20,967,0,22.06409519429754
2009,12,21,707,0,17.29878766886041
2009,12,22,827,0,13.141709469247992
2009,12,23,281,0,11.06729475100942
2010,1,0,204,0,6.816223067173637
2010,1,1,179,0,4.912698412698413
2010,1,2,207,0,8.228260869565217
2010,1,3,864,0,176.0
2010,1,4,148,0,21.037037037037038
2010,1,5,739,0,6.510566672900692
2010,1,6,947,0,5.312800265061572
2010,1,7,834,0,5.798159159403763
2010,1,8,1035,0,7.359009197324415
2010,1,9,712,0,8.42178992907384
2010,1,10,1331,0,9.53825152653828
2010,1,11,675,0,9.880681348364158
2010,1,12,534,0,10.892799425390555
2010,1,13,1099,0,11.701261897123302
2010,1,14,1062,0,12.806812592228233
2010,1,15,1184,0,13.372396471453076
2010,1,16,556,0,13.433828753303588
2010,1,17,1360,0,14.48489097858066
2010,1,18,1168,0,15.240531954653045
2010,1,19,799,0,15.515565860810858
2010,1,20,789,0,15.99079940499146
2010,1,21,956,0,12.273215761917884
2010,1,22,377,0,10.811461794019934
2010,1,23,691,0,9.832516031686156
2010,2,0,499,0,7.627345844504021
2010,2,1,224,0,3.5318275154004106
2010,2,2,145,0,6.532467532467533
2010,2,4,160,0,14.431818181818182
2010,2,5,1054,0,7.801218274111675
2010,2,6,942,0,5.645677694770544
2010,2,7,941,0,6.776918137060028
2010,2,8,803,0,7.59016929016929
2010,2,9,1214,0,9.42162414229565
2010,2,10,1139,0,10.482547076963455
2010,2,11,1267,0,10.962314438900425
2010,2,12,1079,0,12.515138188829876
2010,2,13,630,0,12.930689455916792
2010,2,14,1036,0,13.770066657408693
2010,2,15,1188,0,14.142183471298683
2010,2,16,1111,0,14.551542298039964
2010,2,17,867,0,14.519437706039684
2010,2,18,1019,0,15.854356715948411
2010,2,19,833,0,16.187770681934964
2010,2,20,1124,0,15.365347920111946
2010,2,21,707,0,12.818572305174882
2010,2,22,891,0,11.65644630571343
2010,2,23,212,0,8.881028938906752
2010,3,0,269,0,9.10515247108307
2010,3,1,505,0,7.405405405405405
2010,3,2,408,0,20.575342465753426
2010,3,3,114,0,21.4
2010,3,4,40,0,5.136363636363637
2010,3,5,579,0,4.425425425425425
2010,3,6,926,0,4.637142431466031
2010,3,7,882,0,5.739996429573334
2010,3,8,746,0,6.682419564999499
2010,3,9,728,0,7.87275887038378
2010,3,10,629,0,9.507429481721552
2010,3,11,631,0,9.8272774710939
2010,3,12,555,0,10.989662361730469
2010,3,13,1156,0,11.959290353239348
2010,3,14,944,0,13.660703511524074
2010,3,15,1009,0,13.98964952129036
2010,3,16,1184,0,15.53354659248957
2010,3,17,1091,0,16.2727320968983
2010,3,18,860,0,16.875288205734556
2010,3,19,1052,0,17.351780617942673
2010,3,20,752,0,18.784875947110386
2010,3,21,496,0,14.915109781565727
2010,3,22,597,0,12.289104236551124
2010,3,23,683,0,9.92542490461325
2010,4,0,402,0,7.2160077145612345
2010,4,1,120,0,3.2200956937799043
2010,4,2,125,0,5.7727272727272725
2010,4,3,35,0,1.2333333333333334
2010,4,4,4,0,0.23333333333333334
2010,4,5,751,0,3.403717311432894
2010,4,6,693,0,3.241417046293233
2010,4,7,586,0,4.016388420891407
2010,4,8,737,0,4.8517335881125385
2010,4,9,640,0,5.666894452382431
2010,4,10,843,0,6.305519445347199
2010,4,11,733,0,6.696143313555454
2010,4,12,1039,0,7.35219480747817
2010,4,13,1027,0,8.459817596566523
2010,4,14,506,0,9.525750940603219
2010,4,15,1188,0,10.165357716120155
2010,4,16,918,0,10.9640001180324
2010,4,17,994,0,11.04834299464071
2010,4,18,899,0,11.705518539544055
2010,4,19,984,0,12.605198499935343
2010,4,20,652,0,12.606984157650695
2010,4,21,923,0,11.477137428752375
2010,4,22,227,0,7.993249048729593
2010,4,23,340,0,8.747706422018348
2010,5,0,300,0,8.383895131086142
2010,5,1,404,0,6.326666666666667
2010,5,2,92,0,2.971830985915493
2010,5,3,52,0,4.365853658536586
2010,5,5,822,0,4.7257064093728465
2010,5,6,935,0,4.442195505503983
2010,5,7,794,0,5.154661227738534
2010,5,8,722,0,6.329980174755856
2010,5,9,933,0,7.141457975469367
2010,5,10,727,0,8.233234421364985
2010,5,11,1241,0,8.749182572730067
2010,5,12,1090,0,10.673838426119715
2010,5,13,517,0,12.02096697237979
2010,5,14,593,0,13.141968849959643
2010,5,15,481,0,14.354850292785327
2010,5,16,967,0,15.672237614323592
2010,5,17,887,0,17.523218187349613
2010,5,18,862,0,18.286219798706384
2010,5,19,938,0,19.24178049172425
2010,5,20,960,0,18.384768372544265
2010,5,21,948,0,17.433195715909772
2010,5,22,705,0,11.555294670110355
2010,5,23,317,0,9.674588665447898
2010,6,0,431,0,10.868309260832625
2010,6,1,143,0,5.288194444444445
2010,6,2,160,0,10.790697674418604
2010,6,3,119,0,10.587301587301587
2010,6,4,0,0,0.0
2010,6,5,317,0,3.517763157894737
2010,6,6,1116,0,4.779245567331357
2010,6,7,1014,0,6.145238556082454
2010,6,8,726,0,7.127679728786519
2010,6,9,826,0,8.439116442363956
2010,6,10,998,0,9.680836379438153
2010,6,11,1324,0,10.535692546068287
2010,6,12,1155,0,12.161860017547335
2010,6,13,626,0,13.381027324776817
2010,6,14,622,0,15.682048681541582
2010,6,15,951,0,17.024082215563833
2010,6,16,971,0,18.971904297163814
2010,6,17,1110,0,21.51090446141924
2010,6,18,991,0,22.524861552963355
2010,6,19,1005,0,24.12334586351273
2010,6,20,865,0,23.49682344016689
2010,6,21,728,0,21.73068082311734
2010,6,22,281,0,16.34496414427914
2010,6,23,698,0,16.076007573708413
2010,7,0,196,0,9.989864864864865
2010,7,1,151,0,7.130790190735695
2010,7,2,115,0,7.545454545454546
2010,7,3,191,0,22.0327868852459
2010,7,5,583,0,5.75592661306947
2010,7,6,1537,0,4.845253954029113
2010,7,7,1513,0,6.31691312601064
2010,7,8,1292,0,7.160689571445915
2010,7,9,1302,0,8.418365381970235
2010,7,10,1248,0,9.131200833808968
2010,7,11,1142,0,10.374553063008184
2010,7,12,583,0,11.21369243080659
2010,7,13,1048,0,12.681938070369783
2010,7,14,1145,0,15.195695164942249
2010,7,15,929,0,17.513338456471622
2010,7,16,1196,0,19.50095124513729
2010,7,17,996,0,21.691462953969026
2010,7,18,1172,0,23.324049185015728
2010,7,19,890,0,24.568387883111864
2010,7,20,975,0,23.172626611000183
2010,7,21,560,0,21.277481212749418
2010,7,22,453,0,15.102018050907615
2010,7,23,602,0,14.594444444444445
2010,8,0,354,0,7.556473829201102
2010,8,1,253,0,6.184365781710914
2010,8,2,376,0,21.628865979381445
2010,8,3,155,0,11.0
2010,8,5,604,0,3.636883336862164
2010,8,6,842,0,4.006697130146756
2010,8,7,825,0,5.18139436817692
2010,8,8,745,0,6.162939923097646
2010,8,9,564,0,7.0714830346931
2010,8,10,1215,0,8.054813131437887
2010,8,11,1342,0,8.961992521367522
2010,8,12,1137,0,9.260938721591675
2010,8,13,514,0,9.920838244924688
2010,8,14,1101,0,11.754325750269473
2010,8,15,1022,0,12.70920271758103
2010,8,16,980,0,14.17565493959769
2010,8,17,987,0,15.49376584677314
2010,8,18,925,0,16.314590007306244
2010,8,19,1020,0,17.183105965851247
2010,8,20,1052,0,17.220658143720865
2010,8,21,586,0,15.643027599086947
2010,8,22,1009,0,12.951973272081855
2010,8,23,401,0,11.217403239088663
2010,9,0,108,0,4.8238841978287095
2010,9,1,230,0,4.360313315926893
2010,9,2,110,0,3.5303030303030303
2010,9,3,81,0,6.379310344827586
2010,9,5,716,0,3.795148842337376
2010,9,6,774,0,2.9329551721421256
2010,9,7,690,0,3.7657439178555765
2010,9,8,733,0,4.429960342842523
2010,9,9,947,0,5.2337443144434594
2010,9,10,714,0,6.067866406396235
2010,9,11,810,0,6.968375042852245
2010,9,12,771,0,7.546251403840359
2010,9,13,1052,0,8.033743263783336
2010,9,14,425,0,8.709397810218977
2010,9,15,929,0,9.60388169536275
2010,9,16,995,0,10.351263388366176
2010,9,17,1039,0,11.215680250258359
2010,9,18,760,0,11.318632131773693
2010,9,19,697,0,12.363320031923385
2010,9,20,1168,0,12.296317727511836
2010,9,21,828,0,10.621159197205612
2010,9,22,1192,0,7.67058064516129
2010,9,23,277,0,8.703170028818445
2010,10,0,282,0,5.662251655629139
2010,10,1,117,0,2.885869565217391
2010,10,2,75,0,2.442622950819672
2010,10,3,98,0,3.896551724137931
2010,10,5,619,0,3.225846153846154
2010,10,6,661,0,3.4851140122724176
2010,10,7,874,0,4.309651139544182
2010,10,8,769,0,5.352760810843696
2010,10,9,486,0,6.252030958392798
2010,10,10,651,0,7.366335603972752
2010,10,11,649,0,8.385019889924255
2010,10,12,623,0,9.399616929584209
2010,10,13,1028,0,10.038944052957506
2010,10,14,1161,0,11.47706502124687
2010,10,15,929,0,12.059092411058487
2010,10,16,971,0,12.703087218129674
2010,10,17,819,0,12.571065852736211
2010,10,18,827,0,12.533058216654384
2010,10,19,566,0,12.694224132711751
2010,10,20,455,0,12.539618247177359
2010,10,21,604,0,10.586251915763183
2010,10,22,332,0,6.679979841249843
2010,10,23,153,0,5.484553533643673
2010,11,0,473,0,6.362235067437379
2010,11,1,217,0,7.516516516516517
2010,11,2,348,0,10.011764705882353
2010,11,3,173,0,18.142857142857142
2010,11,4,73,0,3.7017543859649122
2010,11,5,601,0,3.1695632798573974
2010,11,6,1457,0,3.485295614124351
2010,11,7,850,0,4.153067427906854
2010,11,8,604,0,5.09211006305696
2010,11,9,1626,0,6.019948879160913
2010,11,10,684,0,6.935375191424196
2010,11,11,1120,0,7.499986239920742
2010,11,12,1086,0,8.244474252055753
2010,11,13,534,0,9.104234704985847
2010,11,14,679,0,9.88239792017128
2010,11,15,993,0,10.45732206163076
2010,11,16,423,0,11.454590111827088
2010,11,17,872,0,12.18022193745399
2010,11,18,343,0,12.351205992015046
2010,11,19,806,0,12.22724992160552
2010,11,20,744,0,13.04640654901127
2010,11,21,745,0,10.54777878513146
2010,11,22,357,0,6.7129448572545956
2010,11,23,237,0,7.305025321386833
2010,12,0,798,0,16.35545385202136
2010,12,1,656,0,12.962800875273523
2010,12,2,267,0,15.117647058823529
2010,12,4,171,0,18.451219512195124
2010,12,5,1170,0,6.966541196152238
2010,12,6,905,0,6.353158347241187
2010,12,7,811,0,8.013884430176565
2010,12,8,1445,0,9.231980807343277
2010,12,9,709,0,10.858870606504016
2010,12,10,586,0,12.662818527382797
2010,12,11,573,0,13.725672479234282
2010,12,12,659,0,14.976820512820513
2010,12,13,1218,0,16.00620423676709
2010,12,14,1267,0,17.62463440373888
2010,12,15,1079,0,18.339895613954766
2010,12,16,1136,0,19.072763231691116
2010,12,17,1181,0,19.598633158167015
2010,12,18,891,0,20.117231112765165
2010,12,19,1144,0,21.60001899094765
2010,12,20,738,0,23.017638514214568
2010,12,21,376,0,18.770124891801657
2010,12,22,591,0,13.432492307692307
2010,12,23,424,0,12.789269325803035
2011,1,0,330,0,7.509416195856874
2011,1,1,146,0,6.2321899736147754
2011,1,2,483,0,13.114285714285714
2011,1,3,148,0,26.142857142857142
2011,1,4,84,0,5.897435897435898
2011,1,5,644,0,6.5838308457711445
2011,1,6,943,0,5.439679325362701
2011,1,7,884,0,6.202255068060992
2011,1,8,569,0,7.523314447592068
2011,1,9,780,0,9.042738985731702
2011,1,10,534,0,10.415901683461412
2011,1,11,638,0,11.17150036954915
2011,1,12,560,0,11.874694219132227
2011,1,13,1034,0,12.249083047562248
2011,1,14,510,0,12.818154801215163
2011,1,15,1070,0,13.80827284989402
2011,1,16,1216,0,13.556615956408075
2011,1,17,780,0,14.305799291068627
2011,1,18,917,0,14.410440663637324
2011,1,19,1068,0,15.135096710200033
2011,1,20,969,0,15.845165204920294
2011,1,21,449,0,13.549930167597765
2011,1,22,1046,0,8.802441067368672
2011,1,23,250,0,8.30686198920586
2011,2,0,214,0,8.828759604829857
2011,2,1,242,0,9.014662756598241
2011,2,2,77,0,3.3125
2011,2,3,168,0,33.0
2011,2,4,192,0,11.462686567164178
2011,2,5,914,0,5.090085141444658
2011,2,6,774,0,5.843501961841436
2011,2,7,763,0,6.177482760842946
2011,2,8,635,0,7.60925591503168
2011,2,9,600,0,8.845522772422926
2011,2,10,667,0,9.836572525908023
2011,2,11,530,0,11.218251643559201
2011,2,12,620,0,11.951331562701888
2011,2,13,1005,0,12.704044178433254
2011,2,14,539,0,13.743030214567217
2011,2,15,442,0,14.307446354980815
2011,2,16,1167,0,15.37251241590645
2011,2,17,1040,0,15.69915428716227
2011,2,18,1169,0,17.391968369641056
2011,2,19,987,0,17.242013207210423
2011,2,20,812,0,18.115747700078167
2011,2,21,730,0,16.44465595036661
2011,2,22,343,0,11.326556224899598
2011,2,23,657,0,10.83044982698962
2011,3,0,498,0,8.813620071684587
2011,3,1,314,0,4.476351351351352
2011,3,2,896,0,31.341463414634145
2011,3,3,135,0,13.62
2011,3,4,116,0,8.0
2011,3,5,675,0,3.763047138047138
2011,3,6,1545,0,3.901653404488493
2011,3,7,755,0,5.130338207684375
2011,3,8,852,0,6.925110362301805
2011,3,9,1318,0,8.233679525222552
2011,3,10,829,0,9.292378187613844
2011,3,11,632,0,10.517541893179398
2011,3,12,730,0,11.535638149967559
2011,3,13,1067,0,12.334960826615193
2011,3,14,1399,0,12.818578145922212
2011,3,15,487,0,13.523457901846015
2011,3,16,1157,0,14.78491156963891
2011,3,17,864,0,15.281115016231588
2011,3,18,976,0,16.78178913738019
2011,3,19,429,0,16.40376249265138
2011,3,20,909,0,17.182231711845525
2011,3,21,935,0,15.700424714329053
2011,3,22,747,0,11.030061799518172
2011,3,23,696,0,10.173039352497907
2011,4,0,277,0,12.081328751431844
2011,4,1,164,0,6.817204301075269
2011,4,2,27,0,0.9333333333333333
2011,4,3,177,0,14.873684210526315
2011,4,4,76,0,4.153846153846154
2011,4,5,453,0,3.707902044938147
2011,4,6,902,0,4.553316642765124
2011,4,7,805,0,5.454697518817953
2011,4,8,844,0,7.514313361825659
2011,4,9,737,0,8.542248299429382
2011,4,10,592,0,10.327460048000937
2011,4,11,1092,0,11.394878391019645
2011,4,12,658,0,12.720991528082836
2011,4,13,1046,0,13.547017732401935
2011,4,14,1011,0,15.516891453767345
2011,4,15,893,0,16.52488268905417
2011,4,16,939,0,18.22223958496109
2011,4,17,498,0,18.75056244591866
2011,4,18,870,0,19.405554100078596
2011,4,19,878,0,20.4031868347156
2011,4,20,751,0,20.492137208019127
2011,4,21,1113,0,18.70377221007791
2011,4,22,885,0,14.456117596195417
2011,4,23,651,0,11.007376807317792
2011,5,0,183,0,7.526806526806527
2011,5,1,171,0,5.087603305785124
2011,5,2,167,0,6.135135135135135
2011,5,3,95,0,6.0
2011,5,4,77,0,5.6
2011,5,5,382,0,4.197179788484136
2011,5,6,898,0,4.642355723047365
2011,5,7,1638,0,6.045289902969093
2011,5,8,974,0,7.098892047719
2011,5,9,785,0,8.186529455262509
2011,5,10,486,0,8.95434671512123
2011,5,11,1150,0,10.395052032201061
2011,5,12,704,0,11.696422730381515
2011,5,13,1077,0,12.856083001705514
2011,5,14,1116,0,15.047895321565239
2011,5,15,1026,0,16.949420826005216
2011,5,16,980,0,18.28966957153232
2011,5,17,1032,0,19.875692727427744
2011,5,18,918,0,21.242941858966095
2011,5,19,941,0,21.86016619464069
2011,5,20,780,0,21.579187840924984
2011,5,21,1145,0,19.923797409805736
2011,5,22,370,0,14.670157068062828
2011,5,23,333,0,11.206042296072507
2011,6,0,145,0,9.552136752136752
2011,6,1,156,0,6.290584415584416
2011,6,2,321,0,9.654320987654321
2011,6,3,234,0,25.27027027027027
2011,6,4,94,0,7.8
2011,6,5,497,0,5.100193423597679
2011,6,6,1100,0,5.4754823439405165
2011,6,7,832,0,6.545271213609804
2011,6,8,958,0,7.648848213821434
2011,6,9,869,0,8.97816317297542
2011,6,10,723,0,9.68742685169704
2011,6,11,1205,0,10.860368805439741
2011,6,12,1210,0,11.444354693950817
2011,6,13,604,0,12.852386880120429
2011,6,14,1004,0,14.78494155682666
2011,6,15,915,0,16.34549394443125
2011,6,16,992,0,18.209548260896142
2011,6,17,871,0,20.294403078725008
2011,6,18,1155,0,21.490738383195417
2011,6,19,1074,0,23.57382591216422
2011,6,20,932,0,22.50106480073015
2011,6,21,998,0,21.075049701789265
2011,6,22,950,0,19.633488766426453
2011,6,23,918,0,17.579872204472842
2011,7,0,484,0,10.09202958093673
2011,7,1,196,0,8.298136645962733
2011,7,2,149,0,8.112903225806452
2011,7,3,188,0,29.252032520325205
2011,7,5,824,0,4.4865277071682765
2011,7,6,811,0,4.631776666431875
2011,7,7,994,0,6.095843872439617
2011,7,8,892,0,7.486938479614029
2011,7,9,978,0,9.246362367948974
2011,7,10,874,0,10.039530174159578
2011,7,11,1236,0,11.126626425217975
2011,7,12,614,0,11.906529033725757
2011,7,13,1126,0,13.071500588136448
2011,7,14,596,0,16.53939559108527
2011,7,15,1010,0,17.12471558589306
2011,7,16,977,0,19.60053205961486
2011,7,17,1173,0,21.906838059899286
2011,7,18,956,0,21.99236098224779
2011,7,19,967,0,23.301938065517962
2011,7,20,1189,0,21.51199369189907
2011,7,21,398,0,20.756198578384733
2011,7,22,850,0,17.1853344077357
2011,7,23,638,0,14.070671378091873
2011,8,0,218,0,8.464046021093
2011,8,1,288,0,7.863716814159292
2011,8,2,180,0,15.022222222222222
2011,8,3,213,0,34.445544554455445
2011,8,5,527,0,4.262735042735042
2011,8,6,1123,0,4.1559108944022185
2011,8,7,808,0,5.6774610414291145
2011,8,8,910,0,7.0837327318861005
2011,8,9,981,0,7.895574455816636
2011,8,10,907,0,8.846442775077332
2011,8,11,702,0,9.501589026212141
2011,8,12,632,0,10.443307585888864
2011,8,13,723,0,12.173339679695374
2011,8,14,1075,0,14.3932384341637
2011,8,15,995,0,15.38808941470906
2011,8,16,969,0,16.877500676874945
2011,8,17,967,0,18.131633282385433
2011,8,18,876,0,19.590345645861305
2011,8,19,992,0,19.541209461107048
2011,8,20,804,0,19.533405358686256
2011,8,21,381,0,18.43993658994833
2011,8,22,505,0,15.44467691317293
2011,8,23,273,0,13.169045830202855
2011,9,0,157,0,3.57429718875502
2011,9,1,185,0,3.625570776255708
2011,9,2,21,0,1.3333333333333333
2011,9,3,179,0,9.128205128205128
2011,9,5,581,0,3.136018237082067
2011,9,6,866,0,3.442555973198235
2011,9,7,934,0,4.5749723451327435
2011,9,8,1386,0,4.928532296060921
2011,9,9,914,0,5.896089049338147
2011,9,10,574,0,6.108692471985722
2011,9,11,581,0,6.954076824218192
2011,9,12,1210,0,7.995931379990891
2011,9,13,746,0,8.52057137969378
2011,9,14,1062,0,9.990106421062908
2011,9,15,803,0,10.29547242902972
2011,9,16,936,0,11.933950253082012
2011,9,17,867,0,12.327570858340751
2011,9,18,861,0,13.66158557103439
2011,9,19,769,0,13.7705908008186
2011,9,20,790,0,13.693166951796316
2011,9,21,316,0,11.397570629179747
2011,9,22,718,0,8.964093743281015
2011,9,23,537,0,6.7111184645929844
2011,10,0,162,0,5.459610027855153
2011,10,1,224,0,3.6324324324324326
2011,10,2,0,0,0.0
2011,10,3,174,0,6.454545454545454
2011,10,4,102,0,51.0
2011,10,5,483,0,3.449645390070922
2011,10,6,676,0,3.184140991765219
2011,10,7,1401,0,3.9158472873409242
2011,10,8,647,0,4.649439297903462
2011,10,9,761,0,6.092398312038448
2011,10,10,928,0,6.668682323161299
2011,10,11,1224,0,7.173541527499443
2011,10,12,1294,0,7.922158718818837
2011,10,13,1254,0,8.69649570538679
2011,10,14,525,0,9.565458922288748
2011,10,15,955,0,9.731872286380955
2011,10,16,1200,0,10.831317104912893
2011,10,17,966,0,10.581711469782121
2011,10,18,786,0,11.200668896321071
2011,10,19,745,0,10.496957602721801
2011,10,20,739,0,10.594098265335788
2011,10,21,320,0,9.252973830293419
2011,10,22,667,0,6.24008328995315
2011,10,23,201,0,6.6241234221598875
2011,11,0,146,0,6.6386969397828235
2011,11,1,197,0,4.920716112531969
2011,11,2,39,0,3.3333333333333335
2011,11,3,46,0,2.4074074074074074
2011,11,4,133,0,4.2784810126582276
2011,11,5,566,0,3.317870201096892
2011,11,6,946,0,3.8192490802856525
2011,11,7,980,0,4.233102453102453
2011,11,8,1371,0,5.714909420803448
2011,11,9,1131,0,6.077047547921334
2011,11,10,485,0,7.294019581097875
2011,11,11,660,0,7.409313079872391
2011,11,12,777,0,8.360953389150868
2011,11,13,1117,0,9.245678829960113
2011,11,14,469,0,10.006857323431822
2011,11,15,941,0,10.083089716104723
2011,11,16,804,0,10.787828685892341
2011,11,17,926,0,10.971088241983171
2011,11,18,846,0,11.027747630417482
2011,11,19,770,0,11.058358560376725
2011,11,20,807,0,11.09377990430622
2011,11,21,262,0,9.43790192926045
2011,11,22,840,0,6.883576992850283
2011,11,23,183,0,6.633174386920981
2011,12,0,157,0,6.028928850664582
2011,12,1,110,0,5.624798711755234
2011,12,2,471,0,11.041237113402062
2011,12,3,32,0,5.909090909090909
2011,12,4,178,0,6.5963302752293576
2011,12,5,953,0,6.361526658995014
2011,12,6,1024,0,5.006686420012062
2011,12,7,819,0,5.503749090705613
2011,12,8,923,0,5.951970065063807
2011,12,9,669,0,7.037579102060403
2011,12,10,737,0,8.55085283018868
2011,12,11,638,0,8.370386340117282
2011,12,12,1228,0,8.892419139607295
2011,12,13,1397,0,9.685933249480797
2011,12,14,1061,0,10.378232597165203
2011,12,15,944,0,10.777860422999806
2011,12,16,853,0,11.288849591056936
2011,12,17,945,0,11.521582033964258
2011,12,18,981,0,12.187814615518139
2011,12,19,822,0,12.180690435013968
2011,12,20,619,0,12.406608002656483
2011,12,21,640,0,11.55319016495487
2011,12,22,704,0,7.097979692243275
2011,12,23,231,0,6.226152874289324
2012,1,0,506,0,7.033142857142857
2012,1,1,185,0,8.616564417177914
2012,1,2,60,0,6.71830985915493
2012,1,3,62,0,23.0
2012,1,4,89,0,2.9051094890510947
2012,1,5,542,0,5.196010740314538
2012,1,6,918,0,4.633272904755264
2012,1,7,812,0,5.190000858049938
2012,1,8,912,0,6.3344828553004175
2012,1,9,1463,0,6.825123976999604
2012,1,10,1179,0,8.771064941376586
2012,1,11,1198,0,8.895695793813244
2012,1,12,1132,0,9.160440689943147
2012,1,13,1063,0,9.934823907642846
2012,1,14,1458,0,10.369110754810064
2012,1,15,1061,0,10.966648615933488
2012,1,16,1364,0,11.513799633665519
2012,1,17,980,0,12.056090132341446
2012,1,18,1172,0,12.628554398513376
2012,1,19,762,0,12.077041447830595
2012,1,20,1247,0,12.079921577672701
2012,1,21,1126,0,10.568146316063524
2012,1,22,974,0,6.637706855791962
2012,1,23,558,0,6.8044572250179725
2012,2,0,169,0,5.4642409033877035
2012,2,1,657,0,5.8728522336769755
2012,2,2,38,0,4.435897435897436
2012,2,3,0,0,0.0
2012,2,4,76,0,9.925925925925926
2012,2,5,519,0,3.8678613627412366
2012,2,6,832,0,4.130287361193524
2012,2,7,833,0,4.664646109695745
2012,2,8,903,0,5.603423597113896
2012,2,9,1274,0,6.0141038761673276
2012,2,10,576,0,6.713661661920787
2012,2,11,600,0,6.913331137921744
2012,2,12,1138,0,7.282071387174854
2012,2,13,1117,0,8.080782444520104
2012,2,14,1163,0,8.81086807706099
2012,2,15,1107,0,9.512589459986987
2012,2,16,1049,0,9.51566320044333
2012,2,17,1136,0,9.197169891739835
2012,2,18,1065,0,10.120194384449244
2012,2,19,405,0,9.873181093998937
2012,2,20,366,0,9.495154983849947
2012,2,21,1039,0,8.903621533442088
2012,2,22,315,0,5.4108674928503335
2012,2,23,877,0,6.060660445082555
2012,3,0,258,0,8.107959743824336
2012,3,1,828,0,11.946067415730337
2012,3,2,61,0,4.444444444444445
2012,3,3,39,0,1.8214285714285714
2012,3,4,166,0,10.28
2012,3,5,561,0,4.599080459770115
2012,3,6,1467,0,4.718852763011497
2012,3,7,893,0,5.710504403118771
2012,3,8,702,0,6.972474423715953
2012,3,9,1563,0,7.940079023201925
2012,3,10,1282,0,8.71084156483622
2012,3,11,1200,0,9.257274375784629
2012,3,12,1399,0,10.435792349726777
2012,3,13,615,0,11.679302437505308
2012,3,14,1147,0,13.117400861160458
2012,3,15,1043,0,13.37310130367181
2012,3,16,1088,0,14.331567890641182
2012,3,17,1099,0,14.77086176130996
2012,3,18,1059,0,15.157426206465718
2012,3,19,781,0,15.486768090002556
2012,3,20,850,0,14.178434295523331
2012,3,21,907,0,13.15284402728625
2012,3,22,583,0,9.587863214073927
2012,3,23,744,0,10.189936775553214
2012,4,0,181,0,6.453663793103448
2012,4,1,249,0,5.668280871670702
2012,4,2,5,0,0.1724137931034483
2012,4,3,89,0,2.7666666666666666
2012,4,4,114,0,5.916666666666667
2012,4,5,530,0,2.8028885606433613
2012,4,6,941,0,3.581099126861839
2012,4,7,864,0,4.55621067103802
2012,4,8,812,0,5.188968202465931
2012,4,9,996,0,5.954071681092283
2012,4,10,1202,0,6.672331992072548
2012,4,11,683,0,7.165513648073639
2012,4,12,1198,0,8.123421213979153
2012,4,13,1068,0,8.271687743765513
2012,4,14,1052,0,9.880236338626984
2012,4,15,1026,0,9.913522537562605
2012,4,16,1492,0,10.285718655369651
2012,4,17,836,0,10.584045425446043
2012,4,18,1051,0,10.58133986312551
2012,4,19,933,0,10.900738939893158
2012,4,20,927,0,11.209842154131847
2012,4,21,1147,0,10.251988807812586
2012,4,22,716,0,7.475294117647059
2012,4,23,240,0,7.535921736472027
2012,5,0,211,0,6.183943089430894
2012,5,1,128,0,5.327354260089686
2012,5,2,30,0,1.9589041095890412
2012,5,3,43,0,0.9848484848484849
2012,5,5,698,0,4.352932551319648
2012,5,6,1831,0,4.172445255474453
2012,5,7,837,0,4.890826383623957
2012,5,8,877,0,5.737554263664289
2012,5,9,1433,0,7.101891362011302
2012,5,10,755,0,8.282432747175964
2012,5,11,1347,0,8.603671471308132
2012,5,12,1144,0,9.486737714624038
2012,5,13,1102,0,10.653167919516193
2012,5,14,1264,0,11.601387004372079
2012,5,15,1029,0,12.157377712288001
2012,5,16,839,0,12.24403428605561
2012,5,17,1150,0,14.146844327466141
2012,5,18,1222,0,14.682200606761956
2012,5,19,919,0,15.187818528593315
2012,5,20,811,0,14.892897513187641
2012,5,21,916,0,13.890690626827583
2012,5,22,705,0,9.233054148811842
2012,5,23,519,0,7.357453416149069
2012,6,0,789,0,13.709756097560975
2012,6,1,342,0,10.879569892473118
2012,6,2,223,0,10.136
2012,6,3,161,0,6.7625
2012,6,4,20,0,1.59375
2012,6,5,839,0,5.268731152864764
2012,6,6,978,0,4.863514334920474
2012,6,7,1012,0,5.972375834047304
2012,6,8,1435,0,6.965974683544304
2012,6,9,1270,0,8.207986302562466
2012,6,10,1526,0,9.318408380501817
2012,6,11,1157,0,9.64870314614811
2012,6,12,1085,0,10.997039885257408
2012,6,13,1038,0,12.215841246375163
2012,6,14,1038,0,14.224328879258456
2012,6,15,1187,0,15.682277372262774
2012,6,16,1216,0,16.7005718829322
2012,6,17,1176,0,17.943119412092432
2012,6,18,1114,0,18.198211484154378
2012,6,19,1013,0,19.775099547098694
2012,6,20,1324,0,19.375679406436028
2012,6,21,923,0,18.360079474247286
2012,6,22,874,0,14.126064118819054
2012,6,23,821,0,14.585319949811794
2012,7,0,737,0,12.815766923736076
2012,7,1,282,0,9.713101160862355
2012,7,2,273,0,6.965753424657534
2012,7,3,189,0,17.193548387096776
2012,7,5,624,0,5.999414039610922
2012,7,6,910,0,5.962428027715429
2012,7,7,931,0,7.834081279614912
2012,7,8,756,0,8.876308396111485
2012,7,9,926,0,10.615811255947522
2012,7,10,1235,0,11.445863438824754
2012,7,11,1174,0,11.864805025876622
2012,7,12,607,0,13.735224309197996
2012,7,13,660,0,15.068113058409878
2012,7,14,1000,0,17.685386581089915
2012,7,15,1030,0,18.98668419247914
2012,7,16,1543,0,21.23623962040332
2012,7,17,1242,0,24.08511305711672
2012,7,18,1096,0,25.202603195942437
2012,7,19,1324,0,26.780517843005015
2012,7,20,968,0,26.874829988047644
2012,7,21,1066,0,24.71848780969302
2012,7,22,632,0,19.341550522648085
2012,7,23,583,0,17.027338664682908
2012,8,0,554,0,8.613861386138614
2012,8,1,187,0,11.657534246575343
2012,8,2,148,0,7.083333333333333
2012,8,3,203,0,22.482758620689655
2012,8,4,4,0,0.5714285714285714
2012,8,5,874,0,5.128740112346669
2012,8,6,932,0,4.880964251882136
2012,8,7,871,0,6.4648881325391665
2012,8,8,900,0,7.882471658153731
2012,8,9,738,0,8.487890242195157
2012,8,10,1358,0,10.040592459129329
2012,8,11,524,0,10.184984754003791
2012,8,12,646,0,11.493252105984201
2012,8,13,1070,0,13.429912007868783
2012,8,14,1107,0,15.610940906145053
2012,8,15,984,0,16.76802241657468
2012,8,16,1024,0,17.654365904365903
2012,8,17,1057,0,18.816075382318108
2012,8,18,1166,0,19.628321274396548
2012,8,19,1435,0,19.789658882717305
2012,8,20,1170,0,20.938224770444453
2012,8,21,788,0,18.572279089199917
2012,8,22,833,0,14.448475918592873
2012,8,23,780,0,15.412768520377433
2012,9,0,291,0,6.994630872483222
2012,9,1,338,0,9.169278996865204
2012,9,2,22,0,1.9166666666666667
2012,9,3,0,0,0.0
2012,9,4,69,0,3.8333333333333335
2012,9,5,724,0,4.218775289991907
2012,9,6,1445,0,3.9885519180558346
2012,9,7,913,0,5.175234480292653
2012,9,8,1474,0,6.475777160559769
2012,9,9,1296,0,7.097721457292555
2012,9,10,752,0,8.321165872338081
2012,9,11,1171,0,8.317064606741573
2012,9,12,1147,0,9.35080340121645
2012,9,13,1606,0,10.461247798170351
2012,9,14,1089,0,11.7294955599408
2012,9,15,1373,0,12.557108492433239
2012,9,16,975,0,12.841305860639618
2012,9,17,1366,0,14.133340825443206
2012,9,18,1447,0,14.990375969895767
2012,9,19,944,0,14.204465097484594
2012,9,20,924,0,13.989104437948445
2012,9,21,959,0,11.907127166219185
2012,9,22,672,0,9.672430016466715
2012,9,23,435,0,7.289181899910099
2012,10,0,719,0,8.938364779874213
2012,10,1,203,0,7.468965517241379
2012,10,2,179,0,10.064516129032258
2012,10,3,32,0,1.103448275862069
2012,10,4,0,0,0.0
2012,10,5,585,0,4.526078234704112
2012,10,6,1432,0,4.310567476552281
2012,10,7,1533,0,5.1901453272515115
2012,10,8,981,0,6.820215410107705
2012,10,9,732,0,7.749696053138807
2012,10,10,760,0,9.21675050985724
2012,10,11,1310,0,9.556285449704827
2012,10,12,595,0,10.67024570948977
2012,10,13,1147,0,10.3610317666407
2012,10,14,1107,0,12.019040945649525
2012,10,15,1042,0,12.51833556110885
2012,10,16,943,0,12.676163286929393
2012,10,17,879,0,13.781766209493444
2012,10,18,1208,0,14.375228915662651
2012,10,19,894,0,14.15540121947243
2012,10,20,825,0,14.636317498984978
2012,10,21,717,0,12.740352428472178
2012,10,22,597,0,9.747742465110825
2012,10,23,280,0,8.138613861386139
2012,11,0,158,0,4.845261121856867
2012,11,1,1418,0,9.62530413625304
2012,11,2,60,0,4.714285714285714
2012,11,3,43,0,2.6666666666666665
2012,11,4,96,0,2.126984126984127
2012,11,5,490,0,6.168101129639592
2012,11,6,1556,0,5.352403462808976
2012,11,7,1441,0,5.431252653927813
2012,11,8,1306,0,6.941225815180625
2012,11,9,817,0,6.951166542566393
2012,11,10,1255,0,7.83274498935146
2012,11,11,739,0,7.952186976367944
2012,11,12,1485,0,8.798120006266645
2012,11,13,1085,0,9.285497961560862
2012,11,14,1079,0,10.269714539175617
2012,11,15,1124,0,9.970288807553901
2012,11,16,965,0,10.737875569044006
2012,11,17,1220,0,11.04606776676418
2012,11,18,872,0,11.997600479904019
2012,11,19,705,0,11.202255389718076
2012,11,20,1302,0,11.513084309380606
2012,11,21,700,0,10.21378331289927
2012,11,22,1054,0,7.876713920520567
2012,11,23,316,0,7.651944444444444
2012,12,0,343,0,10.347450980392157
2012,12,1,186,0,9.188861985472155
2012,12,2,183,0,8.239669421487603
2012,12,3,83,0,18.47826086956522
2012,12,4,100,0,6.323943661971831
2012,12,5,1068,0,7.519518486672399
2012,12,6,1077,0,7.03947257679899
2012,12,7,851,0,7.729277906684185
2012,12,8,1542,0,8.840660961935674
2012,12,9,741,0,10.202961077658452
2012,12,10,1385,0,11.83030267820833
2012,12,11,564,0,12.488863796753705
2012,12,12,1252,0,13.744724176231026
2012,12,13,1066,0,14.242395963955557
2012,12,14,1345,0,15.404248739911562
2012,12,15,1073,0,15.821737000061248
2012,12,16,1615,0,16.44523418990341
2012,12,17,1126,0,17.150049331286997
2012,12,18,1183,0,18.956274106917558
2012,12,19,875,0,17.963018152262258
2012,12,20,845,0,18.37764574823617
2012,12,21,841,0,19.455512509028825
2012,12,22,703,0,13.871078084453881
2012,12,23,1088,0,15.585564304461942
